city,lat,lng,country,iso2,admin,capital,population,population_proper
Helsinki,60.175556,24.934167,Finland,FI,Uusimaa,primary,1115000,558457
Tampere,61.5,23.75,Finland,FI,Pirkanmaa,admin,259279,202687
Turku,60.45,22.283333,Finland,FI,Varsinais-Suomi,admin,175945,174940
Oulu,65.016667,25.466667,Finland,FI,Pohjois-Pohjanmaa,admin,136752,128618
Lahti,60.966667,25.666667,Finland,FI,Päijät-Häme,admin,98826,96190
Jyväskylä,62.233333,25.733333,Finland,FI,Keski-Suomi,admin,98136,85026
Kuopio,62.9,27.683333,Finland,FI,Pohjois-Savo,admin,91900,89104
Pori,61.483333,21.783333,Finland,FI,Satakunta,admin,76772,66280
Lappeenranta,61.066667,28.183333,Finland,FI,Etelä-Karjala,admin,59276,49757
Vaasa,63.1,21.6,Finland,FI,Pohjanmaa,admin,57014,40846
Joensuu,62.6,29.766667,Finland,FI,Pohjois-Karjala,admin,53388,53388
Hämeenlinna,61.0,24.45,Finland,FI,Kanta-Häme,admin,47261,47261
Kokkola,63.833333,23.116667,Finland,FI,Keski-Pohjanmaa,admin,46714,46714
Mikkeli,61.683333,27.25,Finland,FI,Etelä-Savo,admin,46550,46550
Rovaniemi,66.5,25.716667,Finland,FI,Lappi,admin,34781,25389
Kouvola,60.866667,26.7,Finland,FI,Kymenlaakso,admin,31133,31133
Savonlinna,61.866667,28.883333,Finland,FI,Etelä-Savo,minor,27353,13114
Kemi,65.733333,24.566667,Finland,FI,Lappi,minor,22641,11479
Porvoo,60.4,25.666667,Finland,FI,Uusimaa,minor,12242,12242
Kirkonkylä,67.4,26.65,Finland,FI,Lappi,,8942,4091
Kemijärvi,66.666667,27.416667,Finland,FI,Lappi,minor,8883,8883
Sodankylä,67.416667,26.6,Finland,FI,Lappi,minor,,
Kangasala,61.466667,24.083333,Finland,FI,Pirkanmaa,minor,,
Varkaus,62.316667,27.916667,Finland,FI,Pohjois-Savo,minor,,
Kuusamo,65.966667,29.183333,Finland,FI,Pohjois-Pohjanmaa,minor,,
Teuva,62.483333,21.733333,Finland,FI,Etelä-Pohjanmaa,minor,,
Saarijärvi,62.716667,25.266667,Finland,FI,Keski-Suomi,minor,,
Lemland,60.083333,20.1,Finland,FI,Åland,minor,,
Simpele,61.433333,29.366667,Finland,FI,Etelä-Karjala,minor,,
Lumijoki,64.833333,25.183333,Finland,FI,Pohjois-Pohjanmaa,minor,,
Urjala,61.083333,23.533333,Finland,FI,Pirkanmaa,minor,,
Geta,60.383333,19.85,Finland,FI,Åland,minor,,
Laukaa,62.416667,25.95,Finland,FI,Keski-Suomi,minor,,
Ingå,60.05,24.016667,Finland,FI,Uusimaa,minor,,
Laitila,60.883333,21.683333,Finland,FI,Varsinais-Suomi,minor,,
Kitee,62.1,30.15,Finland,FI,Pohjois-Karjala,minor,,
Kaustinen,63.533333,23.7,Finland,FI,Keski-Pohjanmaa,minor,,
Honkajoki,61.983333,22.266667,Finland,FI,Satakunta,minor,,
Kauhajoki,62.433333,22.183333,Finland,FI,Etelä-Pohjanmaa,minor,,
Lieksa,63.316667,30.016667,Finland,FI,Pohjois-Karjala,minor,,
Sonkajärvi,63.666667,27.516667,Finland,FI,Pohjois-Savo,minor,,
Suonenjoki,62.616667,27.133333,Finland,FI,Pohjois-Savo,minor,,
Enontekiö,68.383333,23.633333,Finland,FI,Lappi,minor,,
Nastola,60.95,25.933333,Finland,FI,Päijät-Häme,minor,,
Kyyjärvi,63.033333,24.566667,Finland,FI,Keski-Suomi,minor,,
Vårdö,60.246066,20.373934,Finland,FI,Åland,minor,,
Savukoski,67.2925,28.158056,Finland,FI,Lappi,minor,,
Sipoo,60.366667,25.266667,Finland,FI,Uusimaa,minor,,
Siilinjärvi,63.083333,27.666667,Finland,FI,Pohjois-Savo,minor,,
Tuusniemi,62.816667,28.5,Finland,FI,Pohjois-Savo,minor,,
Masku,60.566667,22.1,Finland,FI,Varsinais-Suomi,minor,,
Ranua,65.916667,26.533333,Finland,FI,Lappi,minor,,
Lapua,62.95,23.0,Finland,FI,Etelä-Pohjanmaa,minor,,
Nivala,63.916667,24.966667,Finland,FI,Pohjois-Pohjanmaa,minor,,
Nummela,60.333333,24.333333,Finland,FI,Uusimaa,minor,,
Pelkosenniemi,67.110833,27.510556,Finland,FI,Lappi,minor,,
Brändö,60.416667,21.05,Finland,FI,Åland,minor,,
Pulkkila,64.266667,25.866667,Finland,FI,Pohjois-Pohjanmaa,minor,,
Pudasjärvi,65.383333,26.916667,Finland,FI,Pohjois-Pohjanmaa,minor,,
Haapajärvi,63.75,25.333333,Finland,FI,Pohjois-Pohjanmaa,minor,,
Harjavalta,61.316667,22.133333,Finland,FI,Satakunta,minor,,
Karstula,62.866667,24.783333,Finland,FI,Keski-Suomi,minor,,
Kauniainen,60.217222,24.7425,Finland,FI,Uusimaa,minor,,
Korsnäs,62.783333,21.2,Finland,FI,Pohjanmaa,minor,,
Ruokolahti,61.283333,28.833333,Finland,FI,Etelä-Karjala,minor,,
Jomala,60.15,19.966667,Finland,FI,Åland,minor,,
Loimaa,60.866667,22.983333,Finland,FI,Varsinais-Suomi,minor,,
Muhos,64.8,25.983333,Finland,FI,Pohjois-Pohjanmaa,minor,,
Rautalampi,62.633333,26.833333,Finland,FI,Pohjois-Savo,minor,,
Rautavaara,63.483333,28.3,Finland,FI,Pohjois-Savo,minor,,
Lohja,60.25,24.083333,Finland,FI,Uusimaa,minor,,
Taipalsaari,61.15,28.05,Finland,FI,Etelä-Karjala,minor,,
Imatra,61.166667,28.766667,Finland,FI,Etelä-Karjala,minor,,
Jämijärvi,61.816667,22.7,Finland,FI,Satakunta,minor,,
Raseborg,59.983333,23.65,Finland,FI,Uusimaa,minor,,
Karkkila,60.533333,24.183333,Finland,FI,Uusimaa,minor,,
Kalajoki,64.25,23.95,Finland,FI,Pohjois-Pohjanmaa,minor,,
Puumala,61.533333,28.183333,Finland,FI,Etelä-Savo,minor,,
Uusikaupunki,60.8,21.416667,Finland,FI,Varsinais-Suomi,minor,,
Soini,62.866667,24.216667,Finland,FI,Etelä-Pohjanmaa,minor,,
Pihtipudas,63.383333,25.566667,Finland,FI,Keski-Suomi,minor,,
Toijala,61.166667,23.866667,Finland,FI,Pirkanmaa,minor,,
Lemi,61.05,27.8,Finland,FI,Etelä-Karjala,minor,,
Savitaipale,61.2,27.7,Finland,FI,Etelä-Karjala,minor,,
Karvia,62.133333,22.566667,Finland,FI,Satakunta,minor,,
Ilmajoki,62.733333,22.566667,Finland,FI,Etelä-Pohjanmaa,minor,,
Orimattila,60.8,25.75,Finland,FI,Päijät-Häme,minor,,
Oripää,60.85,22.683333,Finland,FI,Varsinais-Suomi,minor,,
Kankaanpää,61.8,22.416667,Finland,FI,Satakunta,minor,,
Vantaa,60.3,24.85,Finland,FI,Uusimaa,minor,,
Pielavesi,63.233333,26.75,Finland,FI,Pohjois-Savo,minor,,
Kronoby,63.716667,23.033333,Finland,FI,Pohjanmaa,minor,,
Kivijärvi,63.116667,25.1,Finland,FI,Keski-Suomi,minor,,
Juva,61.9,27.85,Finland,FI,Etelä-Savo,minor,,
Polvijärvi,62.85,29.366667,Finland,FI,Pohjois-Karjala,minor,,
Polvijärvi,62.416667,28.333333,Finland,FI,Etelä-Savo,minor,,
Lappträsk,60.633333,26.216667,Finland,FI,Uusimaa,minor,,
Luvia,61.35,21.616667,Finland,FI,Satakunta,minor,,
Taivalkoski,65.566667,28.25,Finland,FI,Pohjois-Pohjanmaa,minor,,
Ypäjä,60.8,23.283333,Finland,FI,Kanta-Häme,minor,,
Joutsa,61.733333,26.116667,Finland,FI,Keski-Suomi,minor,,
Malax,62.933333,21.566667,Finland,FI,Pohjanmaa,minor,,
Mynämäki,60.666667,22.0,Finland,FI,Varsinais-Suomi,minor,,
Ikaalinen,61.766667,23.05,Finland,FI,Pirkanmaa,minor,,
Pertunmaa,61.5,26.483333,Finland,FI,Etelä-Savo,minor,,
Järvenpää,60.466667,25.1,Finland,FI,Uusimaa,minor,,
Kannus,63.9,23.9,Finland,FI,Keski-Pohjanmaa,minor,,
Nurmijärvi,60.466667,24.8,Finland,FI,Uusimaa,minor,,
Sottunga,60.133333,20.666667,Finland,FI,Åland,minor,,
Hämeenkyrö,61.633333,23.2,Finland,FI,Pirkanmaa,minor,,
Ödkarby,60.3,19.983333,Finland,FI,Åland,minor,,
Tammela,60.8,23.766667,Finland,FI,Kanta-Häme,minor,,
Multia,62.416667,24.783333,Finland,FI,Keski-Suomi,minor,,
Vieremä,63.75,27.016667,Finland,FI,Pohjois-Savo,minor,,
Liminka,64.816667,25.4,Finland,FI,Pohjois-Pohjanmaa,minor,,
Kiuruvesi,63.65,26.616667,Finland,FI,Pohjois-Savo,minor,,
Kauhava,63.1,23.083333,Finland,FI,Etelä-Pohjanmaa,minor,,
Hyvinkää,60.633333,24.866667,Finland,FI,Uusimaa,minor,,
Outokumpu,62.733333,29.016667,Finland,FI,Pohjois-Karjala,minor,,
Kristinestad,62.283333,21.383333,Finland,FI,Pohjanmaa,minor,,
Nousiainen,60.616667,22.133333,Finland,FI,Varsinais-Suomi,minor,,
Iisalmi,63.566667,27.183333,Finland,FI,Pohjois-Savo,minor,,
Hammarland,60.216667,19.75,Finland,FI,Åland,minor,,
Pieksämäki,62.3,27.133333,Finland,FI,Etelä-Savo,minor,,
Hyrynsalmi,64.666667,28.533333,Finland,FI,Kainuu,minor,,
Lappajärvi,63.2,23.633333,Finland,FI,Etelä-Pohjanmaa,minor,,
Suomussalmi,64.9,29.0,Finland,FI,Kainuu,minor,,
Tuusula,60.416667,25.033333,Finland,FI,Uusimaa,minor,,
Kaskinen,62.383333,21.216667,Finland,FI,Pohjanmaa,minor,,
Hankasalmi,62.383333,26.433333,Finland,FI,Keski-Suomi,minor,,
Muonio,67.95,23.7,Finland,FI,Lappi,minor,,
Maaninka,63.15,27.3,Finland,FI,Pohjois-Savo,minor,,
Eckerö,60.2,19.616667,Finland,FI,Åland,minor,,
Heinävesi,62.433333,28.6,Finland,FI,Etelä-Savo,minor,,
Kannonkoski,62.966667,25.25,Finland,FI,Keski-Suomi,minor,,
Kyrö,60.7,22.75,Finland,FI,Varsinais-Suomi,minor,,
Kirkkonummi,60.116667,24.433333,Finland,FI,Uusimaa,minor,,
Larsmo,63.75,22.8,Finland,FI,Pohjanmaa,minor,,
Askola,60.533333,25.6,Finland,FI,Uusimaa,minor,,
Forssa,60.816667,23.633333,Finland,FI,Kanta-Häme,minor,,
Mänttä,62.033333,24.633333,Finland,FI,Pirkanmaa,minor,,
Utsjoki,69.883333,27.0,Finland,FI,Lappi,minor,,
Parola,61.05,24.366667,Finland,FI,Kanta-Häme,minor,,
Äänekoski,62.6,25.733333,Finland,FI,Keski-Suomi,minor,,
Halsua,63.466667,24.166667,Finland,FI,Keski-Pohjanmaa,minor,,
Ilomantsi,62.666667,30.916667,Finland,FI,Pohjois-Karjala,minor,,
Alavus,62.583333,23.616667,Finland,FI,Etelä-Pohjanmaa,minor,,
Taivassalo,60.566667,21.6,Finland,FI,Varsinais-Suomi,minor,,
Lestijärvi,63.533333,24.65,Finland,FI,Keski-Pohjanmaa,minor,,
Haapavesi,64.133333,25.366667,Finland,FI,Pohjois-Pohjanmaa,minor,,
Punkalaidun,61.116667,23.1,Finland,FI,Pirkanmaa,minor,,
Uurainen,62.5,25.45,Finland,FI,Keski-Suomi,minor,,
Pyhäjoki,64.466667,24.233333,Finland,FI,Pohjois-Pohjanmaa,minor,,
Köyliö,61.116667,22.35,Finland,FI,Satakunta,minor,,
Kittilä,67.666667,24.9,Finland,FI,Lappi,minor,,
Bennäs,63.6,22.8,Finland,FI,Pohjanmaa,minor,,
Simo,65.666667,25.05,Finland,FI,Lappi,minor,,
Huittinen,61.183333,22.7,Finland,FI,Satakunta,minor,,
Ruovesi,61.983333,24.083333,Finland,FI,Pirkanmaa,minor,,
Keitele,63.183333,26.366667,Finland,FI,Pohjois-Savo,minor,,
Dalsbruk,60.033333,22.516667,Finland,FI,Varsinais-Suomi,minor,,
Loppi,60.716667,24.45,Finland,FI,Kanta-Häme,minor,,
Pyhäranta,60.95,21.45,Finland,FI,Varsinais-Suomi,minor,,
Lieto,60.5,22.45,Finland,FI,Varsinais-Suomi,minor,,
Kempele,64.916667,25.5,Finland,FI,Pohjois-Pohjanmaa,minor,,
Aura,60.6,22.566667,Finland,FI,Varsinais-Suomi,minor,,
Riihimäki,60.75,24.766667,Finland,FI,Kanta-Häme,minor,,
Kustavi,60.55,21.35,Finland,FI,Varsinais-Suomi,minor,,
Liperi,62.533333,29.366667,Finland,FI,Pohjois-Karjala,minor,,
Kokemäki,61.25,22.35,Finland,FI,Satakunta,minor,,
Luhanka,61.783333,25.7,Finland,FI,Keski-Suomi,minor,,
Veteli,63.466667,23.766667,Finland,FI,Keski-Pohjanmaa,minor,,
Konnevesi,62.616667,26.316667,Finland,FI,Keski-Suomi,minor,,
Perho,63.216667,24.416667,Finland,FI,Keski-Pohjanmaa,minor,,
Rusko,60.533333,22.216667,Finland,FI,Varsinais-Suomi,minor,,
Nakkila,61.366667,22.0,Finland,FI,Satakunta,minor,,
Reisjärvi,63.616667,24.9,Finland,FI,Pohjois-Pohjanmaa,minor,,
Godby,60.233333,20.0,Finland,FI,Åland,minor,,
Jämsä,61.866667,25.2,Finland,FI,Keski-Suomi,minor,,
Vörå,63.15,22.25,Finland,FI,Pohjanmaa,minor,,
Hollola,61.0,25.5,Finland,FI,Päijät-Häme,minor,,
Jokioinen,60.816667,23.466667,Finland,FI,Kanta-Häme,minor,,
Närpes,62.466667,21.333333,Finland,FI,Pohjanmaa,minor,,
Seinäjoki,62.8,22.833333,Finland,FI,Etelä-Pohjanmaa,admin,,
Petäjävesi,62.25,25.2,Finland,FI,Keski-Suomi,minor,,
Rauma,61.133333,21.5,Finland,FI,Satakunta,minor,,
Ii,65.316667,25.366667,Finland,FI,Pohjois-Pohjanmaa,minor,,
Säkylä,61.033333,22.333333,Finland,FI,Satakunta,minor,,
Kangasniemi,61.983333,26.633333,Finland,FI,Etelä-Savo,minor,,
Siuntio,60.183333,24.2,Finland,FI,Uusimaa,minor,,
Hamina,60.566667,27.2,Finland,FI,Kymenlaakso,minor,,
Pälkäne,61.333333,24.266667,Finland,FI,Pirkanmaa,minor,,
Kärsämäki,63.966667,25.766667,Finland,FI,Pohjois-Pohjanmaa,minor,,
Kuortane,62.8,23.5,Finland,FI,Etelä-Pohjanmaa,minor,,
Vimpeli,63.15,23.8,Finland,FI,Etelä-Pohjanmaa,minor,,
Koski Tl,60.65,23.15,Finland,FI,Varsinais-Suomi,minor,,
Kausala,60.9,26.366667,Finland,FI,Kymenlaakso,minor,,
Björby,60.257222,20.134167,Finland,FI,Åland,minor,,
Alavieska,64.166667,24.3,Finland,FI,Pohjois-Pohjanmaa,minor,,
Sysmä,61.5,25.683333,Finland,FI,Päijät-Häme,minor,,
Tervola,66.083333,24.8,Finland,FI,Lappi,minor,,
Kajaani,64.233333,27.683333,Finland,FI,Kainuu,admin,,
Rantasalmi,62.066667,28.3,Finland,FI,Etelä-Savo,minor,,
Hanko,59.833333,22.95,Finland,FI,Uusimaa,minor,,
Sastamala,61.33333,22.9,Finland,FI,Pirkanmaa,minor,,
Mäntsälä,60.633333,25.316667,Finland,FI,Uusimaa,minor,,
Ivalo,68.65,27.6,Finland,FI,Lappi,minor,,
Parikkala,61.55,29.5,Finland,FI,Etelä-Karjala,minor,,
Pargas,60.3,22.3,Finland,FI,Varsinais-Suomi,minor,,
Siikainen,61.866667,21.833333,Finland,FI,Satakunta,minor,,
Hirvensalmi,61.633333,26.8,Finland,FI,Etelä-Savo,minor,,
Kuhmoinen,61.566667,25.183333,Finland,FI,Keski-Suomi,minor,,
Jalasjärvi,62.5,22.75,Finland,FI,Etelä-Pohjanmaa,minor,,
Turenki,60.916667,24.633333,Finland,FI,Kanta-Häme,minor,,
Kotka,60.466667,26.916667,Finland,FI,Kymenlaakso,minor,,
Evijärvi,63.366667,23.483333,Finland,FI,Etelä-Pohjanmaa,minor,,
Isokyrö,63.0,22.316667,Finland,FI,Pohjanmaa,minor,,
Hartola,61.583333,26.016667,Finland,FI,Päijät-Häme,minor,,
Vääksy,61.183333,25.55,Finland,FI,Päijät-Häme,minor,,
Vaala,64.566667,26.833333,Finland,FI,Kainuu,minor,,
Virrat,62.233333,23.783333,Finland,FI,Pirkanmaa,minor,,
Keuruu,62.266667,24.7,Finland,FI,Keski-Suomi,minor,,
Tornio,65.84816,24.176639,Finland,FI,Lappi,minor,,
Pornainen,60.466667,25.383333,Finland,FI,Uusimaa,minor,,
Pukkila,60.65,25.566667,Finland,FI,Uusimaa,minor,,
Isojoki,62.116667,21.966667,Finland,FI,Etelä-Pohjanmaa,minor,,
Pello,66.775996,23.961632,Finland,FI,Lappi,minor,,
Kurikka,62.616667,22.416667,Finland,FI,Etelä-Pohjanmaa,minor,,
Järvelä,60.866667,25.283333,Finland,FI,Päijät-Häme,minor,,
Merijärvi,64.3,24.45,Finland,FI,Pohjois-Pohjanmaa,minor,,
Tohmajärvi,62.183333,30.383333,Finland,FI,Pohjois-Karjala,minor,,
Toholampi,63.766667,24.25,Finland,FI,Keski-Pohjanmaa,minor,,
Muurame,62.133333,25.666667,Finland,FI,Keski-Suomi,minor,,
Sievi,63.9,24.5,Finland,FI,Pohjois-Pohjanmaa,minor,,
Naantali,60.45,22.033333,Finland,FI,Varsinais-Suomi,minor,,
Lumparland,60.116667,20.25,Finland,FI,Åland,minor,,
Leppävirta,62.483333,27.783333,Finland,FI,Pohjois-Savo,minor,,
Oulainen,64.266667,24.8,Finland,FI,Pohjois-Pohjanmaa,minor,,
Jakobstad,63.666667,22.7,Finland,FI,Pohjanmaa,minor,,
Joroinen,62.183333,27.833333,Finland,FI,Etelä-Savo,minor,,
Salo,60.383333,23.133333,Finland,FI,Varsinais-Suomi,minor,,
Laihia,62.966667,22.016667,Finland,FI,Pohjanmaa,minor,,
Lovisa,60.45,26.233333,Finland,FI,Uusimaa,minor,,
Myrskylä,60.666667,25.85,Finland,FI,Uusimaa,minor,,
Kuhmo,64.133333,29.516667,Finland,FI,Kainuu,minor,,
Kontiolahti,62.766667,29.85,Finland,FI,Pohjois-Karjala,minor,,
Paltamo,64.416667,27.833333,Finland,FI,Kainuu,minor,,
Pirkkala,61.466667,23.566667,Finland,FI,Pirkanmaa,minor,,
Karlby,59.916667,20.9,Finland,FI,Åland,minor,,
Hämeenkoski,61.033333,25.15,Finland,FI,Päijät-Häme,minor,,
Nurmes,63.55,29.116667,Finland,FI,Pohjois-Karjala,minor,,
Toivakka,62.1,26.083333,Finland,FI,Keski-Suomi,minor,,
Tarvasjoki,60.583333,22.733333,Finland,FI,Varsinais-Suomi,minor,,
Nokia,61.466667,23.5,Finland,FI,Pirkanmaa,minor,,
Korsholm,63.116667,21.716667,Finland,FI,Pohjanmaa,minor,,
Hailuoto,65.0,24.716667,Finland,FI,Pohjois-Pohjanmaa,minor,,
Sulkava,61.783333,28.383333,Finland,FI,Etelä-Savo,minor,,
Humppila,60.933333,23.366667,Finland,FI,Kanta-Häme,minor,,
Ristijärvi,64.5,28.216667,Finland,FI,Kainuu,minor,,
Kumlinge,60.266667,20.783333,Finland,FI,Åland,minor,,
Ruukki,64.666667,25.1,Finland,FI,Pohjois-Pohjanmaa,minor,,
Eura,61.133333,22.133333,Finland,FI,Satakunta,minor,,
Salla,66.833333,28.666667,Finland,FI,Lappi,minor,,
Eurajoki,61.2,21.733333,Finland,FI,Satakunta,minor,,
Föglö,60.013033,20.427541,Finland,FI,Åland,minor,,
Kimito,60.166667,22.75,Finland,FI,Varsinais-Suomi,minor,,
Kihniö,62.2,23.183333,Finland,FI,Pirkanmaa,minor,,
Posio,66.1,28.15,Finland,FI,Lappi,minor,,
Lempäälä,61.316667,23.75,Finland,FI,Pirkanmaa,minor,,
Kinnula,63.366667,24.966667,Finland,FI,Keski-Suomi,minor,,
Åva,60.45,21.083333,Finland,FI,Åland,minor,,
Utajärvi,64.75,26.383333,Finland,FI,Pohjois-Pohjanmaa,minor,,
Valtimo,63.666667,28.8,Finland,FI,Pohjois-Karjala,minor,,
Paimio,60.45,22.7,Finland,FI,Varsinais-Suomi,minor,,
Karijoki,62.3,21.7,Finland,FI,Etelä-Pohjanmaa,minor,,
Keminmaa,65.816667,24.533333,Finland,FI,Lappi,minor,,
Kolari,67.333333,23.8,Finland,FI,Lappi,minor,,
Kaavi,62.983333,28.5,Finland,FI,Pohjois-Savo,minor,,
Mariehamn,60.1,19.95,Finland,FI,Åland,admin,,
Raisio,60.483333,22.183333,Finland,FI,Varsinais-Suomi,minor,,
Enonkoski,62.083333,28.933333,Finland,FI,Etelä-Savo,minor,,
Korkeakoski,61.8,24.366667,Finland,FI,Pirkanmaa,minor,,
Kaarina,60.416667,22.416667,Finland,FI,Varsinais-Suomi,minor,,
Orivesi,61.683333,24.35,Finland,FI,Pirkanmaa,minor,,
Mäntyharju,61.416667,26.883333,Finland,FI,Etelä-Savo,minor,,
Alajärvi,63.0,23.816667,Finland,FI,Etelä-Pohjanmaa,minor,,
Puolanka,64.866667,27.666667,Finland,FI,Kainuu,minor,,
Virolahti,60.516667,27.683056,Finland,FI,Kymenlaakso,minor,,
Tyrnävä,64.766667,25.65,Finland,FI,Pohjois-Pohjanmaa,minor,,
Heinola,61.216667,26.033333,Finland,FI,Päijät-Häme,minor,,
Ähtäri,62.566667,24.1,Finland,FI,Etelä-Pohjanmaa,minor,,
Siltakylä,60.5,26.716667,Finland,FI,Kymenlaakso,minor,,
Oitti,60.783333,25.033333,Finland,FI,Kanta-Häme,minor,,
Marttila,60.583333,22.9,Finland,FI,Varsinais-Suomi,minor,,
Vesanto,62.933333,26.416667,Finland,FI,Pohjois-Savo,minor,,
Kerava,60.4,25.116667,Finland,FI,Uusimaa,minor,,
Ulvila,61.433333,21.883333,Finland,FI,Satakunta,minor,,
Padasjoki,61.35,25.283333,Finland,FI,Päijät-Häme,minor,,
Juankoski,63.066667,28.35,Finland,FI,Pohjois-Savo,minor,,
Espoo,60.216667,24.666667,Finland,FI,Uusimaa,minor,,
Parkano,62.016667,23.016667,Finland,FI,Pirkanmaa,minor,,
Merikarvia,61.85,21.5,Finland,FI,Satakunta,minor,,
Raahe,64.683333,24.483333,Finland,FI,Pohjois-Pohjanmaa,minor,,
Tervo,62.95,26.75,Finland,FI,Pohjois-Savo,minor,,
Lapinlahti,63.366667,27.4,Finland,FI,Pohjois-Savo,minor,,
Viitasaari,63.066667,25.866667,Finland,FI,Keski-Suomi,minor,,
Vesilahti,61.316667,23.616667,Finland,FI,Pirkanmaa,minor,,
Sotkamo,64.133333,28.416667,Finland,FI,Kainuu,minor,,
Sauvo,60.35,22.7,Finland,FI,Varsinais-Suomi,minor,,
Ylivieska,64.083333,24.55,Finland,FI,Pohjois-Pohjanmaa,minor,,
Vinkkilä,60.683333,21.716667,Finland,FI,Varsinais-Suomi,minor,,
Pyhäntä,64.1,26.316667,Finland,FI,Pohjois-Pohjanmaa,minor,,
Pyhäsalmi,63.683333,25.983333,Finland,FI,Pohjois-Pohjanmaa,minor,,
Miehikkälä,60.666667,27.7,Finland,FI,Kymenlaakso,minor,,
Valkeakoski,61.266667,24.033333,Finland,FI,Pirkanmaa,minor,,
Ylöjärvi,61.55,23.6,Finland,FI,Pirkanmaa,minor,,
Juuka,63.233333,29.25,Finland,FI,Pohjois-Karjala,minor,,
Ylitornio,66.316779,23.680747,Finland,FI,Lappi,minor,,
Pomarkku,61.7,22.0,Finland,FI,Satakunta,minor,,
Somero,60.616667,23.533333,Finland,FI,Varsinais-Suomi,minor,,
Rääkkylä,62.316667,29.616667,Finland,FI,Pohjois-Karjala,minor,,
Nykarleby,63.533333,22.533333,Finland,FI,Pohjanmaa,minor,,
Lavia,61.6,22.6,Finland,FI,Satakunta,minor,,
Taavetti,60.916667,27.566667,Finland,FI,Etelä-Karjala,minor,,
