city,lat,lng,country,iso2,admin,capital,population,population_proper
Athens,37.983333,23.733333,Greece,GR,Attikí,primary,3242000,729137
Thessaloníki,40.643615,22.930864,Greece,GR,Kentrikí Makedonía,admin,828000,354290
Piraeus,37.961389,23.638889,Greece,GR,Attikí,minor,466065,175697
Pátra,38.244444,21.734444,Greece,GR,Dytikí Elláda,admin,163360,155799
Irákleio,35.338082,25.133029,Greece,GR,Kríti,admin,137154,131654
Lárisa,39.636889,22.417611,Greece,GR,Thessalía,admin,128758,111487
Áno Vólos,39.379361,22.981806,Greece,GR,Thessalía,,110632,84425
Ioánnina,39.664861,20.851889,Greece,GR,Ípeiros,admin,86304,64012
Chaniá,35.511236,24.02921,Greece,GR,Kríti,minor,78728,54565
Agrínio,38.621889,21.409778,Greece,GR,Dytikí Elláda,minor,75233,43525
Chalkída,38.461451,23.602631,Greece,GR,Stereá Elláda,minor,71842,54558
Kalámi,37.062286,22.070569,Greece,GR,Peloponnísos,,71823,51108
Kavála,40.939586,24.406868,Greece,GR,Anatolikí Makedonía kai Thráki,minor,59240,52950
Ródos,36.435564,28.221985,Greece,GR,Notío Aigaío,minor,56969,56128
Sérres,41.084991,23.54757,Greece,GR,Kentrikí Makedonía,minor,55886,45935
Kateríni,40.269557,22.506078,Greece,GR,Kentrikí Makedonía,minor,53293,48408
Alexandroúpoli,40.849949,25.876435,Greece,GR,Anatolikí Makedonía kai Thráki,minor,52979,44444
Xánthi,41.134876,24.887998,Greece,GR,Anatolikí Makedonía kai Thráki,minor,50570,48221
Lamía,38.9,22.433333,Greece,GR,Stereá Elláda,admin,47246,47246
Komotiní,41.119174,25.40535,Greece,GR,Anatolikí Makedonía kai Thráki,admin,45631,45631
Kérkyra,39.620694,19.91975,Greece,GR,Ionía Nísia,admin,38517,27003
Mytilíni,39.11,26.554722,Greece,GR,Voreío Aigaío,admin,29328,28322
Trípoli,37.508889,22.379444,Greece,GR,Peloponnísos,admin,28970,26561
Chíos,38.368621,26.132356,Greece,GR,Voreío Aigaío,minor,26891,23953
Pýrgos,37.672139,21.439306,Greece,GR,Dytikí Elláda,minor,22399,22223
Kos,36.892607,27.287574,Greece,GR,Notío Aigaío,minor,19244,18691
Spárti,37.074459,22.430091,Greece,GR,Peloponnísos,minor,16187,15497
Ermoúpoli,37.45,24.933333,Greece,GR,Notío Aigaío,admin,12260,12260
Siteía,35.208507,26.103024,Greece,GR,Kríti,minor,8833,8707
Polýgyros,40.37704,23.441354,Greece,GR,Kentrikí Makedonía,minor,5258,5258
Megalópoli,37.401421,22.13689,Greece,GR,Peloponnísos,minor,,
Cholargós,38.00095,23.80079,Greece,GR,Attikí,minor,,
Náousa,40.630001,22.068374,Greece,GR,Kentrikí Makedonía,minor,,
Ágios Nikólaos,35.191064,25.715244,Greece,GR,Kríti,minor,,
Agía Kyriakí,39.522639,20.883583,Greece,GR,Ípeiros,minor,,
Póros,37.500076,23.454955,Greece,GR,Attikí,minor,,
Palaió Fáliro,37.930198,23.702602,Greece,GR,Attikí,minor,,
Palaióchora,35.231328,23.681271,Greece,GR,Kríti,minor,,
Melíssia,38.051158,23.836204,Greece,GR,Attikí,minor,,
Agía Marína,37.154351,26.855903,Greece,GR,Notío Aigaío,minor,,
Íos,36.723273,25.28246,Greece,GR,Notío Aigaío,minor,,
Níkiti,40.229439,23.67149,Greece,GR,Kentrikí Makedonía,minor,,
Ílion,38.032332,23.702161,Greece,GR,Attikí,minor,,
Kastrí,34.83453,24.086424,Greece,GR,Kríti,minor,,
Kárystos,38.016833,24.421111,Greece,GR,Stereá Elláda,minor,,
Pezá,35.21806,25.192926,Greece,GR,Kríti,minor,,
Kalamáta,37.035586,22.112982,Greece,GR,Peloponnísos,minor,,
Itháki,38.362583,20.721833,Greece,GR,Ionía Nísia,minor,,
Mandráki,36.61038,27.132234,Greece,GR,Notío Aigaío,minor,,
Asprópyrgos,38.061713,23.589444,Greece,GR,Attikí,minor,,
Geráni,35.516772,23.878027,Greece,GR,Kríti,minor,,
Paranésti,41.266801,24.501991,Greece,GR,Anatolikí Makedonía kai Thráki,minor,,
Kálymnos,36.95258,26.980644,Greece,GR,Notío Aigaío,minor,,
Kyparissía,37.250733,21.669551,Greece,GR,Peloponnísos,minor,,
Výronas,37.959554,23.752897,Greece,GR,Attikí,minor,,
Pérama,35.369525,24.703879,Greece,GR,Kríti,minor,,
Pérama,37.966223,23.573917,Greece,GR,Attikí,minor,,
Zográfos,37.975744,23.769113,Greece,GR,Attikí,minor,,
Mílos,36.743605,24.422496,Greece,GR,Notío Aigaío,minor,,
Thérmi,40.547953,23.020184,Greece,GR,Kentrikí Makedonía,minor,,
Áno Kalentíni,39.251528,21.167944,Greece,GR,Ípeiros,minor,,
Alíartos,38.372662,23.101288,Greece,GR,Stereá Elláda,minor,,
Asklipieío,37.5975,23.074736,Greece,GR,Peloponnísos,minor,,
Igoumenítsa,39.503417,20.267278,Greece,GR,Ípeiros,minor,,
Sofádes,39.334365,22.097337,Greece,GR,Thessalía,minor,,
Kastélli,35.208387,25.338395,Greece,GR,Kríti,minor,,
Íasmos,41.127895,25.184382,Greece,GR,Anatolikí Makedonía kai Thráki,minor,,
Spáta,37.962471,23.915008,Greece,GR,Attikí,minor,,
Árgos Orestikó,40.452491,21.259247,Greece,GR,Dytikí Makedonía,minor,,
Argostóli,38.172889,20.490278,Greece,GR,Ionía Nísia,minor,,
Lefkáda,38.830361,20.704417,Greece,GR,Ionía Nísia,minor,,
Néa Smýrni,37.945391,23.714586,Greece,GR,Attikí,minor,,
Mégara,37.995758,23.344661,Greece,GR,Attikí,minor,,
Atalánti,38.653951,22.997011,Greece,GR,Stereá Elláda,minor,,
Alexándreia,40.627594,22.444484,Greece,GR,Kentrikí Makedonía,minor,,
Dáfni,37.950051,23.731164,Greece,GR,Attikí,minor,,
Astakós,38.537498,21.084073,Greece,GR,Dytikí Elláda,minor,,
Tzermiádo,35.199062,25.48892,Greece,GR,Kríti,minor,,
Neméa,37.819764,22.662855,Greece,GR,Peloponnísos,minor,,
Kilkís,40.99302,22.874331,Greece,GR,Kentrikí Makedonía,minor,,
Kalávryta,38.031944,22.110833,Greece,GR,Dytikí Elláda,minor,,
Ierápetra,35.010563,25.739502,Greece,GR,Kríti,minor,,
Ierissós,40.397723,23.877716,Greece,GR,Kentrikí Makedonía,minor,,
Orestiáda,41.506043,26.529641,Greece,GR,Anatolikí Makedonía kai Thráki,minor,,
Kaména Voúrla,38.780599,22.788433,Greece,GR,Stereá Elláda,minor,,
Skýdra,40.767621,22.156474,Greece,GR,Kentrikí Makedonía,minor,,
Árgos,37.635035,22.728503,Greece,GR,Peloponnísos,minor,,
Peristéri,38.009396,23.693942,Greece,GR,Attikí,minor,,
Aigínio,40.499666,22.542147,Greece,GR,Kentrikí Makedonía,minor,,
Maroúsi,38.053661,23.807692,Greece,GR,Attikí,minor,,
Péta,39.167673,21.035102,Greece,GR,Ípeiros,minor,,
Sykiés,40.647372,22.956349,Greece,GR,Kentrikí Makedonía,minor,,
Néa Zíchni,41.031224,23.828941,Greece,GR,Kentrikí Makedonía,minor,,
Giannitsá,40.792367,22.414839,Greece,GR,Kentrikí Makedonía,minor,,
Mouzáki,39.428778,21.662889,Greece,GR,Thessalía,minor,,
Velestíno,39.382081,22.745136,Greece,GR,Thessalía,minor,,
Pýlos,36.912844,21.696644,Greece,GR,Peloponnísos,minor,,
Káto Achaḯa,38.142028,21.550736,Greece,GR,Dytikí Elláda,minor,,
Vrilíssia,38.035407,23.831943,Greece,GR,Attikí,minor,,
Galatás,37.496076,23.448066,Greece,GR,Attikí,minor,,
Kónitsa,40.046135,20.750396,Greece,GR,Ípeiros,minor,,
Chalandrítsa,38.106616,21.783201,Greece,GR,Dytikí Elláda,minor,,
Deskáti,39.925272,21.810152,Greece,GR,Dytikí Makedonía,minor,,
Vrýses,35.454507,23.6004,Greece,GR,Kríti,minor,,
Síkinos,36.696522,25.119876,Greece,GR,Notío Aigaío,minor,,
Kifisiá,38.076703,23.820776,Greece,GR,Attikí,minor,,
Salamína,37.966546,23.491851,Greece,GR,Attikí,minor,,
Spétses,37.263875,23.155469,Greece,GR,Attikí,minor,,
Páros,37.084355,25.149176,Greece,GR,Notío Aigaío,minor,,
Skiáthos,39.165333,23.487306,Greece,GR,Thessalía,minor,,
Fillýra,41.121566,25.632418,Greece,GR,Anatolikí Makedonía kai Thráki,minor,,
Amýntaio,40.69033,21.679623,Greece,GR,Dytikí Makedonía,minor,,
Alivéri,38.410028,24.03825,Greece,GR,Stereá Elláda,minor,,
Sidirókastro,41.236068,23.39248,Greece,GR,Kentrikí Makedonía,minor,,
Néa Ionía,38.04142,23.752898,Greece,GR,Attikí,minor,,
Ágios Kírykos,37.612872,26.291092,Greece,GR,Voreío Aigaío,minor,,
Sápes,41.024762,25.696501,Greece,GR,Anatolikí Makedonía kai Thráki,minor,,
Rodolívos,40.921054,23.974641,Greece,GR,Kentrikí Makedonía,minor,,
Polýkastro,40.997539,22.570945,Greece,GR,Kentrikí Makedonía,minor,,
Filippiáda,39.204333,20.881583,Greece,GR,Ípeiros,minor,,
Irákleio,38.053994,23.77449,Greece,GR,Attikí,minor,,
Irákleia,41.182276,23.282221,Greece,GR,Kentrikí Makedonía,minor,,
Thebes,38.319927,23.319074,Greece,GR,Stereá Elláda,minor,,
Marathónas,38.156533,23.959951,Greece,GR,Attikí,minor,,
Gázi,35.32517,25.066222,Greece,GR,Kríti,minor,,
Sérifos,37.15,24.5,Greece,GR,Notío Aigaío,minor,,
Kórinthos,37.938465,22.927911,Greece,GR,Peloponnísos,minor,,
Litóchoro,40.098648,22.505356,Greece,GR,Kentrikí Makedonía,minor,,
Ampelókipoi,40.654038,22.91747,Greece,GR,Kentrikí Makedonía,minor,,
Loutráki,37.975001,22.979761,Greece,GR,Peloponnísos,minor,,
Álimos,37.914335,23.715868,Greece,GR,Attikí,minor,,
Kalamariá,40.578948,22.948475,Greece,GR,Kentrikí Makedonía,minor,,
Amfilochía,38.862365,21.166047,Greece,GR,Dytikí Elláda,minor,,
Mándra,38.0747,23.496944,Greece,GR,Attikí,minor,,
Zákynthos,37.780221,20.895551,Greece,GR,Ionía Nísia,minor,,
Sámos,37.757437,26.976157,Greece,GR,Voreío Aigaío,minor,,
Náfplio,37.568632,22.806912,Greece,GR,Peloponnísos,minor,,
Folégandros,36.62803,24.919944,Greece,GR,Notío Aigaío,minor,,
Elassóna,39.892889,22.188778,Greece,GR,Thessalía,minor,,
Acharnés,38.084728,23.73718,Greece,GR,Attikí,minor,,
Spercheiáda,38.908669,22.126835,Greece,GR,Stereá Elláda,minor,,
Métsovo,39.771247,21.183299,Greece,GR,Ípeiros,minor,,
Ágios Efstrátios,39.539104,24.990445,Greece,GR,Voreío Aigaío,minor,,
Ándros,37.833333,24.933333,Greece,GR,Notío Aigaío,minor,,
Palamás,39.464439,22.08249,Greece,GR,Thessalía,minor,,
Xylókastro,38.07712,22.633146,Greece,GR,Peloponnísos,minor,,
Istiaía,38.954437,23.149986,Greece,GR,Stereá Elláda,minor,,
Megálo Chorió,36.455083,27.346892,Greece,GR,Notío Aigaío,minor,,
Amaliáda,37.797167,21.349528,Greece,GR,Dytikí Elláda,minor,,
Psychikó,38.013057,23.772304,Greece,GR,Attikí,minor,,
Tríkala,39.554926,21.768369,Greece,GR,Thessalía,minor,,
Évlalo,40.981235,24.800107,Greece,GR,Anatolikí Makedonía kai Thráki,minor,,
Évosmos,40.669775,22.90879,Greece,GR,Kentrikí Makedonía,minor,,
Leonídio,37.167704,22.858153,Greece,GR,Peloponnísos,minor,,
Goúrnes,35.324771,25.277567,Greece,GR,Kríti,minor,,
Dístomo,38.42889,22.666746,Greece,GR,Stereá Elláda,minor,,
Paianía,37.95432,23.854138,Greece,GR,Attikí,minor,,
Lidoríki,38.527359,22.205085,Greece,GR,Stereá Elláda,minor,,
Alónnisos,39.149361,23.845361,Greece,GR,Thessalía,minor,,
Psará,38.541441,25.563014,Greece,GR,Voreío Aigaío,minor,,
Dráma,41.152831,24.147302,Greece,GR,Anatolikí Makedonía kai Thráki,minor,,
Prosotsáni,41.179377,23.971968,Greece,GR,Anatolikí Makedonía kai Thráki,minor,,
Skópelos,39.121667,23.727556,Greece,GR,Thessalía,minor,,
Chaïdári,38.007868,23.659713,Greece,GR,Attikí,minor,,
Antíparos,37.040429,25.08188,Greece,GR,Notío Aigaío,minor,,
Péfki,38.055583,23.79032,Greece,GR,Attikí,minor,,
Kranídi,37.37963,23.159581,Greece,GR,Peloponnísos,minor,,
Préveza,38.956167,20.7505,Greece,GR,Ípeiros,minor,,
Káto Nevrokópi,41.342114,23.868228,Greece,GR,Anatolikí Makedonía kai Thráki,minor,,
Zevgolatió,38.081529,22.619325,Greece,GR,Peloponnísos,minor,,
Archaía Olympía,37.646917,21.625639,Greece,GR,Dytikí Elláda,minor,,
Psachná,38.577536,23.643107,Greece,GR,Stereá Elláda,minor,,
Siátista,40.258261,21.552513,Greece,GR,Dytikí Makedonía,minor,,
Áno Sýros,37.45,24.933333,Greece,GR,Notío Aigaío,minor,,
Ágioi Déka,35.058216,24.960236,Greece,GR,Kríti,minor,,
Vólos,39.373027,22.942708,Greece,GR,Thessalía,minor,,
Korydallós,37.981097,23.651351,Greece,GR,Attikí,minor,,
Néa Filadélfeia,38.041867,23.7415,Greece,GR,Attikí,minor,,
Eleftheroúpoli,40.914913,24.254241,Greece,GR,Anatolikí Makedonía kai Thráki,minor,,
Kýthira,36.149229,22.987954,Greece,GR,Attikí,minor,,
Smínthi,41.228866,24.880445,Greece,GR,Anatolikí Makedonía kai Thráki,minor,,
Áno Liósia,38.084017,23.702293,Greece,GR,Attikí,minor,,
Rafína,38.023207,24.002594,Greece,GR,Attikí,minor,,
Kalývia Thorikoú,37.839079,23.927634,Greece,GR,Attikí,minor,,
Chrysó,41.058377,23.651399,Greece,GR,Kentrikí Makedonía,minor,,
Gérakas,38.013336,23.855994,Greece,GR,Attikí,minor,,
Édessa,40.802596,22.047514,Greece,GR,Kentrikí Makedonía,minor,,
Náfpaktos,38.393798,21.828368,Greece,GR,Dytikí Elláda,minor,,
Chóra Sfakíon,35.201807,24.139826,Greece,GR,Kríti,minor,,
Kímolos,36.793743,24.573874,Greece,GR,Notío Aigaío,minor,,
Ilioúpoli,37.930202,23.751406,Greece,GR,Attikí,minor,,
Kerasochóri,39.0045,21.639028,Greece,GR,Stereá Elláda,minor,,
Náxos,37.102069,25.378035,Greece,GR,Notío Aigaío,minor,,
Dimitsána,37.595672,22.039477,Greece,GR,Peloponnísos,minor,,
Nestório,40.413386,21.061162,Greece,GR,Dytikí Makedonía,minor,,
Metamórfosi,38.063904,23.761847,Greece,GR,Attikí,minor,,
Moscháto,37.954043,23.681454,Greece,GR,Attikí,minor,,
Kréstena,37.591528,21.617833,Greece,GR,Dytikí Elláda,minor,,
Prámanta,39.52198,21.098563,Greece,GR,Ípeiros,minor,,
Límni,38.765902,23.31946,Greece,GR,Stereá Elláda,minor,,
Meligalás,37.223725,21.96988,Greece,GR,Peloponnísos,minor,,
Anógeia,35.290667,24.883421,Greece,GR,Kríti,minor,,
Paramythiá,39.465417,20.513028,Greece,GR,Ípeiros,minor,,
Peraía,40.499003,22.926167,Greece,GR,Kentrikí Makedonía,minor,,
Kaisarianí,37.968142,23.759457,Greece,GR,Attikí,minor,,
Leipsoí,37.295857,26.769537,Greece,GR,Notío Aigaío,minor,,
Fársala,39.296306,22.384472,Greece,GR,Thessalía,minor,,
Kéa,37.633333,24.35,Greece,GR,Notío Aigaío,minor,,
Anthiró,39.34725,21.458556,Greece,GR,Thessalía,minor,,
Aigáleo,37.992527,23.678064,Greece,GR,Attikí,minor,,
Lagkadás,40.750484,23.065161,Greece,GR,Kentrikí Makedonía,minor,,
Eleoúsa,39.705861,20.79275,Greece,GR,Ípeiros,minor,,
Anáfi,36.350868,25.767118,Greece,GR,Notío Aigaío,minor,,
Argalastí,39.226139,23.217333,Greece,GR,Thessalía,minor,,
Livadeiá,38.436158,22.87665,Greece,GR,Stereá Elláda,minor,,
Kanaláki,39.233056,20.603139,Greece,GR,Ípeiros,minor,,
Skýros,38.906011,24.56556,Greece,GR,Stereá Elláda,minor,,
Makrychóri,39.804194,22.492278,Greece,GR,Thessalía,minor,,
Ýdra,37.346946,23.465725,Greece,GR,Attikí,minor,,
Didymóteicho,41.350129,26.498022,Greece,GR,Anatolikí Makedonía kai Thráki,minor,,
Kastoriá,40.521648,21.263407,Greece,GR,Dytikí Makedonía,minor,,
Thásos,40.778353,24.709417,Greece,GR,Anatolikí Makedonía kai Thráki,minor,,
Karpenísi,38.912178,21.798362,Greece,GR,Stereá Elláda,minor,,
Pýli,39.459606,21.622123,Greece,GR,Thessalía,minor,,
Zagorá,39.444417,23.101167,Greece,GR,Thessalía,minor,,
Farkadóna,39.59133,22.068624,Greece,GR,Thessalía,minor,,
Kardítsa,39.364848,21.921912,Greece,GR,Thessalía,minor,,
Frý,35.416178,26.9231,Greece,GR,Notío Aigaío,minor,,
Aígina,37.747641,23.43211,Greece,GR,Attikí,minor,,
Lechainá,37.937306,21.262139,Greece,GR,Dytikí Elláda,minor,,
Erétria,38.394338,23.794968,Greece,GR,Stereá Elláda,minor,,
Elefsína,38.045194,23.543821,Greece,GR,Attikí,minor,,
Kiáto,38.011807,22.749725,Greece,GR,Peloponnísos,minor,,
Gastoúni,37.850583,21.253389,Greece,GR,Dytikí Elláda,minor,,
Káto Tithoréa,38.608621,22.712961,Greece,GR,Stereá Elláda,minor,,
Ágioi Anárgyroi,38.032449,23.724739,Greece,GR,Attikí,minor,,
Spíli,35.216798,24.536112,Greece,GR,Kríti,minor,,
Amorgós,36.831809,25.898313,Greece,GR,Notío Aigaío,minor,,
Agiá,39.71875,22.755528,Greece,GR,Thessalía,minor,,
Agía Foteiní,35.254212,24.634203,Greece,GR,Kríti,minor,,
Thérmo,38.572861,21.666167,Greece,GR,Dytikí Elláda,minor,,
Oropós,38.301722,23.754167,Greece,GR,Attikí,minor,,
Koropí,37.900859,23.872306,Greece,GR,Attikí,minor,,
Oinoússes,38.515768,26.222474,Greece,GR,Voreío Aigaío,minor,,
Morfovoúni,39.352528,21.750435,Greece,GR,Thessalía,minor,,
Panórama,40.585316,23.028138,Greece,GR,Kentrikí Makedonía,minor,,
Oraiókastro,40.729566,22.916548,Greece,GR,Kentrikí Makedonía,minor,,
Kozáni,40.300685,21.788959,Greece,GR,Dytikí Makedonía,admin,,
Elafónisos,36.509021,22.978682,Greece,GR,Peloponnísos,minor,,
Grevená,40.084021,21.429096,Greece,GR,Dytikí Makedonía,minor,,
Skála,36.852386,22.666515,Greece,GR,Peloponnísos,minor,,
Árta,39.160139,20.985611,Greece,GR,Ípeiros,minor,,
Kassándreia,40.048701,23.413064,Greece,GR,Kentrikí Makedonía,minor,,
Kalampáka,39.706184,21.626047,Greece,GR,Thessalía,minor,,
Kalampáki,41.051399,24.1871,Greece,GR,Anatolikí Makedonía kai Thráki,minor,,
Sými,36.614478,27.836224,Greece,GR,Notío Aigaío,minor,,
Orchomenós,38.492114,22.978681,Greece,GR,Stereá Elláda,minor,,
Kárpathos,35.506479,27.21301,Greece,GR,Notío Aigaío,minor,,
Schimatári,38.346528,23.581229,Greece,GR,Stereá Elláda,minor,,
Chrysoúpoli,40.986661,24.699648,Greece,GR,Anatolikí Makedonía kai Thráki,minor,,
Voúla,37.845901,23.762577,Greece,GR,Attikí,minor,,
Filiátes,39.600056,20.309167,Greece,GR,Ípeiros,minor,,
Sérvia,40.184385,22.000485,Greece,GR,Dytikí Makedonía,minor,,
Tínos,37.537531,25.163434,Greece,GR,Notío Aigaío,minor,,
Týrnavos,39.740333,22.286889,Greece,GR,Thessalía,minor,,
Koufália,40.779878,22.57781,Greece,GR,Kentrikí Makedonía,minor,,
Samothráki,40.474338,25.525137,Greece,GR,Anatolikí Makedonía kai Thráki,minor,,
Asprángeloi,39.822639,20.727639,Greece,GR,Ípeiros,minor,,
Argyroúpoli,37.906165,23.750712,Greece,GR,Attikí,minor,,
Agía Paraskeví,38.013637,23.825535,Greece,GR,Attikí,minor,,
Aígio,38.249322,22.084838,Greece,GR,Dytikí Elláda,minor,,
Ágios Dimítrios,37.934177,23.729145,Greece,GR,Attikí,minor,,
Galátsi,38.013005,23.753293,Greece,GR,Attikí,minor,,
Astypálaia,36.547904,26.351977,Greece,GR,Notío Aigaío,minor,,
Ámfissa,38.52813,22.377131,Greece,GR,Stereá Elláda,minor,,
Gýtheio,36.762071,22.563789,Greece,GR,Peloponnísos,minor,,
Megísti,36.148344,29.591655,Greece,GR,Notío Aigaío,minor,,
Geniséa,41.060476,24.961796,Greece,GR,Anatolikí Makedonía kai Thráki,minor,,
Markópoulo,37.883333,23.933333,Greece,GR,Attikí,minor,,
Stavroúpoli,40.669203,22.931033,Greece,GR,Kentrikí Makedonía,minor,,
Zacháro,37.483583,21.6495,Greece,GR,Dytikí Elláda,minor,,
Agía Varvára,37.988313,23.660925,Greece,GR,Attikí,minor,,
Megálo Chorió,37.457757,26.972355,Greece,GR,Notío Aigaío,minor,,
Véroia,40.524368,22.202419,Greece,GR,Kentrikí Makedonía,minor,,
Moláoi,36.804176,22.853346,Greece,GR,Peloponnísos,minor,,
Mýkonos,37.45,25.333333,Greece,GR,Notío Aigaío,minor,,
Apollonía,36.974373,24.724006,Greece,GR,Notío Aigaío,minor,,
Réthymno,35.366868,24.474872,Greece,GR,Kríti,minor,,
Chalándri,38.021559,23.798919,Greece,GR,Attikí,minor,,
Gáios,39.196083,20.185778,Greece,GR,Ionía Nísia,minor,,
Mesolóngi,38.371378,21.431509,Greece,GR,Dytikí Elláda,minor,,
Flórina,40.78071,21.409274,Greece,GR,Dytikí Makedonía,minor,,
Stylída,38.914429,22.613769,Greece,GR,Stereá Elláda,minor,,
Laimós,40.835876,21.140355,Greece,GR,Dytikí Makedonía,minor,,
Moíres,35.051684,24.875012,Greece,GR,Kríti,minor,,
Kallithéa,37.954953,23.701001,Greece,GR,Attikí,minor,,
Souflí,41.194824,26.300171,Greece,GR,Anatolikí Makedonía kai Thráki,minor,,
Messíni,37.051106,22.008423,Greece,GR,Peloponnísos,minor,,
Firá,36.420718,25.43219,Greece,GR,Notío Aigaío,minor,,
Pátmos,37.308646,26.547423,Greece,GR,Notío Aigaío,minor,,
Lávrio,37.714389,24.053278,Greece,GR,Attikí,minor,,
Kalpáki,39.887056,20.624944,Greece,GR,Ípeiros,minor,,
Domokós,39.127459,22.303834,Greece,GR,Stereá Elláda,minor,,
Stavrós,40.663545,23.699785,Greece,GR,Kentrikí Makedonía,minor,,
Agkístri,37.709586,23.347153,Greece,GR,Attikí,minor,,
Vourgaréli,39.37175,21.183306,Greece,GR,Ípeiros,minor,,
Keratsíni,37.964318,23.619906,Greece,GR,Attikí,minor,,
Foúrnoi,37.576824,26.481504,Greece,GR,Voreío Aigaío,minor,,
Kýthnos,37.416667,24.433333,Greece,GR,Notío Aigaío,minor,,
Mýrina,39.879478,25.065005,Greece,GR,Voreío Aigaío,minor,,
Níkaia,39.564944,22.466,Greece,GR,Thessalía,minor,,
Ágios Stéfanos,38.140834,23.859089,Greece,GR,Attikí,minor,,
Néa Moudaniá,40.241123,23.286565,Greece,GR,Kentrikí Makedonía,minor,,
Kardamýli,36.88769,22.232668,Greece,GR,Peloponnísos,minor,,
Petroúpoli,38.039568,23.681172,Greece,GR,Attikí,minor,,
Aridaía,40.973004,22.060999,Greece,GR,Kentrikí Makedonía,minor,,
Vónitsa,38.916611,20.890417,Greece,GR,Dytikí Elláda,minor,,
Síndos,40.669752,22.806046,Greece,GR,Kentrikí Makedonía,minor,,
Kíssamos,35.494289,23.652784,Greece,GR,Kríti,minor,,
Almyrós,39.181541,22.758519,Greece,GR,Thessalía,minor,,
Chálki,36.222649,27.611277,Greece,GR,Notío Aigaío,minor,,
Ptolemaḯda,40.512124,21.678029,Greece,GR,Dytikí Makedonía,minor,,
Níkaia,37.973675,23.640226,Greece,GR,Attikí,minor,,
Nigríta,40.907565,23.500116,Greece,GR,Kentrikí Makedonía,minor,,
Áno Viánnos,35.053924,25.409959,Greece,GR,Kríti,minor,,
Glyfáda,37.863716,23.754249,Greece,GR,Attikí,minor,,
