city,lat,lng,country,iso2,admin,capital,population,population_proper
Guatemala,14.633426,-90.516722,Guatemala,GT,Guatemala,minor,1024000,994938
Quetzaltenango,14.834722,-91.518056,Guatemala,GT,Quetzaltenango,admin,575263,224703
San Luis,16.198889,-89.440278,Guatemala,GT,Petén,minor,132470,6776
Escuintla,14.305,-90.785,Guatemala,GT,Escuintla,admin,107638,103165
Huehuetenango,15.319722,-91.470833,Guatemala,GT,Huehuetenango,admin,85992,79426
Chimaltenango,14.661111,-90.819444,Guatemala,GT,Chimaltenango,admin,82370,82370
Totonicapán,14.911667,-91.361111,Guatemala,GT,Totonicapán,admin,69734,69734
Cobán,15.470833,-90.370833,Guatemala,GT,Alta Verapaz,admin,65194,53375
Mazatenango,14.534167,-91.503333,Guatemala,GT,Suchitepéquez,admin,64652,44132
Puerto Barrios,15.727778,-88.594444,Guatemala,GT,Izabal,admin,56605,53150
Jutiapa,14.291667,-89.895833,Guatemala,GT,Jutiapa,admin,50681,34332
Jalapa,14.634722,-89.988889,Guatemala,GT,Jalapa,admin,45834,45834
Sololá,14.772222,-91.183333,Guatemala,GT,Sololá,admin,45373,45373
Chiquimula,14.8,-89.545833,Guatemala,GT,Chiquimula,admin,41521,41521
Salamá,15.102778,-90.318056,Guatemala,GT,Baja Verapaz,admin,40000,40000
Antigua Guatemala,14.561111,-90.734444,Guatemala,GT,Sacatepéquez,admin,39368,39368
Flores,16.921667,-89.895278,Guatemala,GT,Petén,admin,38035,20464
Retalhuleu,14.536111,-91.677778,Guatemala,GT,Retalhuleu,admin,36656,36656
Zacapa,14.972222,-89.530556,Guatemala,GT,Zacapa,admin,36088,36088
San Marcos,14.963889,-91.794444,Guatemala,GT,San Marcos,admin,25088,25088
Santa Cruz del Quiché,15.030556,-91.148889,Guatemala,GT,Quiché,admin,23618,23618
San José,13.916667,-90.816666,Guatemala,GT,Escuintla,minor,18655,9841
Cuilapa,14.276389,-90.298889,Guatemala,GT,Santa Rosa,admin,16484,16484
Lívingston,15.833333,-88.75,Guatemala,GT,Izabal,minor,14350,10255
La Libertad,16.788497,-90.116978,Guatemala,GT,Petén,minor,8646,8523
Quezaltepeque,14.633333,-89.45,Guatemala,GT,Chiquimula,minor,,
Mixco,14.633333,-90.606389,Guatemala,GT,Guatemala,minor,,
Huité,14.933333,-89.716667,Guatemala,GT,Zacapa,minor,,
Huitán,15.049201,-91.639439,Guatemala,GT,Quetzaltenango,minor,,
Magdalena Milpas Altas,14.545278,-90.675278,Guatemala,GT,Sacatepéquez,minor,,
Tecpán Guatemala,14.766944,-90.994167,Guatemala,GT,Chimaltenango,minor,,
Tectitán,15.333333,-92.033333,Guatemala,GT,Huehuetenango,minor,,
San Jorge,14.933333,-89.583333,Guatemala,GT,Zacapa,minor,,
Concepción Las Minas,14.516667,-89.45,Guatemala,GT,Chiquimula,minor,,
San Sebastián Huehuetenango,15.387681,-91.615299,Guatemala,GT,Huehuetenango,minor,,
Lanquín,15.566667,-89.966667,Guatemala,GT,Alta Verapaz,minor,,
El Rodeo,14.916667,-91.966667,Guatemala,GT,San Marcos,minor,,
San José Chacayá,14.766667,-91.216667,Guatemala,GT,Sololá,minor,,
San Juan Ostuncalco,14.873285,-91.689703,Guatemala,GT,Quetzaltenango,minor,,
Zunilito,14.616667,-91.516667,Guatemala,GT,Suchitepéquez,minor,,
Zunil,14.783333,-91.483333,Guatemala,GT,Quetzaltenango,minor,,
San Andrés Villa Seca,14.566667,-91.583333,Guatemala,GT,Retalhuleu,minor,,
San Andrés Semetabaj,14.75,-91.133333,Guatemala,GT,Sololá,minor,,
San Andrés Sajcabajá,15.216667,-90.916667,Guatemala,GT,Quiché,minor,,
San Andrés Itzapa,14.62,-90.844167,Guatemala,GT,Chimaltenango,minor,,
Ixtahuacán,15.416667,-91.766667,Guatemala,GT,Huehuetenango,minor,,
Patulul,14.416667,-91.166667,Guatemala,GT,Suchitepéquez,minor,,
El Asintal,14.6,-91.733333,Guatemala,GT,Retalhuleu,minor,,
Esquipulas Palo Gordo,14.933333,-91.816667,Guatemala,GT,San Marcos,minor,,
Los Amates,15.266667,-89.1,Guatemala,GT,Izabal,minor,,
San Bernardino,14.533333,-91.45,Guatemala,GT,Suchitepéquez,minor,,
Usumatlán,14.95,-89.783333,Guatemala,GT,Zacapa,minor,,
El Chal,16.666667,-89.633333,Guatemala,GT,Petén,minor,,
Poptún,16.331111,-89.416944,Guatemala,GT,Petén,minor,,
Sansare,14.747222,-90.1125,Guatemala,GT,El Progreso,minor,,
Casillas,14.422222,-90.244167,Guatemala,GT,Santa Rosa,minor,,
San José,16.983333,-89.9,Guatemala,GT,Petén,minor,,
San Agustín Acasaguastlán,14.95,-89.966667,Guatemala,GT,El Progreso,minor,,
Jocotán,14.816667,-89.383333,Guatemala,GT,Chiquimula,minor,,
Chiquimulilla,14.085833,-90.376667,Guatemala,GT,Santa Rosa,minor,,
Santa Ana,16.8,-89.833333,Guatemala,GT,Petén,minor,,
San Rafael Pie de La Cuesta,14.933333,-91.916667,Guatemala,GT,San Marcos,minor,,
Ciudad Vieja,14.526389,-90.759722,Guatemala,GT,Sacatepéquez,minor,,
Coatepeque,14.7,-91.866667,Guatemala,GT,Quetzaltenango,minor,,
Jerez,14.1,-89.75,Guatemala,GT,Jutiapa,minor,,
Taxisco,14.070833,-90.463056,Guatemala,GT,Santa Rosa,minor,,
San José La Máquina,14.301781,-91.567068,Guatemala,GT,Suchitepéquez,minor,,
Pajapita,14.72152,-92.035211,Guatemala,GT,San Marcos,minor,,
Ostuncalco,14.866667,-91.616667,Guatemala,GT,Quetzaltenango,minor,,
Unión,15.920513,-91.77621,Guatemala,GT,Huehuetenango,minor,,
Almolonga,14.816667,-91.5,Guatemala,GT,Quetzaltenango,minor,,
Alotenango,14.480278,-90.8075,Guatemala,GT,Sacatepéquez,minor,,
Samayac,14.583333,-91.466667,Guatemala,GT,Suchitepéquez,minor,,
Gualán,15.133333,-89.366667,Guatemala,GT,Zacapa,minor,,
Guanagazapa,14.225278,-90.643333,Guatemala,GT,Escuintla,minor,,
Parramos,14.607778,-90.803056,Guatemala,GT,Chimaltenango,minor,,
El Chol,14.964167,-90.480556,Guatemala,GT,Baja Verapaz,minor,,
Sibilia,15.0,-91.616667,Guatemala,GT,Quetzaltenango,minor,,
Sibinal,15.149629,-92.048917,Guatemala,GT,San Marcos,minor,,
San Francisco La Unión,14.916667,-91.533333,Guatemala,GT,Quetzaltenango,minor,,
San Francisco El Alto,14.95,-91.45,Guatemala,GT,Totonicapán,minor,,
San José Poaquil,14.819722,-90.906389,Guatemala,GT,Chimaltenango,minor,,
San José Pinula,14.546111,-90.411389,Guatemala,GT,Guatemala,minor,,
Yupiltepeque,14.2,-89.783333,Guatemala,GT,Jutiapa,minor,,
San Miguel Acatán,15.7,-91.616667,Guatemala,GT,Huehuetenango,minor,,
San José Ojetenam,15.216667,-91.966667,Guatemala,GT,San Marcos,minor,,
San Juan Chamelco,15.433333,-90.333333,Guatemala,GT,Alta Verapaz,minor,,
Ciudad Melchor de Mencos,17.068611,-89.152222,Guatemala,GT,Petén,minor,,
Yepocapa,14.504167,-90.956944,Guatemala,GT,Chimaltenango,minor,,
Fray Bartolomé de Las Casas,15.815155,-89.889314,Guatemala,GT,Alta Verapaz,minor,,
Esquipulas,14.566667,-89.35,Guatemala,GT,Chiquimula,minor,,
Guazacapán,14.074167,-90.416667,Guatemala,GT,Santa Rosa,minor,,
Génova,14.616667,-91.833333,Guatemala,GT,Quetzaltenango,minor,,
Colomba,14.716667,-91.733333,Guatemala,GT,Quetzaltenango,minor,,
Tamahú,15.333333,-90.166667,Guatemala,GT,Alta Verapaz,minor,,
San Vicente Pacaya,14.416111,-90.639167,Guatemala,GT,Escuintla,minor,,
San Miguel Ixtahuacán,15.272465,-91.74785,Guatemala,GT,San Marcos,minor,,
Quesada,14.270278,-90.040278,Guatemala,GT,Jutiapa,minor,,
Catarina,14.851525,-92.076473,Guatemala,GT,San Marcos,minor,,
La Democracia,15.625444,-91.8867,Guatemala,GT,Huehuetenango,minor,,
La Democracia,14.230833,-90.947222,Guatemala,GT,Escuintla,minor,,
Santa Bárbara,15.316167,-91.632792,Guatemala,GT,Huehuetenango,minor,,
Malacatán,14.910654,-92.057947,Guatemala,GT,San Marcos,minor,,
Santa María Ixhuatán,14.19,-90.274722,Guatemala,GT,Santa Rosa,minor,,
Santa María Visitación,14.716667,-91.316667,Guatemala,GT,Sololá,minor,,
Olopa,14.683333,-89.35,Guatemala,GT,Chiquimula,minor,,
Morazán,14.932778,-90.143056,Guatemala,GT,El Progreso,minor,,
Pueblo Nuevo,14.65,-91.533333,Guatemala,GT,Suchitepéquez,minor,,
San Cristóbal Acasaguastlán,14.916667,-89.883333,Guatemala,GT,El Progreso,minor,,
San Cristóbal Cucho,14.9,-91.783333,Guatemala,GT,San Marcos,minor,,
Tucurú,15.3,-90.066667,Guatemala,GT,Alta Verapaz,minor,,
Aguacatán,15.343056,-91.311667,Guatemala,GT,Huehuetenango,minor,,
San Martín Zapotitlán,14.6,-91.6,Guatemala,GT,Retalhuleu,minor,,
San Mateo,14.866667,-91.583333,Guatemala,GT,Quetzaltenango,minor,,
San Martín Jilotepeque,14.787778,-90.7925,Guatemala,GT,Chimaltenango,minor,,
Santa Catarina Pinula,14.568889,-90.495278,Guatemala,GT,Guatemala,minor,,
San Juan Cotzal,15.434167,-91.034167,Guatemala,GT,Quiché,minor,,
El Tumbador,14.866667,-91.933333,Guatemala,GT,San Marcos,minor,,
Palestina de los Altos,14.933333,-91.7,Guatemala,GT,Quetzaltenango,minor,,
Palín,14.405556,-90.698333,Guatemala,GT,Escuintla,minor,,
Nebaj,15.405833,-91.146111,Guatemala,GT,Quiché,minor,,
San Carlos Sija,14.983333,-91.55,Guatemala,GT,Quetzaltenango,minor,,
Guastatoya,14.854167,-90.069444,Guatemala,GT,El Progreso,admin,,
El Progreso,14.35,-89.85,Guatemala,GT,Jutiapa,minor,,
Santo Domingo Suchitepéquez,14.466667,-91.483333,Guatemala,GT,Suchitepéquez,minor,,
San Andrés Xecul,14.9,-91.483333,Guatemala,GT,Totonicapán,minor,,
Atescatempa,14.174444,-89.7425,Guatemala,GT,Jutiapa,minor,,
Zapotitlán,14.133333,-89.833333,Guatemala,GT,Jutiapa,minor,,
Concepción Chiquirichapa,14.85,-91.616667,Guatemala,GT,Quetzaltenango,minor,,
Sacapulas,15.286667,-91.087222,Guatemala,GT,Quiché,minor,,
San Juan La Laguna,14.7,-91.283333,Guatemala,GT,Sololá,minor,,
San Juan Ixcoy,15.599722,-91.445278,Guatemala,GT,Huehuetenango,minor,,
Tajumulco,15.083333,-91.883333,Guatemala,GT,San Marcos,minor,,
Fraijanes,14.465278,-90.440833,Guatemala,GT,Guatemala,minor,,
La Gomera,14.083333,-91.05,Guatemala,GT,Escuintla,minor,,
Petapa,14.502778,-90.551667,Guatemala,GT,Guatemala,minor,,
Santa Lucía La Reforma,15.128333,-91.235556,Guatemala,GT,Totonicapán,minor,,
Santa Lucía Milpas Altas,14.575833,-90.678611,Guatemala,GT,Sacatepéquez,minor,,
Santa Lucía Cotzumalguapa,14.333333,-91.016667,Guatemala,GT,Escuintla,minor,,
Santo Tomás La Unión,14.633333,-91.383333,Guatemala,GT,Suchitepéquez,minor,,
Sanarate,14.795,-90.192222,Guatemala,GT,El Progreso,minor,,
Santa Cruz Balanyá,14.687222,-90.915,Guatemala,GT,Chimaltenango,minor,,
Canillá,15.166667,-90.85,Guatemala,GT,Quiché,minor,,
Champerico,14.3,-91.916667,Guatemala,GT,Retalhuleu,minor,,
Joyabaj,14.995,-90.806111,Guatemala,GT,Quiché,minor,,
Comalapa,14.741111,-90.8875,Guatemala,GT,Chimaltenango,minor,,
San Antonio Suchitepéquez,14.533333,-91.416667,Guatemala,GT,Suchitepéquez,minor,,
San Antonio Sacatepéquez,14.966667,-91.733333,Guatemala,GT,San Marcos,minor,,
San Manuel Chaparrón,14.516667,-89.766667,Guatemala,GT,Jalapa,minor,,
Senahú,15.4,-89.833333,Guatemala,GT,Alta Verapaz,minor,,
Río Bravo,14.4,-91.316667,Guatemala,GT,Suchitepéquez,minor,,
Comapa,14.116667,-89.916667,Guatemala,GT,Jutiapa,minor,,
San Gaspar Ixchil,15.387963,-91.725644,Guatemala,GT,Huehuetenango,minor,,
San Benito,16.916667,-89.9,Guatemala,GT,Petén,minor,,
San Rafael La Independencia,15.716667,-91.533333,Guatemala,GT,Huehuetenango,minor,,
San Antonio Aguas Calientes,14.539722,-90.769444,Guatemala,GT,Sacatepéquez,minor,,
San Juan Tecuaco,14.082222,-90.261111,Guatemala,GT,Santa Rosa,minor,,
Cuilco,15.4,-91.966667,Guatemala,GT,Huehuetenango,minor,,
Chinique,15.044722,-91.025833,Guatemala,GT,Quiché,minor,,
Chicamán,15.4,-90.766667,Guatemala,GT,Quiché,minor,,
Río Hondo,15.066667,-89.583333,Guatemala,GT,Zacapa,minor,,
El Quetzal,14.766667,-91.816667,Guatemala,GT,San Marcos,minor,,
San Antonio Huista,15.650098,-91.771628,Guatemala,GT,Huehuetenango,minor,,
San Pedro La Laguna,14.683333,-91.266667,Guatemala,GT,Sololá,minor,,
Concepción Tutuapa,15.283333,-91.783333,Guatemala,GT,San Marcos,minor,,
San Lucas Sacatepéquez,14.609722,-90.656944,Guatemala,GT,Sacatepéquez,minor,,
Mataquescuintla,14.529167,-90.184167,Guatemala,GT,Jalapa,minor,,
Masagua,14.203056,-90.848056,Guatemala,GT,Escuintla,minor,,
Chiantla,15.354722,-91.458333,Guatemala,GT,Huehuetenango,minor,,
Tejutla,15.116667,-91.8,Guatemala,GT,San Marcos,minor,,
Teculután,14.983333,-89.716667,Guatemala,GT,Zacapa,minor,,
San Jerónimo,15.05,-90.2,Guatemala,GT,Baja Verapaz,minor,,
Cajolá,14.916667,-91.616667,Guatemala,GT,Quetzaltenango,minor,,
Panajachel,14.733333,-91.15,Guatemala,GT,Sololá,minor,,
Comitancillo,15.089367,-91.749706,Guatemala,GT,San Marcos,minor,,
Barillas,15.803611,-91.315833,Guatemala,GT,Huehuetenango,minor,,
El Palmar,14.65,-91.583333,Guatemala,GT,Quetzaltenango,minor,,
Pueblo Nuevo Tiquisate,14.283333,-91.366667,Guatemala,GT,Escuintla,minor,,
Chuarrancho,14.821667,-90.508611,Guatemala,GT,Guatemala,minor,,
San Felipe,14.616667,-91.6,Guatemala,GT,Retalhuleu,minor,,
Sayaxché,16.516667,-90.166667,Guatemala,GT,Petén,minor,,
Patzún,14.683333,-91.016667,Guatemala,GT,Chimaltenango,minor,,
Santa Rosa de Lima,14.388056,-90.295556,Guatemala,GT,Santa Rosa,minor,,
Sumpango,14.646389,-90.733889,Guatemala,GT,Sacatepéquez,minor,,
San Pablo,14.931535,-92.003918,Guatemala,GT,San Marcos,minor,,
San Pablo Jocopilas,14.583333,-91.45,Guatemala,GT,Suchitepéquez,minor,,
Todos Santos Cuchumatán,15.516667,-91.616667,Guatemala,GT,Huehuetenango,minor,,
Jocotenango,14.581944,-90.743611,Guatemala,GT,Sacatepéquez,minor,,
Olintepeque,14.883333,-91.516667,Guatemala,GT,Quetzaltenango,minor,,
Soloma,15.716667,-91.45,Guatemala,GT,Huehuetenango,minor,,
Uspantán,15.383333,-90.833333,Guatemala,GT,Quiché,minor,,
Cabañas,14.933333,-89.8,Guatemala,GT,Zacapa,minor,,
Patzicía,14.631667,-90.926944,Guatemala,GT,Chimaltenango,minor,,
Cuyotenango,14.533333,-91.566667,Guatemala,GT,Suchitepéquez,minor,,
San Bartolomé Jocotenango,15.192778,-91.077222,Guatemala,GT,Quiché,minor,,
San Bartolomé Milpas Altas,14.606111,-90.68,Guatemala,GT,Sacatepéquez,minor,,
San Bartolo,15.084444,-91.455833,Guatemala,GT,Totonicapán,minor,,
La Reforma,14.8,-91.816667,Guatemala,GT,San Marcos,minor,,
Rabinal,15.1,-90.45,Guatemala,GT,Baja Verapaz,minor,,
San Marcos La Laguna,14.716667,-91.266667,Guatemala,GT,Sololá,minor,,
San Pedro Sacatepéquez,14.684167,-90.644167,Guatemala,GT,Guatemala,minor,,
San Pedro Necta,15.491423,-91.765505,Guatemala,GT,Huehuetenango,minor,,
San José Acatempa,14.265278,-90.126944,Guatemala,GT,Jutiapa,minor,,
El Estor,15.533333,-89.35,Guatemala,GT,Izabal,minor,,
San Andrés,16.966667,-89.916667,Guatemala,GT,Petén,minor,,
San Francisco,16.8,-89.933333,Guatemala,GT,Petén,minor,,
Nueva Concepción,14.2,-91.3,Guatemala,GT,Escuintla,minor,,
Cubulco,15.133333,-90.583333,Guatemala,GT,Baja Verapaz,minor,,
Tacaná,15.239325,-92.067365,Guatemala,GT,San Marcos,minor,,
Siquinalá,14.306111,-90.965,Guatemala,GT,Escuintla,minor,,
San Sebastián Coatán,15.733333,-91.566667,Guatemala,GT,Huehuetenango,minor,,
San Sebastián,14.566667,-91.65,Guatemala,GT,Retalhuleu,minor,,
Ocós,14.509981,-92.192984,Guatemala,GT,San Marcos,minor,,
San Raimundo,14.764722,-90.595556,Guatemala,GT,Guatemala,minor,,
Ayutla,14.673833,-92.139937,Guatemala,GT,San Marcos,minor,,
San José La Arada,14.716667,-89.583333,Guatemala,GT,Chiquimula,minor,,
San Rafael Las Flores,14.481389,-90.173333,Guatemala,GT,Santa Rosa,minor,,
San Rafael Petzal,15.405032,-91.66526,Guatemala,GT,Huehuetenango,minor,,
Salcajá,14.883333,-91.45,Guatemala,GT,Quetzaltenango,minor,,
Chahal,15.75,-89.566667,Guatemala,GT,Alta Verapaz,minor,,
Pasaco,13.977222,-90.206389,Guatemala,GT,Jutiapa,minor,,
Villa Canales,14.481389,-90.531667,Guatemala,GT,Guatemala,minor,,
Pochuta,14.55,-91.083333,Guatemala,GT,Chimaltenango,minor,,
Playa Grande,15.933333,-90.733333,Guatemala,GT,Quiché,minor,,
Purulhá,15.266667,-90.2,Guatemala,GT,Baja Verapaz,minor,,
Jacaltenango,15.666667,-91.733333,Guatemala,GT,Huehuetenango,minor,,
Dolores,16.514167,-89.415833,Guatemala,GT,Petén,minor,,
Chichicastenango,14.933333,-91.116667,Guatemala,GT,Quiché,minor,,
San Antonio Ilotenango,15.054722,-91.229722,Guatemala,GT,Quiché,minor,,
Nentón,15.800702,-91.75464,Guatemala,GT,Huehuetenango,minor,,
El Tejar,14.647778,-90.792778,Guatemala,GT,Chimaltenango,minor,,
San Pedro Jocopilas,15.094444,-91.151389,Guatemala,GT,Quiché,minor,,
Cahabón,15.566667,-89.816667,Guatemala,GT,Alta Verapaz,minor,,
Chinautla,14.708333,-90.499444,Guatemala,GT,Guatemala,minor,,
Zacualpa,15.083333,-90.833333,Guatemala,GT,Quiché,minor,,
El Jícaro,14.916667,-89.9,Guatemala,GT,El Progreso,minor,,
Estanzuela,15.0,-89.566667,Guatemala,GT,Zacapa,minor,,
San Cristóbal Totonicapán,14.916667,-91.433333,Guatemala,GT,Totonicapán,minor,,
San Cristóbal Verapaz,15.383333,-90.4,Guatemala,GT,Alta Verapaz,minor,,
San Diego,14.783333,-89.783333,Guatemala,GT,Zacapa,minor,,
Concepción,14.783333,-91.15,Guatemala,GT,Sololá,minor,,
Nueva Santa Rosa,14.381111,-90.276111,Guatemala,GT,Santa Rosa,minor,,
San Martín Sacatepéquez,14.816667,-91.65,Guatemala,GT,Quetzaltenango,minor,,
San Miguel Dueñas,14.523889,-90.798333,Guatemala,GT,Sacatepéquez,minor,,
San Miguel Chicaj,15.1,-90.4,Guatemala,GT,Baja Verapaz,minor,,
San Juan Ermita,14.766667,-89.433333,Guatemala,GT,Chiquimula,minor,,
La Tinta,15.316667,-89.883333,Guatemala,GT,Alta Verapaz,minor,,
El Adelanto,14.166667,-89.833333,Guatemala,GT,Jutiapa,minor,,
Pachalun,14.924722,-90.662778,Guatemala,GT,Quiché,minor,,
Raxruhá,15.866667,-90.033333,Guatemala,GT,Alta Verapaz,minor,,
Flores Costa Cuca,14.65,-91.816667,Guatemala,GT,Quetzaltenango,minor,,
Santa María Chiquimula,15.030278,-91.329167,Guatemala,GT,Totonicapán,minor,,
Santa María de Jesús,14.518333,-90.726667,Guatemala,GT,Sacatepéquez,minor,,
Sipacapa,15.212457,-91.634163,Guatemala,GT,San Marcos,minor,,
Guatemala City,14.621111,-90.526944,Guatemala,GT,Guatemala,primary,,
Jalpatagua,14.141667,-90.008611,Guatemala,GT,Jutiapa,minor,,
Camotán,14.816667,-89.366667,Guatemala,GT,Chiquimula,minor,,
Nahualá,14.85,-91.316667,Guatemala,GT,Sololá,minor,,
Nuevo Progreso,14.8,-91.916667,Guatemala,GT,San Marcos,minor,,
Nuevo San Carlos,14.6,-91.7,Guatemala,GT,Retalhuleu,minor,,
San Miguel Panán,14.533333,-91.366667,Guatemala,GT,Suchitepéquez,minor,,
San Miguel Sigüilá,14.9,-91.616667,Guatemala,GT,Quetzaltenango,minor,,
San Juan Atitán,15.428861,-91.623981,Guatemala,GT,Huehuetenango,minor,,
Santa Apolonia,14.791389,-90.970833,Guatemala,GT,Chimaltenango,minor,,
San Juan Bautista,14.416667,-91.183333,Guatemala,GT,Suchitepéquez,minor,,
Santa Bárbara,14.433333,-91.233333,Guatemala,GT,Suchitepéquez,minor,,
Malacatancito,15.216667,-91.516667,Guatemala,GT,Huehuetenango,minor,,
Panzós,15.4,-89.666667,Guatemala,GT,Alta Verapaz,minor,,
Santa Lucía Utatlán,14.766667,-91.266667,Guatemala,GT,Sololá,minor,,
Palencia,14.664722,-90.358611,Guatemala,GT,Guatemala,minor,,
San Carlos Alzatate,14.497778,-90.060278,Guatemala,GT,Jalapa,minor,,
Santa Ana Huista,15.680854,-91.820048,Guatemala,GT,Huehuetenango,minor,,
Ixchiguán,15.2,-91.883333,Guatemala,GT,San Marcos,minor,,
Ipala,14.616667,-89.616667,Guatemala,GT,Chiquimula,minor,,
La Unión,14.966667,-89.283333,Guatemala,GT,Zacapa,minor,,
San Mateo Ixtatán,15.831944,-91.478056,Guatemala,GT,Huehuetenango,minor,,
Santa Catarina Barahona,14.548889,-90.788333,Guatemala,GT,Sacatepéquez,minor,,
Santa Catarina Ixtahuacán,14.8,-91.366667,Guatemala,GT,Sololá,minor,,
Santa Catarina Mita,14.45,-89.75,Guatemala,GT,Jutiapa,minor,,
Santa Catarina Palopó,14.716667,-91.133333,Guatemala,GT,Sololá,minor,,
Iztapa,13.933333,-90.7075,Guatemala,GT,Escuintla,minor,,
Santiago Sacatepéquez,14.635278,-90.676389,Guatemala,GT,Sacatepéquez,minor,,
Tactic,15.333333,-90.3,Guatemala,GT,Alta Verapaz,minor,,
San Luis Jilotepeque,14.65,-89.733333,Guatemala,GT,Jalapa,minor,,
Zaragoza,14.654444,-90.889444,Guatemala,GT,Chimaltenango,minor,,
Moyuta,14.038611,-90.080833,Guatemala,GT,Jutiapa,minor,,
Cunén,15.3375,-91.026944,Guatemala,GT,Quiché,minor,,
Santa Eulalia,15.733056,-91.456944,Guatemala,GT,Huehuetenango,minor,,
Santo Domingo Xenacoj,14.677778,-90.697778,Guatemala,GT,Sacatepéquez,minor,,
Asunción Mita,14.330833,-89.710833,Guatemala,GT,Jutiapa,minor,,
La Esperanza,14.866667,-91.566667,Guatemala,GT,Quetzaltenango,minor,,
San Juan Sacatepéquez,14.718889,-90.644167,Guatemala,GT,Guatemala,minor,,
Santa Clara La Laguna,14.716667,-91.3,Guatemala,GT,Sololá,minor,,
San Antonio Palopó,14.7,-91.116667,Guatemala,GT,Sololá,minor,,
Pastores,14.596667,-90.754722,Guatemala,GT,Sacatepéquez,minor,,
Patzité,14.966667,-91.216667,Guatemala,GT,Quiché,minor,,
San José El Ídolo,14.45,-91.416667,Guatemala,GT,Suchitepéquez,minor,,
Río Blanco,15.038199,-91.684631,Guatemala,GT,San Marcos,minor,,
Conguaco,14.044167,-90.031111,Guatemala,GT,Jutiapa,minor,,
San José del Golfo,14.762778,-90.376389,Guatemala,GT,Guatemala,minor,,
San Lorenzo,15.030868,-91.735344,Guatemala,GT,San Marcos,minor,,
San Lorenzo,14.483333,-91.516667,Guatemala,GT,Suchitepéquez,minor,,
Oratorio,14.228056,-90.175833,Guatemala,GT,Santa Rosa,minor,,
Morales,15.483333,-88.816667,Guatemala,GT,Izabal,minor,,
Chisec,15.816667,-90.283333,Guatemala,GT,Alta Verapaz,minor,,
Acatenango,14.551944,-90.942222,Guatemala,GT,Chimaltenango,minor,,
Santa Cruz Muluá,14.583333,-91.616667,Guatemala,GT,Retalhuleu,minor,,
Santa Cruz La Laguna,14.75,-91.216667,Guatemala,GT,Sololá,minor,,
Santa Cruz Verapaz,15.366667,-90.433333,Guatemala,GT,Alta Verapaz,minor,,
Santa Cruz Naranjo,14.388056,-90.369722,Guatemala,GT,Santa Rosa,minor,,
Cabricán,15.074846,-91.648003,Guatemala,GT,Quetzaltenango,minor,,
San Francisco Zapotitlán,14.583333,-91.516667,Guatemala,GT,Suchitepéquez,minor,,
San Gabriel,14.516667,-91.516667,Guatemala,GT,Suchitepéquez,minor,,
Chajul,15.485278,-91.034167,Guatemala,GT,Quiché,minor,,
Cantel,14.816667,-91.45,Guatemala,GT,Quetzaltenango,minor,,
Santiago Chimaltenango,15.476582,-91.696555,Guatemala,GT,Huehuetenango,minor,,
Santiago Atitlán,14.633333,-91.233333,Guatemala,GT,Sololá,minor,,
Villa Nueva,14.526944,-90.5875,Guatemala,GT,Guatemala,minor,,
San Pedro Sacatepéquez,14.966667,-91.766667,Guatemala,GT,San Marcos,minor,,
San Pedro Pinula,14.666667,-89.85,Guatemala,GT,Jalapa,minor,,
San Lucas Tolimán,14.633333,-91.133333,Guatemala,GT,Sololá,minor,,
Monjas,14.5,-89.866667,Guatemala,GT,Jalapa,minor,,
Momostenango,15.043611,-91.408611,Guatemala,GT,Totonicapán,minor,,
Chiché,15.008611,-91.065,Guatemala,GT,Quiché,minor,,
Amatitlán,14.4875,-90.615278,Guatemala,GT,Guatemala,minor,,
Concepción,15.616667,-91.683333,Guatemala,GT,Huehuetenango,minor,,
Barberena,14.309444,-90.361111,Guatemala,GT,Santa Rosa,minor,,
Pueblo Nuevo Viñas,14.225833,-90.474167,Guatemala,GT,Santa Rosa,minor,,
San Antonio La Paz,14.749722,-90.286667,Guatemala,GT,El Progreso,minor,,
Colotenango,15.405063,-91.714352,Guatemala,GT,Huehuetenango,minor,,
San Pedro Carchá,15.483333,-90.266667,Guatemala,GT,Alta Verapaz,minor,,
San Pedro Ayampuc,14.786667,-90.451111,Guatemala,GT,Guatemala,minor,,
Chicacao,14.533333,-91.316667,Guatemala,GT,Suchitepéquez,minor,,
Agua Blanca,14.5,-89.65,Guatemala,GT,Jutiapa,minor,,
La Libertad,15.514208,-91.869436,Guatemala,GT,Huehuetenango,minor,,
Granados,14.913611,-90.522778,Guatemala,GT,Baja Verapaz,minor,,
La Blanca,14.57889,-92.141367,Guatemala,GT,San Marcos,minor,,
San Pablo La Laguna,14.716667,-91.266667,Guatemala,GT,Sololá,minor,,
