city,lat,lng,country,iso2,admin,capital,population,population_proper
Zagreb,45.8,16.0,Croatia,HR,"Zagreb, Grad",primary,722526,698966
Split,43.513889,16.455833,Croatia,HR,Splitsko-Dalmatinska Županija,admin,214741,176314
Rijeka,45.343056,14.409167,Croatia,HR,Primorsko-Goranska Županija,admin,170992,141172
Slavonski Brod,45.160278,18.015556,Croatia,HR,Brodsko-Posavska Županija,admin,97718,60742
Osijek,45.551111,18.693889,Croatia,HR,Osječko-Baranjska Županija,admin,95077,88140
Zadar,44.119722,15.242222,Croatia,HR,Zadarska Županija,admin,71258,47145
Pula,44.868333,13.848056,Croatia,HR,Istarska Županija,minor,61599,59078
Karlovac,45.491667,15.55,Croatia,HR,Karlovačka Županija,,55063,48123
Šibenik,43.727222,15.905833,Croatia,HR,Šibensko-Kninska Županija,admin,37112,37112
Dubrovnik,42.650556,18.091389,Croatia,HR,Dubrovačko-Neretvanska Županija,admin,36994,28428
Luka,45.966667,15.816667,Croatia,HR,Zagrebačka Županija,minor,,
Lukač,45.8725,17.419444,Croatia,HR,Virovitičko-Podravska Županija,minor,,
Bol,43.261944,16.655,Croatia,HR,Splitsko-Dalmatinska Županija,minor,,
Popovac,45.809167,18.658333,Croatia,HR,Osječko-Baranjska Županija,minor,,
Zrinski Topolovac,46.02802,16.759169,Croatia,HR,Koprivničko-Križevačka Županija,minor,,
Slano,42.786111,17.891944,Croatia,HR,Dubrovačko-Neretvanska Županija,minor,,
Garčin,45.182778,18.183056,Croatia,HR,Brodsko-Posavska Županija,minor,,
Jakšić,45.358056,17.763889,Croatia,HR,Požeško-Slavonska Županija,minor,,
Podbablje,43.397222,17.191667,Croatia,HR,Splitsko-Dalmatinska Županija,minor,,
Klakar,45.098611,18.132222,Croatia,HR,Brodsko-Posavska Županija,minor,,
Biograd na Moru,43.943333,15.451944,Croatia,HR,Zadarska Županija,minor,,
Vis,43.061944,16.183056,Croatia,HR,Splitsko-Dalmatinska Županija,minor,,
Krašić,45.655833,15.517778,Croatia,HR,Zagrebačka Županija,minor,,
Delnice,45.400833,14.799722,Croatia,HR,Primorsko-Goranska Županija,minor,,
Rovišće,45.944722,16.735,Croatia,HR,Bjelovarsko-Bilogorska Županija,minor,,
Rovinj,45.08,13.64,Croatia,HR,Istarska Županija,minor,,
Labin,45.095,14.119722,Croatia,HR,Istarska Županija,minor,,
Bilice,43.775278,15.918056,Croatia,HR,Šibensko-Kninska Županija,minor,,
Mikleuš,45.618611,17.803889,Croatia,HR,Virovitičko-Podravska Županija,minor,,
Ogulin,45.266111,15.228611,Croatia,HR,Karlovačka Županija,minor,,
Žumberak,45.75,15.433333,Croatia,HR,Zagrebačka Županija,minor,,
Solin,43.53711,16.477485,Croatia,HR,Splitsko-Dalmatinska Županija,minor,,
Čepin,45.523611,18.563333,Croatia,HR,Osječko-Baranjska Županija,minor,,
Kukljica,44.034722,15.245556,Croatia,HR,Zadarska Županija,minor,,
Babino Polje,42.733333,17.561944,Croatia,HR,Dubrovačko-Neretvanska Županija,minor,,
Povljana,44.346667,15.115556,Croatia,HR,Zadarska Županija,minor,,
Kaštelir,45.303333,13.685278,Croatia,HR,Istarska Županija,minor,,
Rešetari,45.256389,17.463056,Croatia,HR,Brodsko-Posavska Županija,minor,,
Lasinja,45.533333,15.866667,Croatia,HR,Zagrebačka Županija,minor,,
Galovac,44.071389,15.393333,Croatia,HR,Zadarska Županija,minor,,
Šodolovci,45.4,18.620278,Croatia,HR,Osječko-Baranjska Županija,minor,,
Kalinovac,46.029444,17.115556,Croatia,HR,Koprivničko-Križevačka Županija,minor,,
Pribislavec,46.3925,16.4825,Croatia,HR,Međimurska Županija,minor,,
Jagodnjak,45.699167,18.576944,Croatia,HR,Osječko-Baranjska Županija,minor,,
Podgorač,45.458611,18.222778,Croatia,HR,Osječko-Baranjska Županija,minor,,
Orehovica,46.331667,16.506944,Croatia,HR,Međimurska Županija,minor,,
Donji Andrijevci,45.188333,18.299722,Croatia,HR,Brodsko-Posavska Županija,minor,,
Dugopolje,43.580556,16.602778,Croatia,HR,Splitsko-Dalmatinska Županija,minor,,
Prelog,46.335,16.615556,Croatia,HR,Međimurska Županija,minor,,
Donja Stubica,45.983333,15.966667,Croatia,HR,Krapinsko-Zagorska Županija,minor,,
Vir,44.303056,15.085278,Croatia,HR,Zadarska Županija,minor,,
Petrinja,45.4375,16.29,Croatia,HR,Sisačko-Moslavačka Županija,minor,,
Gračac,44.300556,15.854722,Croatia,HR,Zadarska Županija,minor,,
Pakrac,45.436389,17.188889,Croatia,HR,Požeško-Slavonska Županija,minor,,
Oklaj,43.950556,16.082222,Croatia,HR,Šibensko-Kninska Županija,minor,,
Vojnić,45.323611,15.698611,Croatia,HR,Karlovačka Županija,minor,,
Krnjak,45.333333,15.6,Croatia,HR,Karlovačka Županija,minor,,
Hercegovac,45.658611,17.013611,Croatia,HR,Bjelovarsko-Bilogorska Županija,minor,,
Saborsko,44.983333,15.478056,Croatia,HR,Karlovačka Županija,minor,,
Pregrada,46.164167,15.750833,Croatia,HR,Krapinsko-Zagorska Županija,minor,,
Otok,45.146667,18.883889,Croatia,HR,Vukovarsko-Srijemska Županija,minor,,
Sveti Martin na Muri,46.526944,16.375,Croatia,HR,Međimurska Županija,minor,,
Brestovac,45.330556,17.596944,Croatia,HR,Požeško-Slavonska Županija,minor,,
Žminj,45.142778,13.908889,Croatia,HR,Istarska Županija,minor,,
Komiža,43.043056,16.093056,Croatia,HR,Splitsko-Dalmatinska Županija,minor,,
Prgomet,43.616667,16.233333,Croatia,HR,Splitsko-Dalmatinska Županija,minor,,
Sućuraj,43.125278,17.186111,Croatia,HR,Splitsko-Dalmatinska Županija,minor,,
Nova Kapela,45.198889,17.639167,Croatia,HR,Brodsko-Posavska Županija,minor,,
Vrlika,43.9125,16.398889,Croatia,HR,Splitsko-Dalmatinska Županija,minor,,
Podcrkavlje,45.223889,18.01,Croatia,HR,Brodsko-Posavska Županija,minor,,
Klana,45.446944,14.376944,Croatia,HR,Primorsko-Goranska Županija,minor,,
Antunovac,45.490833,18.675,Croatia,HR,Osječko-Baranjska Županija,minor,,
Novalja,44.557778,14.886667,Croatia,HR,Ličko-Senjska Županija,minor,,
Topusko,45.293056,15.972222,Croatia,HR,Sisačko-Moslavačka Županija,minor,,
Mali Bukovec,46.283056,16.739167,Croatia,HR,Varaždinska Županija,minor,,
Brinje,45.0025,15.133889,Croatia,HR,Ličko-Senjska Županija,minor,,
Vodice,43.760833,15.782778,Croatia,HR,Šibensko-Kninska Županija,minor,,
Otrić-Seoci,43.158611,17.450833,Croatia,HR,Dubrovačko-Neretvanska Županija,minor,,
Ploče,43.056111,17.432778,Croatia,HR,Dubrovačko-Neretvanska Županija,minor,,
Ružić,43.816667,16.25,Croatia,HR,Šibensko-Kninska Županija,minor,,
Rakovec,45.930278,16.3225,Croatia,HR,Zagrebačka Županija,minor,,
Tuhelj,46.076944,15.747222,Croatia,HR,Krapinsko-Zagorska Županija,minor,,
Gornja Rijeka,46.119444,16.4075,Croatia,HR,Koprivničko-Križevačka Županija,minor,,
Bošnjaci,45.050278,18.755556,Croatia,HR,Vukovarsko-Srijemska Županija,minor,,
Petrijanec,46.349167,16.225,Croatia,HR,Varaždinska Županija,minor,,
Orle,45.683333,16.233333,Croatia,HR,Zagrebačka Županija,minor,,
Biskupija,44.011389,16.237222,Croatia,HR,Šibensko-Kninska Županija,minor,,
Lobor,46.152778,16.067778,Croatia,HR,Krapinsko-Zagorska Županija,minor,,
Desinić,46.148611,15.668611,Croatia,HR,Krapinsko-Zagorska Županija,minor,,
Šestanovac,43.454444,16.911389,Croatia,HR,Splitsko-Dalmatinska Županija,minor,,
Kistanje,43.982778,15.965,Croatia,HR,Šibensko-Kninska Županija,minor,,
Novi Golubovec,46.183333,15.983333,Croatia,HR,Krapinsko-Zagorska Županija,minor,,
Ozalj,45.606667,15.461944,Croatia,HR,Karlovačka Županija,minor,,
Peteranec,46.192222,16.891667,Croatia,HR,Koprivničko-Križevačka Županija,minor,,
Milna,43.326667,16.450833,Croatia,HR,Splitsko-Dalmatinska Županija,minor,,
Oriovac,45.166111,17.76,Croatia,HR,Brodsko-Posavska Županija,minor,,
Dragalić,45.244167,17.288611,Croatia,HR,Brodsko-Posavska Županija,minor,,
Voćin,45.617778,17.547778,Croatia,HR,Virovitičko-Podravska Županija,minor,,
Donji Miholjac,45.760833,18.167222,Croatia,HR,Osječko-Baranjska Županija,minor,,
Lumbarda,42.922778,17.167222,Croatia,HR,Dubrovačko-Neretvanska Županija,minor,,
Severin,45.836944,16.959167,Croatia,HR,Bjelovarsko-Bilogorska Županija,minor,,
Sveti Ivan Zelina,45.956111,16.246111,Croatia,HR,Zagrebačka Županija,minor,,
Buje,45.41,13.661944,Croatia,HR,Istarska Županija,minor,,
Brtonigla,45.381389,13.629444,Croatia,HR,Istarska Županija,minor,,
Nerežišće,43.331111,16.578611,Croatia,HR,Splitsko-Dalmatinska Županija,minor,,
Lećevica,43.65,16.35,Croatia,HR,Splitsko-Dalmatinska Županija,minor,,
Dvor,45.073056,16.370833,Croatia,HR,Sisačko-Moslavačka Županija,minor,,
Matulji,45.361667,14.325,Croatia,HR,Primorsko-Goranska Županija,minor,,
Goričan,46.384167,16.680833,Croatia,HR,Međimurska Županija,minor,,
Vlaka,42.999167,17.524167,Croatia,HR,Dubrovačko-Neretvanska Županija,minor,,
Brckovljani,45.833333,16.3,Croatia,HR,Zagrebačka Županija,minor,,
Donji Kukuruzari,45.266389,16.483333,Croatia,HR,Sisačko-Moslavačka Županija,minor,,
Kloštar Podravski,45.981111,17.155833,Croatia,HR,Koprivničko-Križevačka Županija,minor,,
Kloštar Ivanić,45.740556,16.424167,Croatia,HR,Zagrebačka Županija,minor,,
Darda,45.628056,18.699722,Croatia,HR,Osječko-Baranjska Županija,minor,,
Daruvar,45.590556,17.225,Croatia,HR,Bjelovarsko-Bilogorska Županija,minor,,
Vrhovine,44.851667,15.419167,Croatia,HR,Ličko-Senjska Županija,minor,,
Nova Rača,45.796944,16.953611,Croatia,HR,Bjelovarsko-Bilogorska Županija,minor,,
Tar,45.300833,13.625278,Croatia,HR,Istarska Županija,minor,,
Zemunik Donji,44.106667,15.380556,Croatia,HR,Zadarska Županija,minor,,
Klis,43.559444,16.519444,Croatia,HR,Splitsko-Dalmatinska Županija,minor,,
Petlovac,45.758333,18.528056,Croatia,HR,Osječko-Baranjska Županija,minor,,
Vrsar,45.149167,13.605278,Croatia,HR,Istarska Županija,minor,,
Dekanovec,46.448611,16.584722,Croatia,HR,Međimurska Županija,minor,,
Ðurđenovac,45.543333,18.045833,Croatia,HR,Osječko-Baranjska Županija,minor,,
Ðurđevac,46.041111,17.069722,Croatia,HR,Koprivničko-Križevačka Županija,minor,,
Čazma,45.746667,16.622778,Croatia,HR,Bjelovarsko-Bilogorska Županija,minor,,
Rugvica,45.736111,16.233056,Croatia,HR,Zagrebačka Županija,minor,,
Buzet,45.409444,13.966667,Croatia,HR,Istarska Županija,minor,,
Cernik,45.288611,17.381944,Croatia,HR,Brodsko-Posavska Županija,minor,,
Levanjska Varoš,45.315556,18.183611,Croatia,HR,Osječko-Baranjska Županija,minor,,
Gradište,45.148056,18.706667,Croatia,HR,Vukovarsko-Srijemska Županija,minor,,
Požega,45.340278,17.685278,Croatia,HR,Požeško-Slavonska Županija,admin,,
Barilović,45.383333,15.55,Croatia,HR,Karlovačka Županija,minor,,
Pićan,45.206111,14.042778,Croatia,HR,Istarska Županija,minor,,
Tompojevci,45.233333,19.091944,Croatia,HR,Vukovarsko-Srijemska Županija,minor,,
Trnovec Bartolovečki,46.294722,16.398889,Croatia,HR,Varaždinska Županija,minor,,
Budinšćina,46.116667,16.2,Croatia,HR,Krapinsko-Zagorska Županija,minor,,
Čačinci,45.603889,17.870278,Croatia,HR,Virovitičko-Podravska Županija,minor,,
Fažana,44.9275,13.803611,Croatia,HR,Istarska Županija,minor,,
Bednja,46.230556,15.982778,Croatia,HR,Varaždinska Županija,minor,,
Bedenica,46.033333,16.242778,Croatia,HR,Zagrebačka Županija,minor,,
Imotski,43.446667,17.216667,Croatia,HR,Splitsko-Dalmatinska Županija,minor,,
Perušić,44.649444,15.383333,Croatia,HR,Ličko-Senjska Županija,minor,,
Hrvace,43.763333,16.615,Croatia,HR,Splitsko-Dalmatinska Županija,minor,,
Gornji Stupnik,45.761864,15.848352,Croatia,HR,Zagrebačka Županija,minor,,
Novi Marof,46.161944,16.330278,Croatia,HR,Varaždinska Županija,minor,,
Bilje,45.606944,18.743889,Croatia,HR,Osječko-Baranjska Županija,minor,,
Kumrovec,46.0775,15.675556,Croatia,HR,Krapinsko-Zagorska Županija,minor,,
Sveti Ilija,46.246944,16.325278,Croatia,HR,Varaždinska Županija,minor,,
Mursko Središće,46.509444,16.441111,Croatia,HR,Međimurska Županija,minor,,
Metković,43.054167,17.648333,Croatia,HR,Dubrovačko-Neretvanska Županija,minor,,
Lekenik,45.585556,16.211389,Croatia,HR,Sisačko-Moslavačka Županija,minor,,
Županja,45.0775,18.6975,Croatia,HR,Vukovarsko-Srijemska Županija,minor,,
Podstrana,43.483333,16.583333,Croatia,HR,Splitsko-Dalmatinska Županija,minor,,
Vrbnik,45.075833,14.6725,Croatia,HR,Primorsko-Goranska Županija,minor,,
Rasinja,46.183889,16.706667,Croatia,HR,Koprivničko-Križevačka Županija,minor,,
Veliki Bukovec,46.294444,16.713056,Croatia,HR,Varaždinska Županija,minor,,
Omišalj,45.208889,14.556389,Croatia,HR,Primorsko-Goranska Županija,minor,,
Lovinac,44.391389,15.685556,Croatia,HR,Ličko-Senjska Županija,minor,,
Umag,45.431389,13.523889,Croatia,HR,Istarska Županija,minor,,
Srebreno,42.623333,18.196111,Croatia,HR,Dubrovačko-Neretvanska Županija,minor,,
Dežanovac,45.570556,17.086667,Croatia,HR,Bjelovarsko-Bilogorska Županija,minor,,
Medulin,44.8225,13.935,Croatia,HR,Istarska Županija,minor,,
Orahovica,45.54,17.884722,Croatia,HR,Virovitičko-Podravska Županija,minor,,
Baška,44.970278,14.753333,Croatia,HR,Primorsko-Goranska Županija,minor,,
Kutina,45.475,16.781944,Croatia,HR,Sisačko-Moslavačka Županija,minor,,
Generalski Stol,45.347778,15.383056,Croatia,HR,Karlovačka Županija,minor,,
Velika Gorica,45.7125,16.075556,Croatia,HR,Zagrebačka Županija,minor,,
Slavonski Šamac,45.066667,18.488889,Croatia,HR,Brodsko-Posavska Županija,minor,,
Dugi Rat,43.446111,16.639722,Croatia,HR,Splitsko-Dalmatinska Županija,minor,,
Mrkopalj,45.315556,14.855278,Croatia,HR,Primorsko-Goranska Županija,minor,,
Vukovar,45.343333,18.999722,Croatia,HR,Vukovarsko-Srijemska Županija,admin,,
Oroslavje,46.002778,15.911389,Croatia,HR,Krapinsko-Zagorska Županija,minor,,
Donji Vidovec,46.329167,16.786667,Croatia,HR,Međimurska Županija,minor,,
Lokve,45.358889,14.748611,Croatia,HR,Primorsko-Goranska Županija,minor,,
Mali Lošinj,44.530556,14.468611,Croatia,HR,Primorsko-Goranska Županija,minor,,
Babina Greda,45.117222,18.536944,Croatia,HR,Vukovarsko-Srijemska Županija,minor,,
Tribunj,43.755373,15.742986,Croatia,HR,Šibensko-Kninska Županija,minor,,
Oprisavci,45.151111,18.229722,Croatia,HR,Brodsko-Posavska Županija,minor,,
Oprtalj,45.381667,13.826111,Croatia,HR,Istarska Županija,minor,,
Staro Petrovo Selo,45.230833,17.520278,Croatia,HR,Brodsko-Posavska Županija,minor,,
Kostrena,45.301111,14.505556,Croatia,HR,Primorsko-Goranska Županija,minor,,
Primorski Dolac,43.630833,16.176111,Croatia,HR,Splitsko-Dalmatinska Županija,minor,,
Visoko,46.090278,16.325,Croatia,HR,Varaždinska Županija,minor,,
Samobor,45.803056,15.718056,Croatia,HR,Zagrebačka Županija,minor,,
Jesenice,44.23,15.5775,Croatia,HR,Zadarska Županija,minor,,
Hrvatska Dubica,45.191111,16.800278,Croatia,HR,Sisačko-Moslavačka Županija,minor,,
Varaždinske Toplice,46.209167,16.419167,Croatia,HR,Varaždinska Županija,minor,,
Varaždin,46.304444,16.337778,Croatia,HR,Varaždinska Županija,admin,,
Velika Trnovitica,45.6825,16.953889,Croatia,HR,Bjelovarsko-Bilogorska Županija,minor,,
Petrovsko,46.168056,15.840833,Croatia,HR,Krapinsko-Zagorska Županija,minor,,
Nin,44.233333,15.183333,Croatia,HR,Zadarska Županija,minor,,
Zagvozd,43.3975,17.056944,Croatia,HR,Splitsko-Dalmatinska Županija,minor,,
Stankovci,43.909722,15.699722,Croatia,HR,Zadarska Županija,minor,,
Zmijavci,43.410833,17.205556,Croatia,HR,Splitsko-Dalmatinska Županija,minor,,
Punitovci,45.433056,18.416389,Croatia,HR,Osječko-Baranjska Županija,minor,,
Ražanac,44.281944,15.348056,Croatia,HR,Zadarska Županija,minor,,
Jasenovac,45.271667,16.911667,Croatia,HR,Sisačko-Moslavačka Županija,minor,,
Bale,45.040556,13.783611,Croatia,HR,Istarska Županija,minor,,
Trpanj,43.0075,17.275,Croatia,HR,Dubrovačko-Neretvanska Županija,minor,,
Ilok,45.222222,19.376944,Croatia,HR,Vukovarsko-Srijemska Županija,minor,,
Pag,44.445,15.0575,Croatia,HR,Zadarska Županija,minor,,
Ervenik,44.099444,15.945278,Croatia,HR,Šibensko-Kninska Županija,minor,,
Privlaka,45.194722,18.8375,Croatia,HR,Vukovarsko-Srijemska Županija,minor,,
Ivanska,45.778889,16.811944,Croatia,HR,Bjelovarsko-Bilogorska Županija,minor,,
Kolan,44.494167,14.961389,Croatia,HR,Zadarska Županija,minor,,
Lipovljani,45.396667,16.889722,Croatia,HR,Sisačko-Moslavačka Županija,minor,,
Valpovo,45.660833,18.418611,Croatia,HR,Osječko-Baranjska Županija,minor,,
Markušica,45.373889,18.705833,Croatia,HR,Vukovarsko-Srijemska Županija,minor,,
Skradin,43.820278,15.923611,Croatia,HR,Šibensko-Kninska Županija,minor,,
Donji Lapac,44.553056,15.961944,Croatia,HR,Ličko-Senjska Županija,minor,,
Mala Subotica,46.378056,16.537222,Croatia,HR,Međimurska Županija,minor,,
Martijanec,46.265833,16.54,Croatia,HR,Varaždinska Županija,minor,,
Sveti Petar u Šumi,45.183611,13.868333,Croatia,HR,Istarska Županija,minor,,
Murter,43.820427,15.589877,Croatia,HR,Šibensko-Kninska Županija,minor,,
Podravske Sesvete,46.005,17.211667,Croatia,HR,Koprivničko-Križevačka Županija,minor,,
Gornji Mihaljevec,46.428642,16.333276,Croatia,HR,Međimurska Županija,minor,,
Crnac,45.696111,17.937222,Croatia,HR,Virovitičko-Podravska Županija,minor,,
Breznica,46.071111,16.271111,Croatia,HR,Varaždinska Županija,minor,,
Gradec,45.911111,16.482778,Croatia,HR,Zagrebačka Županija,minor,,
Brela,43.368889,16.934167,Croatia,HR,Splitsko-Dalmatinska Županija,minor,,
Brdovec,45.866659,15.771015,Croatia,HR,Zagrebačka Županija,minor,,
Radoboj,46.166389,15.923611,Croatia,HR,Krapinsko-Zagorska Županija,minor,,
Hrašćina,46.1125,16.2275,Croatia,HR,Krapinsko-Zagorska Županija,minor,,
Stari Mikanovci,45.281667,18.5425,Croatia,HR,Vukovarsko-Srijemska Županija,minor,,
Rogoznica,43.524722,15.97,Croatia,HR,Šibensko-Kninska Županija,minor,,
Ivankovo,45.288611,18.683889,Croatia,HR,Vukovarsko-Srijemska Županija,minor,,
Omiš,43.444722,16.688611,Croatia,HR,Splitsko-Dalmatinska Županija,minor,,
Jelsa,43.161389,16.693056,Croatia,HR,Splitsko-Dalmatinska Županija,minor,,
Zagorska Sela,46.096944,15.635,Croatia,HR,Krapinsko-Zagorska Županija,minor,,
Duga Resa,45.428611,15.488333,Croatia,HR,Karlovačka Županija,minor,,
Sinj,43.703611,16.639444,Croatia,HR,Splitsko-Dalmatinska Županija,minor,,
Semeljci,45.360556,18.543611,Croatia,HR,Osječko-Baranjska Županija,minor,,
Viljevo,45.751389,18.063056,Croatia,HR,Osječko-Baranjska Županija,minor,,
Belišće,45.680278,18.405833,Croatia,HR,Osječko-Baranjska Županija,minor,,
Gundinci,45.158333,18.491389,Croatia,HR,Brodsko-Posavska Županija,minor,,
Gunja,44.88,18.853333,Croatia,HR,Vukovarsko-Srijemska Županija,minor,,
Križ,45.665,16.523333,Croatia,HR,Zagrebačka Županija,minor,,
Bedekovčina,46.041111,15.996389,Croatia,HR,Krapinsko-Zagorska Županija,minor,,
Klinča Sela,45.690278,15.741111,Croatia,HR,Zagrebačka Županija,minor,,
Udbina,44.530556,15.765556,Croatia,HR,Ličko-Senjska Županija,minor,,
Andrijaševci,45.224722,18.738056,Croatia,HR,Vukovarsko-Srijemska Županija,minor,,
Nedeščina,45.14,14.111944,Croatia,HR,Istarska Županija,minor,,
Nedelišće,46.375833,16.3875,Croatia,HR,Međimurska Županija,minor,,
Sveti Filip i Jakov,43.964722,15.43,Croatia,HR,Zadarska Županija,minor,,
Koška,45.545278,18.285833,Croatia,HR,Osječko-Baranjska Županija,minor,,
Mače,46.094722,16.035278,Croatia,HR,Krapinsko-Zagorska Županija,minor,,
Starigrad,43.184564,16.600203,Croatia,HR,Splitsko-Dalmatinska Županija,minor,,
Sibinj,45.191667,17.908056,Croatia,HR,Brodsko-Posavska Županija,minor,,
Ivanić-Grad,45.708333,16.396944,Croatia,HR,Zagrebačka Županija,minor,,
Otok,43.691389,16.738333,Croatia,HR,Splitsko-Dalmatinska Županija,minor,,
Pleternica,45.288611,17.806389,Croatia,HR,Požeško-Slavonska Županija,minor,,
Špišić-Bukovica,45.857222,17.299444,Croatia,HR,Virovitičko-Podravska Županija,minor,,
Bebrina,45.098333,17.834167,Croatia,HR,Brodsko-Posavska Županija,minor,,
Garešnica,45.574444,16.941389,Croatia,HR,Bjelovarsko-Bilogorska Županija,minor,,
Slunj,45.110833,15.589444,Croatia,HR,Karlovačka Županija,minor,,
Preko,44.081111,15.1875,Croatia,HR,Zadarska Županija,minor,,
Vladislavci,45.459444,18.574167,Croatia,HR,Osječko-Baranjska Županija,minor,,
Zabok,46.029444,15.915,Croatia,HR,Krapinsko-Zagorska Županija,minor,,
Sveti Ivan Žabno,45.946111,16.613333,Croatia,HR,Koprivničko-Križevačka Županija,minor,,
Marina,43.514722,16.106389,Croatia,HR,Splitsko-Dalmatinska Županija,minor,,
Lepoglava,46.210556,16.035556,Croatia,HR,Varaždinska Županija,minor,,
Supetar,43.384167,16.550833,Croatia,HR,Splitsko-Dalmatinska Županija,minor,,
Cista Provo,43.503333,16.947778,Croatia,HR,Splitsko-Dalmatinska Županija,minor,,
Ribnik,45.579444,15.351389,Croatia,HR,Karlovačka Županija,minor,,
Vrbovsko,45.368611,15.078333,Croatia,HR,Primorsko-Goranska Županija,minor,,
Mihovljan,46.133056,15.972222,Croatia,HR,Krapinsko-Zagorska Županija,minor,,
Pirovac,43.819167,15.672778,Croatia,HR,Šibensko-Kninska Županija,minor,,
Breznički Hum,46.107222,16.276667,Croatia,HR,Varaždinska Županija,minor,,
Vrbanja,44.981389,18.927222,Croatia,HR,Vukovarsko-Srijemska Županija,minor,,
Donja Voća,46.300833,16.105,Croatia,HR,Varaždinska Županija,minor,,
Poreč,45.225674,13.59511,Croatia,HR,Istarska Županija,minor,,
Trogir,43.5125,16.251667,Croatia,HR,Splitsko-Dalmatinska Županija,minor,,
Mošćenička Draga,45.237778,14.252222,Croatia,HR,Primorsko-Goranska Županija,minor,,
Drniš,43.8625,16.155556,Croatia,HR,Šibensko-Kninska Županija,minor,,
Koprivnički Bregi,46.138611,16.905833,Croatia,HR,Koprivničko-Križevačka Županija,minor,,
Vratišinec,46.478056,16.457778,Croatia,HR,Međimurska Županija,minor,,
Josipdol,45.185,15.286667,Croatia,HR,Karlovačka Županija,minor,,
Donja Motičina,45.494722,18.024167,Croatia,HR,Osječko-Baranjska Županija,minor,,
Posedarje,44.213611,15.476667,Croatia,HR,Zadarska Županija,minor,,
Krapina,46.160833,15.878889,Croatia,HR,Krapinsko-Zagorska Županija,admin,,
Krapinske Toplice,46.093333,15.843333,Croatia,HR,Krapinsko-Zagorska Županija,minor,,
Ferdinandovac,46.05,17.2,Croatia,HR,Koprivničko-Križevačka Županija,minor,,
Cestica,46.371667,16.125278,Croatia,HR,Varaždinska Županija,minor,,
Našice,45.488611,18.087778,Croatia,HR,Osječko-Baranjska Županija,minor,,
Sutivan,43.385833,16.476944,Croatia,HR,Splitsko-Dalmatinska Županija,minor,,
Štefanje,45.804722,16.720278,Croatia,HR,Bjelovarsko-Bilogorska Županija,minor,,
Rakovica,45.0,15.651389,Croatia,HR,Karlovačka Županija,minor,,
Gola,46.195833,17.058056,Croatia,HR,Koprivničko-Križevačka Županija,minor,,
Korenica,44.743889,15.709722,Croatia,HR,Ličko-Senjska Županija,minor,,
Ðulovac,45.666111,17.433333,Croatia,HR,Bjelovarsko-Bilogorska Županija,minor,,
Kastav,45.375278,14.348611,Croatia,HR,Primorsko-Goranska Županija,minor,,
Gornji Kneginec,46.25,16.366667,Croatia,HR,Varaždinska Županija,minor,,
Klanjec,46.046667,15.736111,Croatia,HR,Krapinsko-Zagorska Županija,minor,,
Podgora,43.243333,17.077222,Croatia,HR,Splitsko-Dalmatinska Županija,minor,,
Sveti Petar Orehovec,46.075556,16.451667,Croatia,HR,Koprivničko-Križevačka Županija,minor,,
Orebić,42.985556,17.174722,Croatia,HR,Dubrovačko-Neretvanska Županija,minor,,
Sisak,45.466111,16.378333,Croatia,HR,Sisačko-Moslavačka Županija,admin,,
Sveti Križ Začretje,46.080833,15.911111,Croatia,HR,Krapinsko-Zagorska Županija,minor,,
Kneževi Vinogradi,45.750278,18.733056,Croatia,HR,Osječko-Baranjska Županija,minor,,
Virje,46.067222,16.99,Croatia,HR,Koprivničko-Križevačka Županija,minor,,
Virovitica,45.831944,17.383889,Croatia,HR,Virovitičko-Podravska Županija,admin,,
Donja Pušća,45.916667,15.777778,Croatia,HR,Zagrebačka Županija,minor,,
Čaglin,45.349722,17.989722,Croatia,HR,Požeško-Slavonska Županija,minor,,
Ravna Gora,45.372778,14.935278,Croatia,HR,Primorsko-Goranska Županija,minor,,
Marčana,44.955278,13.953889,Croatia,HR,Istarska Županija,minor,,
Karlobag,44.5275,15.073889,Croatia,HR,Ličko-Senjska Županija,minor,,
Karlovac,45.487222,15.547778,Croatia,HR,Karlovačka Županija,admin,,
Pitomača,45.950556,17.229444,Croatia,HR,Virovitičko-Podravska Županija,minor,,
Otočac,44.869444,15.2375,Croatia,HR,Ličko-Senjska Županija,minor,,
Stara Gradiška,45.148611,17.246667,Croatia,HR,Brodsko-Posavska Županija,minor,,
Gradina,45.855,17.507222,Croatia,HR,Virovitičko-Podravska Županija,minor,,
Ližnjan,44.828333,13.956944,Croatia,HR,Istarska Županija,minor,,
Lanišće,45.407222,14.116389,Croatia,HR,Istarska Županija,minor,,
Viškovci,45.345,18.462222,Croatia,HR,Osječko-Baranjska Županija,minor,,
Ljubešćica,46.166667,16.383333,Croatia,HR,Varaždinska Županija,minor,,
Tučepi,43.272222,17.054444,Croatia,HR,Splitsko-Dalmatinska Županija,minor,,
Satnica Ðakovačka,45.355833,18.378056,Croatia,HR,Osječko-Baranjska Županija,minor,,
Unešić,43.740556,16.189722,Croatia,HR,Šibensko-Kninska Županija,minor,,
Kaštel Sućurac,43.550278,16.426389,Croatia,HR,Splitsko-Dalmatinska Županija,minor,,
Benkovac,44.034444,15.612778,Croatia,HR,Zadarska Županija,minor,,
Velika Kopanica,45.156111,18.393056,Croatia,HR,Brodsko-Posavska Županija,minor,,
Molve,46.109167,17.031667,Croatia,HR,Koprivničko-Križevačka Županija,minor,,
Končanica,45.636111,17.166389,Croatia,HR,Bjelovarsko-Bilogorska Županija,minor,,
Nuštar,45.3325,18.841389,Croatia,HR,Vukovarsko-Srijemska Županija,minor,,
Sukošan,44.05,15.316667,Croatia,HR,Zadarska Županija,minor,,
Lastovo,42.768056,16.900833,Croatia,HR,Dubrovačko-Neretvanska Županija,minor,,
Novigrad,45.315772,13.561927,Croatia,HR,Istarska Županija,minor,,
Vođinci,45.275556,18.609722,Croatia,HR,Vukovarsko-Srijemska Županija,minor,,
Hvar,43.1725,16.442778,Croatia,HR,Splitsko-Dalmatinska Županija,minor,,
Civljane,43.95,16.4,Croatia,HR,Šibensko-Kninska Županija,minor,,
Sunja,45.365,16.566944,Croatia,HR,Sisačko-Moslavačka Županija,minor,,
Skrad,45.427778,14.911111,Croatia,HR,Primorsko-Goranska Županija,minor,,
Ludbreg,46.251944,16.614722,Croatia,HR,Varaždinska Županija,minor,,
Motovun,45.336667,13.828611,Croatia,HR,Istarska Županija,minor,,
Glina,45.338056,16.088056,Croatia,HR,Sisačko-Moslavačka Županija,minor,,
Grubišno Polje,45.7,17.168611,Croatia,HR,Bjelovarsko-Bilogorska Županija,minor,,
Tinjan,45.218056,13.839444,Croatia,HR,Istarska Županija,minor,,
Baška Voda,43.356944,16.950278,Croatia,HR,Splitsko-Dalmatinska Županija,minor,,
Draž,45.842222,18.788611,Croatia,HR,Osječko-Baranjska Županija,minor,,
Postire,43.376389,16.632222,Croatia,HR,Splitsko-Dalmatinska Županija,minor,,
Jakovlje,45.951389,15.856111,Croatia,HR,Zagrebačka Županija,minor,,
Klenovnik,46.270278,16.07,Croatia,HR,Varaždinska Županija,minor,,
Vrgorac,43.205833,17.371111,Croatia,HR,Splitsko-Dalmatinska Županija,minor,,
Gvozd,45.350278,15.880556,Croatia,HR,Sisačko-Moslavačka Županija,minor,,
Zlatar Bistrica,46.056419,16.061677,Croatia,HR,Krapinsko-Zagorska Županija,minor,,
Višnjan,45.276389,13.720833,Croatia,HR,Istarska Županija,minor,,
Čeminac,45.686389,18.6675,Croatia,HR,Osječko-Baranjska Županija,minor,,
Cetingrad,45.159722,15.739444,Croatia,HR,Karlovačka Županija,minor,,
Tordinci,45.370278,18.795,Croatia,HR,Vukovarsko-Srijemska Županija,minor,,
Berek,45.738333,16.830278,Croatia,HR,Bjelovarsko-Bilogorska Županija,minor,,
Beretinec,46.25,16.3,Croatia,HR,Varaždinska Županija,minor,,
Lokvičič,43.466667,17.066667,Croatia,HR,Splitsko-Dalmatinska Županija,minor,,
Grožnjan,45.378889,13.723889,Croatia,HR,Istarska Županija,minor,,
Hlebine,46.156944,16.962778,Croatia,HR,Koprivničko-Križevačka Županija,minor,,
Drenovci,44.920556,18.912222,Croatia,HR,Vukovarsko-Srijemska Županija,minor,,
Barban,45.064444,14.013611,Croatia,HR,Istarska Županija,minor,,
Dubravica,45.95,15.733333,Croatia,HR,Zagrebačka Županija,minor,,
Knin,44.043889,16.2,Croatia,HR,Šibensko-Kninska Županija,minor,,
Suhopolje,45.799722,17.499167,Croatia,HR,Virovitičko-Podravska Županija,minor,,
Bosiljevo,45.401389,15.288333,Croatia,HR,Karlovačka Županija,minor,,
Mlinište,42.9925,17.615833,Croatia,HR,Dubrovačko-Neretvanska Županija,minor,,
Runović,43.376667,17.236667,Croatia,HR,Splitsko-Dalmatinska Županija,minor,,
Netretić,45.508889,15.413333,Croatia,HR,Karlovačka Županija,minor,,
Petrijevci,45.612778,18.535278,Croatia,HR,Osječko-Baranjska Županija,minor,,
Jalžabet,46.260833,16.475,Croatia,HR,Varaždinska Županija,minor,,
Gradac,43.105833,17.341667,Croatia,HR,Splitsko-Dalmatinska Županija,minor,,
Selca,43.297222,16.850833,Croatia,HR,Splitsko-Dalmatinska Županija,minor,,
Davor,45.115278,17.516389,Croatia,HR,Brodsko-Posavska Županija,minor,,
Lupoglav,45.351111,14.104444,Croatia,HR,Istarska Županija,minor,,
Grohote,43.391667,16.287222,Croatia,HR,Splitsko-Dalmatinska Županija,minor,,
Sokolovac,46.110833,16.706389,Croatia,HR,Koprivničko-Križevačka Županija,minor,,
Kršan,45.173333,14.138611,Croatia,HR,Istarska Županija,minor,,
Sikirevci,45.108889,18.464444,Croatia,HR,Brodsko-Posavska Županija,minor,,
Svetvinčenat,45.088056,13.883611,Croatia,HR,Istarska Županija,minor,,
Sračinec,46.329444,16.278889,Croatia,HR,Varaždinska Županija,minor,,
Jarmina,45.318056,18.729167,Croatia,HR,Vukovarsko-Srijemska Županija,minor,,
Donji Muć,43.726111,16.5,Croatia,HR,Splitsko-Dalmatinska Županija,minor,,
Nova Gradiška,45.255,17.383056,Croatia,HR,Brodsko-Posavska Županija,minor,,
Pazin,45.240278,13.936667,Croatia,HR,Istarska Županija,admin,,
Maruševec,46.288889,16.183056,Croatia,HR,Varaždinska Županija,minor,,
Poljanica Bistranska,45.9,15.883333,Croatia,HR,Zagrebačka Županija,minor,,
Kaptol,45.434722,17.726111,Croatia,HR,Požeško-Slavonska Županija,minor,,
Čabar,45.595833,14.640833,Croatia,HR,Primorsko-Goranska Županija,minor,,
Brodski Stupnik,45.167778,17.803611,Croatia,HR,Brodsko-Posavska Županija,minor,,
Lišane Ostrovičke,43.968611,15.774167,Croatia,HR,Zadarska Županija,minor,,
Veliko Trojstvo,45.935556,16.934167,Croatia,HR,Bjelovarsko-Bilogorska Županija,minor,,
Veliko Trgovišće,46.0,15.85,Croatia,HR,Krapinsko-Zagorska Županija,minor,,
Okučani,45.258333,17.201667,Croatia,HR,Brodsko-Posavska Županija,minor,,
Drenje,45.381111,18.281944,Croatia,HR,Osječko-Baranjska Županija,minor,,
Kula Norinska,43.031111,17.605,Croatia,HR,Dubrovačko-Neretvanska Županija,minor,,
Lopar,44.8325,14.730278,Croatia,HR,Primorsko-Goranska Županija,minor,,
Kotoriba,46.355,16.818056,Croatia,HR,Međimurska Županija,minor,,
Gospić,44.546111,15.374722,Croatia,HR,Ličko-Senjska Županija,admin,,
Tisno,43.804167,15.643333,Croatia,HR,Šibensko-Kninska Županija,minor,,
Zdenci,45.589167,17.950278,Croatia,HR,Virovitičko-Podravska Županija,minor,,
Marija Gorica,45.916667,15.733333,Croatia,HR,Zagrebačka Županija,minor,,
Gornji Bogičevci,45.259444,17.236111,Croatia,HR,Brodsko-Posavska Županija,minor,,
Draganići,45.6,15.6,Croatia,HR,Karlovačka Županija,minor,,
Kraljevica,45.269722,14.570833,Croatia,HR,Primorsko-Goranska Županija,minor,,
Kraljevec na Sutli,45.983333,15.733333,Croatia,HR,Krapinsko-Zagorska Županija,minor,,
Dobrinj,45.126667,14.603333,Croatia,HR,Primorsko-Goranska Županija,minor,,
Ðurmanec,46.196389,15.840833,Croatia,HR,Krapinsko-Zagorska Županija,minor,,
Sveti Ðurđ,46.284444,16.604167,Croatia,HR,Varaždinska Županija,minor,,
Čađavica,45.744167,17.854722,Croatia,HR,Virovitičko-Podravska Županija,minor,,
Sirač,45.523333,17.255,Croatia,HR,Bjelovarsko-Bilogorska Županija,minor,,
Janjina,42.925278,17.428333,Croatia,HR,Dubrovačko-Neretvanska Županija,minor,,
Strizivojna,45.226111,18.423889,Croatia,HR,Osječko-Baranjska Županija,minor,,
Gornja Vrba,45.155278,18.065556,Croatia,HR,Brodsko-Posavska Županija,minor,,
Ðelekovec,46.248611,16.866667,Croatia,HR,Koprivničko-Križevačka Županija,minor,,
Vižinada,45.329444,13.758611,Croatia,HR,Istarska Županija,minor,,
Cavtat,42.581111,18.218056,Croatia,HR,Dubrovačko-Neretvanska Županija,minor,,
Čavle,45.351944,14.483889,Croatia,HR,Primorsko-Goranska Županija,minor,,
Gorjani,45.398889,18.372222,Croatia,HR,Osječko-Baranjska Županija,minor,,
Novo Virje,46.091389,17.151667,Croatia,HR,Koprivničko-Križevačka Županija,minor,,
Opatija,45.339167,14.308333,Croatia,HR,Primorsko-Goranska Županija,minor,,
Farkaševac,45.879444,16.640833,Croatia,HR,Zagrebačka Županija,minor,,
Drnje,46.206944,16.916944,Croatia,HR,Koprivničko-Križevačka Županija,minor,,
Veliki Grđevac,45.750278,17.0475,Croatia,HR,Bjelovarsko-Bilogorska Županija,minor,,
Dugo Selo,45.806111,16.244444,Croatia,HR,Zagrebačka Županija,minor,,
Ðakovo,45.308333,18.410556,Croatia,HR,Osječko-Baranjska Županija,minor,,
Kali,44.062778,15.205556,Croatia,HR,Zadarska Županija,minor,,
Funtana,45.174722,13.605,Croatia,HR,Istarska Županija,minor,,
Sopje,45.801111,17.7425,Croatia,HR,Virovitičko-Podravska Županija,minor,,
Cres,44.961389,14.407778,Croatia,HR,Primorsko-Goranska Županija,minor,,
Štrigova,46.502222,16.288333,Croatia,HR,Međimurska Županija,minor,,
Vrbovec,45.883333,16.421667,Croatia,HR,Zagrebačka Županija,minor,,
Vrsi,44.264722,15.2325,Croatia,HR,Zadarska Županija,minor,,
Lopatinec,46.433333,16.383333,Croatia,HR,Međimurska Županija,minor,,
Makarska,43.296944,17.017778,Croatia,HR,Splitsko-Dalmatinska Županija,minor,,
Kutjevo,45.426111,17.8825,Croatia,HR,Požeško-Slavonska Županija,minor,,
Tounj,45.253889,15.338056,Croatia,HR,Karlovačka Županija,minor,,
Belica,46.404167,16.518333,Croatia,HR,Međimurska Županija,minor,,
Nova Bukovica,45.664722,17.766944,Croatia,HR,Virovitičko-Podravska Županija,minor,,
Velika,45.454444,17.661389,Croatia,HR,Požeško-Slavonska Županija,minor,,
Novigrad,44.183889,15.554167,Croatia,HR,Zadarska Županija,minor,,
Novigrad Podravski,46.078056,16.953889,Croatia,HR,Koprivničko-Križevačka Županija,minor,,
Gornje Jesenje,46.206389,15.9125,Croatia,HR,Krapinsko-Zagorska Županija,minor,,
Sveta Marija,46.335556,16.741944,Croatia,HR,Međimurska Županija,minor,,
Sveta Nedjelja,45.798333,15.780556,Croatia,HR,Zagrebačka Županija,minor,,
Koprivnica,46.162778,16.8275,Croatia,HR,Koprivničko-Križevačka Županija,admin,,
Popovača,45.569722,16.625,Croatia,HR,Sisačko-Moslavačka Županija,minor,,
Crikvenica,45.177222,14.692778,Croatia,HR,Primorsko-Goranska Županija,minor,,
Čakovec,46.384444,16.433889,Croatia,HR,Međimurska Županija,admin,,
Kijevo,44.008889,16.358056,Croatia,HR,Šibensko-Kninska Županija,minor,,
Vrbje,45.1875,17.419167,Croatia,HR,Brodsko-Posavska Županija,minor,,
Plaški,45.076389,15.368056,Croatia,HR,Karlovačka Županija,minor,,
Smokvica,42.930556,16.896389,Croatia,HR,Dubrovačko-Neretvanska Županija,minor,,
Šandrovac,45.905556,17.021111,Croatia,HR,Bjelovarsko-Bilogorska Županija,minor,,
Raša,45.080278,14.078889,Croatia,HR,Istarska Županija,minor,,
Trpinja,45.419167,18.899167,Croatia,HR,Vukovarsko-Srijemska Županija,minor,,
Kapela,45.988333,16.851389,Croatia,HR,Bjelovarsko-Bilogorska Županija,minor,,
Borovo,45.405278,18.975833,Croatia,HR,Vukovarsko-Srijemska Županija,minor,,
Pokupsko,45.487222,15.993333,Croatia,HR,Zagrebačka Županija,minor,,
Lovas,45.226389,19.171111,Croatia,HR,Vukovarsko-Srijemska Županija,minor,,
Sali,43.939722,15.163333,Croatia,HR,Zadarska Županija,minor,,
Primošten,43.586944,15.927222,Croatia,HR,Šibensko-Kninska Županija,minor,,
Bakar,45.308611,14.530278,Croatia,HR,Primorsko-Goranska Županija,minor,,
Martinska Ves,45.583678,16.376173,Croatia,HR,Sisačko-Moslavačka Županija,minor,,
Marjanci,45.666944,18.292222,Croatia,HR,Osječko-Baranjska Županija,minor,,
Vidovec,46.283333,16.241111,Croatia,HR,Varaždinska Županija,minor,,
Stubičke Toplice,45.968718,15.917967,Croatia,HR,Krapinsko-Zagorska Županija,minor,,
Donji Proložac,43.469722,17.156389,Croatia,HR,Splitsko-Dalmatinska Županija,minor,,
Lovran,45.291944,14.274167,Croatia,HR,Primorsko-Goranska Županija,minor,,
Lovreć,43.5,17.0,Croatia,HR,Splitsko-Dalmatinska Županija,minor,,
Sveti Lovreč Pazenatički,45.175833,13.741944,Croatia,HR,Istarska Županija,minor,,
Kalnik,46.128333,16.4625,Croatia,HR,Koprivničko-Križevačka Županija,minor,,
Štitar,45.095556,18.640278,Croatia,HR,Vukovarsko-Srijemska Županija,minor,,
Novi Vinodolski,45.128056,14.788889,Croatia,HR,Primorsko-Goranska Županija,minor,,
Trilj,43.618333,16.724167,Croatia,HR,Splitsko-Dalmatinska Županija,minor,,
Bukovlje,45.185278,18.07,Croatia,HR,Brodsko-Posavska Županija,minor,,
Legrad,46.2975,16.856667,Croatia,HR,Koprivničko-Križevačka Županija,minor,,
Kraj,43.6375,16.581944,Croatia,HR,Splitsko-Dalmatinska Županija,minor,,
Privlaka,44.263333,15.119722,Croatia,HR,Zadarska Županija,minor,,
Žakanje,45.6,15.35,Croatia,HR,Karlovačka Županija,minor,,
Pašman,43.9575,15.385,Croatia,HR,Zadarska Županija,minor,,
Brod Moravice,45.465278,14.974444,Croatia,HR,Primorsko-Goranska Županija,minor,,
Domašinec,46.4325,16.6,Croatia,HR,Međimurska Županija,minor,,
Pučišće,43.347778,16.733889,Croatia,HR,Splitsko-Dalmatinska Županija,minor,,
Tovarnik,45.165,19.151944,Croatia,HR,Vukovarsko-Srijemska Županija,minor,,
Korčula,42.962222,17.136944,Croatia,HR,Dubrovačko-Neretvanska Županija,minor,,
Ston,42.838611,17.696389,Croatia,HR,Dubrovačko-Neretvanska Županija,minor,,
Slatina,45.703333,17.702778,Croatia,HR,Virovitičko-Podravska Županija,minor,,
Okrug Gornji,43.497222,16.221667,Croatia,HR,Splitsko-Dalmatinska Županija,minor,,
Bogdanovci,45.340833,18.930833,Croatia,HR,Vukovarsko-Srijemska Županija,minor,,
Donji Seget,43.516667,16.233333,Croatia,HR,Splitsko-Dalmatinska Županija,minor,,
Rab,44.756944,14.760833,Croatia,HR,Primorsko-Goranska Županija,minor,,
Kamanje,45.635278,15.395833,Croatia,HR,Karlovačka Županija,minor,,
Kanfanar,45.121944,13.839167,Croatia,HR,Istarska Županija,minor,,
Cerovlje,45.278056,14.012222,Croatia,HR,Istarska Županija,minor,,
Zlatar,46.094167,16.070833,Croatia,HR,Krapinsko-Zagorska Županija,minor,,
Koprivnički Ivanec,46.202778,16.816667,Croatia,HR,Koprivničko-Križevačka Županija,minor,,
Donji Kraljevec,46.366111,16.652778,Croatia,HR,Međimurska Županija,minor,,
Punat,45.014722,14.628889,Croatia,HR,Primorsko-Goranska Županija,minor,,
Dubrava,45.838056,16.543889,Croatia,HR,Zagrebačka Županija,minor,,
Lipik,45.411389,17.152222,Croatia,HR,Požeško-Slavonska Županija,minor,,
Beli Manastir,45.77,18.603611,Croatia,HR,Osječko-Baranjska Županija,minor,,
Obrovac,44.200556,15.682222,Croatia,HR,Zadarska Županija,minor,,
Jastrebarsko,45.668333,15.648611,Croatia,HR,Zagrebačka Županija,minor,,
Kravarsko,45.583333,16.05,Croatia,HR,Zagrebačka Županija,minor,,
Negoslavci,45.279444,18.996667,Croatia,HR,Vukovarsko-Srijemska Županija,minor,,
Podravska Moslavina,45.786354,17.969494,Croatia,HR,Osječko-Baranjska Županija,minor,,
Viškovo,45.382676,14.386204,Croatia,HR,Primorsko-Goranska Županija,minor,,
Magadenovac,45.663198,18.190372,Croatia,HR,Osječko-Baranjska Županija,minor,,
Feričanci,45.528889,17.975833,Croatia,HR,Osječko-Baranjska Županija,minor,,
Zadvarje,43.431389,16.889722,Croatia,HR,Splitsko-Dalmatinska Županija,minor,,
Bjelovar,45.898611,16.848889,Croatia,HR,Bjelovarsko-Bilogorska Županija,admin,,
Stari Jankovci,45.261944,18.914444,Croatia,HR,Vukovarsko-Srijemska Županija,minor,,
Starigrad,44.293056,15.443056,Croatia,HR,Zadarska Županija,minor,,
Preseka,45.966667,16.383333,Croatia,HR,Zagrebačka Županija,minor,,
Erdut,45.526389,19.060278,Croatia,HR,Osječko-Baranjska Županija,minor,,
Jelenje,45.386111,14.451111,Croatia,HR,Primorsko-Goranska Županija,minor,,
Strahoninec,46.368889,16.415,Croatia,HR,Međimurska Županija,minor,,
Šenkovec,46.408889,16.421667,Croatia,HR,Međimurska Županija,minor,,
Novska,45.340556,16.976944,Croatia,HR,Sisačko-Moslavačka Županija,minor,,
Bibinje,44.066667,15.3,Croatia,HR,Zadarska Županija,minor,,
Križevci,46.021944,16.5425,Croatia,HR,Koprivničko-Križevačka Županija,minor,,
Fužine,45.305278,14.715556,Croatia,HR,Primorsko-Goranska Županija,minor,,
Blato,42.940833,16.791667,Croatia,HR,Dubrovačko-Neretvanska Županija,minor,,
Škabrnje,44.091389,15.453889,Croatia,HR,Zadarska Županija,minor,,
Bizovac,45.592778,18.458889,Croatia,HR,Osječko-Baranjska Županija,minor,,
Gornja Stubica,45.966667,16.033333,Croatia,HR,Krapinsko-Zagorska Županija,minor,,
Vela Luka,42.963333,16.7225,Croatia,HR,Dubrovačko-Neretvanska Županija,minor,,
Vinkovci,45.288333,18.804722,Croatia,HR,Vukovarsko-Srijemska Županija,minor,,
Marija Bistrica,46.006111,16.111111,Croatia,HR,Krapinsko-Zagorska Županija,minor,,
Malinska,45.125278,14.528056,Croatia,HR,Primorsko-Goranska Županija,minor,,
Krk,45.025833,14.573056,Croatia,HR,Primorsko-Goranska Županija,minor,,
Poličnik,44.178056,15.375556,Croatia,HR,Zadarska Županija,minor,,
Pakoštane,43.912222,15.508889,Croatia,HR,Zadarska Županija,minor,,
Zaprešić,45.856389,15.807778,Croatia,HR,Zagrebačka Županija,minor,,
Velika Ludina,45.6,16.6,Croatia,HR,Sisačko-Moslavačka Županija,minor,,
Hum na Sutli,46.211389,15.690833,Croatia,HR,Krapinsko-Zagorska Županija,minor,,
Senj,44.989444,14.905833,Croatia,HR,Ličko-Senjska Županija,minor,,
Nijemci,45.140278,19.035556,Croatia,HR,Vukovarsko-Srijemska Županija,minor,,
Trnava,45.261389,18.253056,Croatia,HR,Osječko-Baranjska Županija,minor,,
Velika Pisanica,45.801944,17.085833,Croatia,HR,Bjelovarsko-Bilogorska Županija,minor,,
Karojba,45.300833,13.823056,Croatia,HR,Istarska Županija,minor,,
Opuzen,43.015278,17.565556,Croatia,HR,Dubrovačko-Neretvanska Županija,minor,,
Gračišće,45.218889,14.010556,Croatia,HR,Istarska Županija,minor,,
Vrpolje,45.210556,18.405556,Croatia,HR,Brodsko-Posavska Županija,minor,,
Konjšćina,46.052104,16.172639,Croatia,HR,Krapinsko-Zagorska Županija,minor,,
Selnica,46.496111,16.403611,Croatia,HR,Međimurska Županija,minor,,
Vuka,45.433889,18.505,Croatia,HR,Osječko-Baranjska Županija,minor,,
Vinica,46.336111,16.149444,Croatia,HR,Varaždinska Županija,minor,,
Donja Dubrava,46.314722,16.811944,Croatia,HR,Međimurska Županija,minor,,
Vodnjan,44.959444,13.851667,Croatia,HR,Istarska Županija,minor,,
Majur,45.255,16.531944,Croatia,HR,Sisačko-Moslavačka Županija,minor,,
Hrvatska Kostajnica,45.231667,16.539167,Croatia,HR,Sisačko-Moslavačka Županija,minor,,
Ernestinovo,45.451944,18.659167,Croatia,HR,Osječko-Baranjska Županija,minor,,
Polača,44.018333,15.5175,Croatia,HR,Zadarska Županija,minor,,
Pisarovina,45.586389,15.859167,Croatia,HR,Zagrebačka Županija,minor,,
Ivanec,46.223056,16.12,Croatia,HR,Varaždinska Županija,minor,,
Bribir,45.161111,14.764722,Croatia,HR,Primorsko-Goranska Županija,minor,,
Podturen,46.464722,16.543056,Croatia,HR,Međimurska Županija,minor,,
Cerna,45.181944,18.689444,Croatia,HR,Vukovarsko-Srijemska Županija,minor,,
