city,lat,lng,country,iso2,admin,capital,population,population_proper
Budapest,47.5,19.083333,Hungary,HU,Budapest,primary,1679000,1679000
Miskolc,48.1,20.783333,Hungary,HU,Miskolc,admin,247757,172637
Debrecen,47.533333,21.633333,Hungary,HU,Debrecen,admin,231286,204124
Szeged,46.25,20.166667,Hungary,HU,Szeged,admin,187765,164883
Pécs,46.075363,18.232845,Hungary,HU,Pécs,admin,186262,156649
Nyíregyháza,47.95,21.716667,Hungary,HU,Szabolcs-Szatmár-Bereg,admin,176880,116298
Székesfehérvár,47.195503,18.4096,Hungary,HU,Fejér,admin,144319,101600
Győr,47.687281,17.637616,Hungary,HU,Győr,admin,136081,128265
Kecskemét,46.9,19.783333,Hungary,HU,Bács-Kiskun,admin,113895,109847
Szombathely,47.233333,16.616667,Hungary,HU,Vas,admin,109518,79534
Szolnok,47.183333,20.2,Hungary,HU,Jász-Nagykun-Szolnok,admin,109261,75474
Kaposvár,46.366667,17.8,Hungary,HU,Somogy,admin,108528,67746
Horváttanya,47.55,18.433333,Hungary,HU,Komárom-Esztergom,,70541,70541
Békéscsaba,46.683333,21.1,Hungary,HU,Békés,admin,65206,65206
Veszprém,47.094289,17.911956,Hungary,HU,Veszprém,admin,62023,62023
Zalaegerszeg,46.84,16.843889,Hungary,HU,Zala,admin,61898,61898
Eger,47.9,20.383333,Hungary,HU,Heves,admin,56647,56647
Salgótarján,48.103363,19.805237,Hungary,HU,Nógrád,admin,39640,39640
Vác,47.780715,19.131006,Hungary,HU,Pest,minor,35293,35108
Szekszárd,46.350137,18.709051,Hungary,HU,Tolna,admin,34174,34174
Szeghalom,47.033333,21.166667,Hungary,HU,Békés,minor,,
Nagyatád,46.228066,17.360968,Hungary,HU,Somogy,minor,,
Sarkad,46.75,21.383333,Hungary,HU,Békés,minor,,
Kemecse,48.075319,21.806253,Hungary,HU,Szabolcs-Szatmár-Bereg,minor,,
Edelény,48.3,20.733333,Hungary,HU,Borsod-Abaúj-Zemplén,minor,,
Jánoshalma,46.298611,19.325833,Hungary,HU,Bács-Kiskun,minor,,
Tolna,46.426765,18.782476,Hungary,HU,Tolna,minor,,
Pilisvörösvár,47.617785,18.911081,Hungary,HU,Pest,minor,,
Sásd,46.255197,18.107757,Hungary,HU,Baranya,minor,,
Dombóvár,46.376568,18.136962,Hungary,HU,Tolna,minor,,
Tokaj,48.116667,21.416667,Hungary,HU,Borsod-Abaúj-Zemplén,minor,,
Bélapátfalva,48.05,20.366667,Hungary,HU,Heves,minor,,
Tiszakécske,46.932615,20.103487,Hungary,HU,Bács-Kiskun,minor,,
Fehérgyarmat,47.983333,22.516667,Hungary,HU,Szabolcs-Szatmár-Bereg,minor,,
Barcs,45.96,17.458611,Hungary,HU,Somogy,minor,,
Békés,46.766667,21.133333,Hungary,HU,Békés,minor,,
Bicske,47.484189,18.644038,Hungary,HU,Fejér,minor,,
Csenger,47.835822,22.680956,Hungary,HU,Szabolcs-Szatmár-Bereg,minor,,
Nyíradony,47.697457,21.918782,Hungary,HU,Hajdú-Bihar,minor,,
Nyírbátor,47.833333,22.133333,Hungary,HU,Szabolcs-Szatmár-Bereg,minor,,
Tiszafüred,47.616667,20.766667,Hungary,HU,Jász-Nagykun-Szolnok,minor,,
Nagykáta,47.415144,19.744099,Hungary,HU,Pest,minor,,
Szentes,46.658343,20.260801,Hungary,HU,Csongrád,minor,,
Kunszentmárton,46.83916,20.28879,Hungary,HU,Jász-Nagykun-Szolnok,minor,,
Pápa,47.330044,17.467398,Hungary,HU,Veszprém,minor,,
Enying,46.930465,18.242019,Hungary,HU,Fejér,minor,,
Nagykálló,47.875124,21.84536,Hungary,HU,Szabolcs-Szatmár-Bereg,minor,,
Baja,46.174957,18.956388,Hungary,HU,Bács-Kiskun,minor,,
Mátészalka,47.955279,22.323478,Hungary,HU,Szabolcs-Szatmár-Bereg,minor,,
Szigetvár,46.04865,17.805536,Hungary,HU,Baranya,minor,,
Tét,47.519225,17.50802,Hungary,HU,Győr-Moson-Sopron,minor,,
Püspökladány,47.316667,21.116667,Hungary,HU,Hajdú-Bihar,minor,,
Érd,47.394886,18.913605,Hungary,HU,Pest,minor,,
Bóly,45.967222,18.518333,Hungary,HU,Baranya,minor,,
Martonvásár,47.316012,18.79045,Hungary,HU,Fejér,minor,,
Sátoraljaújhely,48.394919,21.658712,Hungary,HU,Borsod-Abaúj-Zemplén,minor,,
Csongrád,46.713319,20.142415,Hungary,HU,Csongrád,minor,,
Kiskunmajsa,46.490278,19.74,Hungary,HU,Bács-Kiskun,minor,,
Kiskunhalas,46.434025,19.484795,Hungary,HU,Bács-Kiskun,minor,,
Jászberény,47.5,19.916667,Hungary,HU,Jász-Nagykun-Szolnok,minor,,
Tapolca,46.881518,17.44117,Hungary,HU,Veszprém,minor,,
Kazincbarcika,48.25,20.633333,Hungary,HU,Borsod-Abaúj-Zemplén,minor,,
Nagykanizsa,46.514167,16.971667,Hungary,HU,Zala,admin,,
Siklós,45.854992,18.297523,Hungary,HU,Baranya,minor,,
Heves,47.6,20.283333,Hungary,HU,Heves,minor,,
Hajdúhadház,47.683333,21.666667,Hungary,HU,Hajdú-Bihar,minor,,
Kőszeg,47.389223,16.541001,Hungary,HU,Vas,minor,,
Szentgotthárd,46.946513,16.315555,Hungary,HU,Vas,minor,,
Dunaújváros,46.980651,18.932674,Hungary,HU,Fejér,admin,,
Szarvas,46.866667,20.55,Hungary,HU,Békés,minor,,
Letenye,46.433013,16.725832,Hungary,HU,Zala,minor,,
Kistelek,46.4725,19.979722,Hungary,HU,Csongrád,minor,,
Ibrány,48.123294,21.709527,Hungary,HU,Szabolcs-Szatmár-Bereg,minor,,
Vásárosnamény,48.125423,22.313252,Hungary,HU,Szabolcs-Szatmár-Bereg,minor,,
Aszód,47.653902,19.498001,Hungary,HU,Pest,minor,,
Oroszlány,47.486706,18.31225,Hungary,HU,Komárom-Esztergom,minor,,
Baktalórántháza,48.0,22.083333,Hungary,HU,Szabolcs-Szatmár-Bereg,minor,,
Paks,46.62648,18.859624,Hungary,HU,Tolna,minor,,
Sopron,47.683333,16.6,Hungary,HU,Győr-Moson-Sopron,admin,,
Mohács,45.993056,18.683056,Hungary,HU,Baranya,minor,,
Szikszó,48.2,20.933333,Hungary,HU,Borsod-Abaúj-Zemplén,minor,,
Mezőkövesd,47.816667,20.583333,Hungary,HU,Borsod-Abaúj-Zemplén,minor,,
Mezőkovácsháza,46.4,20.916667,Hungary,HU,Békés,minor,,
Ráckeve,47.160951,18.944781,Hungary,HU,Pest,minor,,
Siófok,46.904125,18.058002,Hungary,HU,Somogy,minor,,
Tatabánya,47.584941,18.393253,Hungary,HU,Komárom-Esztergom,admin,,
Karcag,47.316667,20.933333,Hungary,HU,Jász-Nagykun-Szolnok,minor,,
Zirc,47.262384,17.870522,Hungary,HU,Veszprém,minor,,
Hajdúböszörmény,47.666667,21.516667,Hungary,HU,Hajdú-Bihar,minor,,
Balatonfüred,46.96188,17.871866,Hungary,HU,Veszprém,minor,,
Komló,46.188855,18.260645,Hungary,HU,Baranya,minor,,
Tata,47.652891,18.31838,Hungary,HU,Komárom-Esztergom,minor,,
Kapuvár,47.592235,17.028857,Hungary,HU,Győr-Moson-Sopron,minor,,
Sárbogárd,46.886555,18.619464,Hungary,HU,Fejér,minor,,
Kunhegyes,47.366667,20.633333,Hungary,HU,Jász-Nagykun-Szolnok,minor,,
Dunakeszi,47.636405,19.13864,Hungary,HU,Pest,minor,,
Monor,47.351333,19.447335,Hungary,HU,Pest,minor,,
Tab,46.731353,18.032013,Hungary,HU,Somogy,minor,,
Szécsény,48.080573,19.520189,Hungary,HU,Nógrád,minor,,
Gödöllő,47.596574,19.355151,Hungary,HU,Pest,minor,,
Bonyhád,46.3,18.52905,Hungary,HU,Tolna,minor,,
Ózd,48.216667,20.3,Hungary,HU,Borsod-Abaúj-Zemplén,minor,,
Fonyód,46.755525,17.579452,Hungary,HU,Somogy,minor,,
Szerencs,48.159933,21.209702,Hungary,HU,Borsod-Abaúj-Zemplén,minor,,
Gyöngyös,47.782571,19.928003,Hungary,HU,Heves,minor,,
Gönc,48.466667,21.283333,Hungary,HU,Borsod-Abaúj-Zemplén,minor,,
Devecser,47.103163,17.438023,Hungary,HU,Veszprém,minor,,
Encs,48.333333,21.133333,Hungary,HU,Borsod-Abaúj-Zemplén,minor,,
Zalaszentgrót,46.944739,17.079253,Hungary,HU,Zala,minor,,
Mezőcsát,47.816667,20.916667,Hungary,HU,Borsod-Abaúj-Zemplén,minor,,
Szigetszentmiklós,47.343819,19.043351,Hungary,HU,Pest,minor,,
Marcali,46.584983,17.411965,Hungary,HU,Somogy,minor,,
Gyál,47.384493,19.221395,Hungary,HU,Pest,minor,,
Vecsés,47.407047,19.286483,Hungary,HU,Pest,minor,,
Szob,47.819212,18.870205,Hungary,HU,Pest,minor,,
Gárdony,47.209063,18.64491,Hungary,HU,Fejér,minor,,
Berettyóújfalu,47.216667,21.55,Hungary,HU,Hajdú-Bihar,minor,,
Rétság,47.927612,19.13669,Hungary,HU,Nógrád,minor,,
Vasvár,47.049018,16.804145,Hungary,HU,Vas,minor,,
Pécsvárad,46.161732,18.427501,Hungary,HU,Baranya,minor,,
Gyomaendrőd,46.933333,20.833333,Hungary,HU,Békés,minor,,
Csurgó,46.253139,17.100604,Hungary,HU,Somogy,minor,,
Kisvárda,48.216667,22.083333,Hungary,HU,Szabolcs-Szatmár-Bereg,minor,,
Pannonhalma,47.549465,17.755354,Hungary,HU,Győr-Moson-Sopron,minor,,
Pásztó,47.920189,19.698287,Hungary,HU,Nógrád,minor,,
Makó,46.216667,20.483333,Hungary,HU,Csongrád,minor,,
Lenti,46.624027,16.538631,Hungary,HU,Zala,minor,,
Mór,47.377872,18.203534,Hungary,HU,Fejér,minor,,
Mórahalom,46.218056,19.885099,Hungary,HU,Csongrád,minor,,
Hódmezővásárhely,46.416667,20.333333,Hungary,HU,Csongrád,admin,,
Kiskunfélegyháza,46.712131,19.844576,Hungary,HU,Bács-Kiskun,minor,,
Tiszavasvári,47.966667,21.35,Hungary,HU,Szabolcs-Szatmár-Bereg,minor,,
Várpalota,47.199358,18.139543,Hungary,HU,Veszprém,minor,,
Csorna,47.611552,17.250122,Hungary,HU,Győr-Moson-Sopron,minor,,
Szentendre,47.664712,19.068063,Hungary,HU,Pest,minor,,
Sellye,45.872468,17.84711,Hungary,HU,Baranya,minor,,
Gyula,46.65,21.283333,Hungary,HU,Békés,minor,,
Tiszaújváros,47.933333,21.083333,Hungary,HU,Borsod-Abaúj-Zemplén,minor,,
Bácsalmás,46.12648,19.332596,Hungary,HU,Bács-Kiskun,minor,,
Füzesabony,47.75,20.416667,Hungary,HU,Heves,minor,,
Cigánd,48.255613,21.891946,Hungary,HU,Borsod-Abaúj-Zemplén,minor,,
Mezőtúr,47.0,20.633333,Hungary,HU,Jász-Nagykun-Szolnok,minor,,
Cegléd,47.172663,19.799524,Hungary,HU,Pest,minor,,
Budakeszi,47.510832,18.927171,Hungary,HU,Pest,minor,,
Mosonmagyaróvár,47.867885,17.269935,Hungary,HU,Győr-Moson-Sopron,minor,,
Kunszentmiklós,47.026995,19.125753,Hungary,HU,Bács-Kiskun,minor,,
Hajdúszoboszló,47.45,21.4,Hungary,HU,Hajdú-Bihar,minor,,
Eger,46.4,17.583333,Hungary,HU,Somogy,admin,,
Körmend,47.014377,16.599673,Hungary,HU,Vas,minor,,
Balassagyarmat,48.07296,19.296138,Hungary,HU,Nógrád,minor,,
Dabas,47.185938,19.310908,Hungary,HU,Pest,minor,,
Ajka,47.101963,17.558923,Hungary,HU,Veszprém,minor,,
Sárospatak,48.324498,21.57383,Hungary,HU,Borsod-Abaúj-Zemplén,minor,,
Putnok,48.3,20.433333,Hungary,HU,Borsod-Abaúj-Zemplén,minor,,
Sümeg,46.97957,17.280388,Hungary,HU,Veszprém,minor,,
Celldömölk,47.257125,17.150274,Hungary,HU,Vas,minor,,
Bátonyterenye,47.969618,19.840757,Hungary,HU,Nógrád,minor,,
Balatonalmádi,47.03526,18.020763,Hungary,HU,Veszprém,minor,,
Hajdúnánás,47.85,21.433333,Hungary,HU,Hajdú-Bihar,minor,,
Szentlőrinc,46.040164,17.987194,Hungary,HU,Baranya,minor,,
Esztergom,47.7928,18.741476,Hungary,HU,Komárom-Esztergom,minor,,
Keszthely,46.768121,17.24317,Hungary,HU,Zala,minor,,
Sárvár,47.255481,16.93041,Hungary,HU,Vas,minor,,
Orosháza,46.566667,20.666667,Hungary,HU,Békés,minor,,
Derecske,47.35,21.566667,Hungary,HU,Hajdú-Bihar,minor,,
Komárom,47.743184,18.11913,Hungary,HU,Komárom-Esztergom,minor,,
Tamási,46.633333,18.283333,Hungary,HU,Tolna,minor,,
Kiskőrös,46.621389,19.285281,Hungary,HU,Bács-Kiskun,minor,,
Kisbér,47.502891,18.036652,Hungary,HU,Komárom-Esztergom,minor,,
Hatvan,47.666667,19.683333,Hungary,HU,Heves,minor,,
Nagykőrös,47.034189,19.778574,Hungary,HU,Pest,minor,,
Törökszentmiklós,47.183333,20.416667,Hungary,HU,Jász-Nagykun-Szolnok,minor,,
Balmazújváros,47.616667,21.35,Hungary,HU,Hajdú-Bihar,minor,,
Záhony,48.409062,22.176139,Hungary,HU,Szabolcs-Szatmár-Bereg,minor,,
Polgárdi,47.060993,18.301999,Hungary,HU,Fejér,minor,,
Kalocsa,46.526389,18.985833,Hungary,HU,Bács-Kiskun,minor,,
Pétervására,48.016667,20.1,Hungary,HU,Heves,minor,,
