city,lat,lng,country,iso2,admin,capital,population,population_proper
Riga,56.95,24.1,Latvia,LV,Rīga,primary,742572,705033
Daugavpils,55.883333,26.533333,Latvia,LV,Daugavpils Novads,admin,111564,108375
Liepāja,56.516667,21.016667,Latvia,LV,Liepāja,admin,85132,82807
Jelgava,56.65,23.712778,Latvia,LV,Jelgavas Novads,admin,67207,61791
Ventspils,57.389881,21.572878,Latvia,LV,Ventspils,admin,42884,42644
Rēzekne,56.5,27.316667,Latvia,LV,Rēzeknes Novads,admin,38340,38098
Inčukalns,57.098056,24.686389,Latvia,LV,Inčukalna Novads,admin,,
Ķekava,56.829444,24.237222,Latvia,LV,Ķekavas Novads,admin,,
Valka,57.766667,26.0,Latvia,LV,Valkas Novads,admin,,
Loja,57.154444,24.644444,Latvia,LV,Sējas Novads,admin,,
Mārupe,56.903209,24.046678,Latvia,LV,Mārupes Novads,admin,,
Drabeši,57.233333,25.283333,Latvia,LV,Amatas Novads,admin,,
Iecava,56.598611,24.202222,Latvia,LV,Iecavas Novads,admin,,
Salacgrīva,57.753611,24.358056,Latvia,LV,Salacgrīvas Novads,admin,,
Ķegums,56.744167,24.715833,Latvia,LV,Ķeguma Novads,admin,,
Sigulda,57.151944,24.864722,Latvia,LV,Siguldas Novads,admin,,
Jaunpils,56.7325,23.013611,Latvia,LV,Jaunpils Novads,admin,,
Alsunga,56.980106,21.564009,Latvia,LV,Alsungas Novads,admin,,
Tērvete,56.478056,23.386667,Latvia,LV,Tērvetes Novads,admin,,
Talsi,57.246509,22.587578,Latvia,LV,Talsu Novads,admin,,
Cesvaine,56.966667,26.316667,Latvia,LV,Cesvaines Novads,admin,,
Cēsis,57.3,25.25,Latvia,LV,Cēsu Novads,admin,,
Kocēni,57.516667,25.333333,Latvia,LV,Kocēnu Novads,admin,,
Koknese,56.65,25.433333,Latvia,LV,Kokneses Novads,admin,,
Dundaga,57.50498,22.350408,Latvia,LV,Dundagas Novads,admin,,
Priekuļi,57.316667,25.366667,Latvia,LV,Priekuļu Novads,admin,,
Roja,57.501463,22.808806,Latvia,LV,Rojas Novads,admin,,
Rauna,57.333333,25.616667,Latvia,LV,Raunas Novads,admin,,
Aloja,57.766944,24.8825,Latvia,LV,Alojas Novads,admin,,
Rucava,56.166667,21.15,Latvia,LV,Rucavas Novads,admin,,
Lielvārde,56.7225,24.805,Latvia,LV,Lielvārdes Novads,admin,,
Murmuiža,57.483333,25.483333,Latvia,LV,Beverīnas Novads,admin,,
Vecvārkava,56.19838,26.508107,Latvia,LV,Vārkavas Novads,admin,,
Bauska,56.407945,24.194428,Latvia,LV,Bauskas Novads,admin,,
Ērgļi,56.9,25.633333,Latvia,LV,Ērgļu Novads,admin,,
Varakļāni,56.616667,26.733333,Latvia,LV,Varakļānu Novads,admin,,
Ulbroka,56.936297,24.303873,Latvia,LV,Stopiņu Novads,admin,,
Mazsalaca,57.866667,25.05,Latvia,LV,Mazsalacas Novads,admin,,
Lubāna,56.9,26.716667,Latvia,LV,Lubānas Novads,admin,,
Ikšķile,56.833333,24.5,Latvia,LV,Ikšķiles Novads,admin,,
Ragana,57.181667,24.714444,Latvia,LV,Krimuldas Novads,admin,,
Jaunjelgava,56.613187,25.083161,Latvia,LV,Jaunjelgavas Novads,admin,,
Ludza,56.539584,27.718911,Latvia,LV,Ludzas Novads,admin,,
Viļāni,56.55,26.95,Latvia,LV,Viļānu Novads,admin,,
Grobiņa,56.55,21.166667,Latvia,LV,Grobiņas Novads,admin,,
Rūjiena,57.9,25.316667,Latvia,LV,Rūjienas Novads,admin,,
Alūksne,57.421622,27.046622,Latvia,LV,Alūksnes Novads,admin,,
Aglona,56.133333,27.016667,Latvia,LV,Aglonas Novads,admin,,
Burtnieki,57.7,25.266667,Latvia,LV,Burtnieku Novads,admin,,
Pāvilosta,56.889772,21.181737,Latvia,LV,Pāvilostas Novads,admin,,
Kārsava,56.787369,27.673208,Latvia,LV,Kārsavas Novads,admin,,
Jūrmala,56.956685,23.723328,Latvia,LV,Jūrmala,admin,,
Dagda,56.096133,27.532773,Latvia,LV,Dagdas Novads,admin,,
Stalbe,57.366667,25.05,Latvia,LV,Pārgaujas Novads,admin,,
Smārde,56.953326,23.33865,Latvia,LV,Engures Novads,admin,,
Mērsrags,57.336412,23.123466,Latvia,LV,Mērsraga Novads,admin,,
Līvāni,56.366667,26.183333,Latvia,LV,Līvānu Novads,admin,,
Vecpiebalga,57.016667,25.833333,Latvia,LV,Vecpiebalgas Novads,admin,,
Jaunpiebalga,57.183333,26.05,Latvia,LV,Jaunpiebalgas Novads,admin,,
Saldus,56.666667,22.5,Latvia,LV,Saldus Novads,admin,,
Limbaži,57.510278,24.714167,Latvia,LV,Limbažu Novads,admin,,
Baltinava,56.943936,27.644011,Latvia,LV,Baltinavas Novads,admin,,
Preiļi,56.293981,26.724786,Latvia,LV,Preiļu Novads,admin,,
Aizkraukle,56.602732,25.263842,Latvia,LV,Aizkraukles Novads,admin,,
Gulbene,57.183333,26.75,Latvia,LV,Gulbenes Novads,admin,,
Cibla,56.5498,27.883699,Latvia,LV,Ciblas Novads,admin,,
Rugāji,57.0,27.133333,Latvia,LV,Rugāju Novads,admin,,
Smiltene,57.433333,25.9,Latvia,LV,Smiltenes Novads,admin,,
Riebiņi,56.333333,26.8,Latvia,LV,Riebiņu Novads,admin,,
Aizpute,56.716667,21.6,Latvia,LV,Aizputes Novads,admin,,
Tukums,56.966944,23.155278,Latvia,LV,Tukuma Novads,admin,,
Baldone,56.742778,24.394444,Latvia,LV,Baldones Novads,admin,,
Viesīte,56.35,25.55,Latvia,LV,Viesītes Novads,admin,,
Garkalne,57.044859,24.419507,Latvia,LV,Garkalnes Novads,admin,,
Lieģi,56.583333,21.333333,Latvia,LV,Durbes Novads,admin,,
Balvi,57.133333,27.25,Latvia,LV,Balvu Novads,admin,,
Madona,56.85,26.216667,Latvia,LV,Madonas Novads,admin,,
Zilupe,56.386007,28.121781,Latvia,LV,Zilupes Novads,admin,,
Kuldīga,56.968986,21.968037,Latvia,LV,Kuldīgas Novads,admin,,
Strenči,57.625688,25.68185,Latvia,LV,Strenču Novads,admin,,
Sala,56.516667,25.766667,Latvia,LV,Salas Novads,admin,,
Olaine,56.785278,23.938056,Latvia,LV,Olaines Novads,admin,,
Aknīste,56.166667,25.75,Latvia,LV,Aknīstes Novads,admin,,
Nīca,56.35,21.066667,Latvia,LV,Nīcas Novads,admin,,
Jēkabpils,56.483333,25.85,Latvia,LV,Jēkabpils Novads,admin,,
Auce,56.466667,22.883333,Latvia,LV,Auces Novads,admin,,
Viļaka,57.184299,27.671861,Latvia,LV,Viļakas Novads,admin,,
Vaiņode,56.433333,21.866667,Latvia,LV,Vaiņodes Novads,admin,,
Mālpils,57.011111,24.963056,Latvia,LV,Mālpils Novads,admin,,
Ogre,56.816667,24.6,Latvia,LV,Ogres Novads,admin,,
Ilūkste,55.977854,26.297769,Latvia,LV,Ilūkstes Novads,admin,,
Kandava,57.038944,22.772354,Latvia,LV,Kandavas Novads,admin,,
Ozolnieki,56.686389,23.787778,Latvia,LV,Ozolnieku Novads,admin,,
Carnikava,57.129346,24.284233,Latvia,LV,Carnikavas Novads,admin,,
Krāslava,55.896882,27.171999,Latvia,LV,Krāslavas Novads,admin,,
Valmiera,57.55,25.4,Latvia,LV,Valmiera,admin,,
Ādaži,57.07045,24.337126,Latvia,LV,Ādažu Novads,admin,,
Naukšēni,57.883333,25.45,Latvia,LV,Naukšēnu Novads,admin,,
Pilsrundāle,56.416667,24.0,Latvia,LV,Rundāles Novads,admin,,
Dobele,56.625,23.278611,Latvia,LV,Dobeles Novads,admin,,
Ape,57.533333,26.666667,Latvia,LV,Apes Novads,admin,,
Salaspils,56.861111,24.349444,Latvia,LV,Salaspils Novads,admin,,
Ropaži,56.973889,24.633611,Latvia,LV,Ropažu Novads,admin,,
Brocēni,56.7,22.533333,Latvia,LV,Brocēnu Novads,admin,,
Skrīveri,56.65,25.133333,Latvia,LV,Skrīveru Novads,admin,,
Skrunda,56.683333,22.016667,Latvia,LV,Skrundas Novads,admin,,
Priekule,56.433333,21.583333,Latvia,LV,Priekules Novads,admin,,
Saulkrasti,57.259894,24.418873,Latvia,LV,Saulkrastu Novads,admin,,
Līgatne,57.233333,25.05,Latvia,LV,Līgatnes Novads,admin,,
Pļaviņas,56.616667,25.716667,Latvia,LV,Pļaviņu Novads,admin,,
Nereta,56.204428,25.307656,Latvia,LV,Neretas Novads,admin,,
Vecumnieki,56.606389,24.522222,Latvia,LV,Vecumnieku Novads,admin,,
Piņķi,56.941891,23.913654,Latvia,LV,Babītes Novads,admin,,
