city,lat,lng,country,iso2,admin,capital,population,population_proper
Ulaanbaatar,47.916667,106.916667,Mongolia,MN,Ulaanbaatar,primary,885000,769612
Erdenet,49.033333,104.083333,Mongolia,MN,Orhon,admin,79647,79647
Darhan,49.616667,106.35,Mongolia,MN,Selenge,,74738,74738
Ulaangom,49.981111,92.066667,Mongolia,MN,Uvs,admin,35796,28085
Ölgiy,48.968333,89.9625,Mongolia,MN,Bayan-Ölgiy,admin,34934,28400
Choybalsan,48.066667,114.5,Mongolia,MN,Dornod,admin,33376,33376
Arvayheer,46.263889,102.775,Mongolia,MN,Övörhangay,admin,28053,28053
Mörön,49.634167,100.1625,Mongolia,MN,Hövsgöl,admin,27690,21527
Sühbaatar,50.231389,106.207778,Mongolia,MN,Selenge,admin,24235,24235
Tsetserleg,47.475,101.454167,Mongolia,MN,Arhangay,admin,19812,16300
Dzüünharaa,48.866667,106.466667,Mongolia,MN,Selenge,,18830,13318
Dzuunmod,47.783333,106.85,Mongolia,MN,Ulaanbaatar,,17738,17738
Bulgan,48.8125,103.534722,Mongolia,MN,Bulgan,admin,17348,17348
Baruun-Urt,46.680556,113.279167,Mongolia,MN,Sühbaatar,admin,15805,15805
Dalandzadgad,43.570833,104.425,Mongolia,MN,Ömnögovĭ,admin,15093,11889
Öndörhaan,47.319444,110.655556,Mongolia,MN,Hentiy,admin,14723,10144
Uliastay,47.741667,96.844444,Mongolia,MN,Dzavhan,admin,8056,8056
Ulaan-Uul,44.333333,111.233333,Mongolia,MN,Dornogovĭ,minor,3726,3726
Mandal,45.75,106.3,Mongolia,MN,Dundgovĭ,,2984,2984
Hödrögö,48.966667,96.783333,Mongolia,MN,Dzavhan,minor,10,10
Mörön,47.401307,110.125163,Mongolia,MN,Hentiy,minor,,
Hungiy,48.5,94.283333,Mongolia,MN,Dzavhan,minor,,
Hunt,47.866667,99.466667,Mongolia,MN,Arhangay,minor,,
Javhlant,48.75,106.0,Mongolia,MN,Töv,minor,,
Javarthushuu,49.15,112.733333,Mongolia,MN,Dornod,minor,,
Orhontuul,48.949722,104.975833,Mongolia,MN,Selenge,minor,,
Nogoonnuur,49.6,90.233333,Mongolia,MN,Bayan-Ölgiy,minor,,
Namir,49.1,91.716667,Mongolia,MN,Uvs,minor,,
Haraat,46.416667,107.65,Mongolia,MN,Dundgovĭ,minor,,
Tsagaan Ovoo,45.95,101.483333,Mongolia,MN,Övörhangay,minor,,
Tsagaan-Ovoo,45.516667,105.75,Mongolia,MN,Dundgovĭ,minor,,
Sayn-Ust,47.35,94.55,Mongolia,MN,Govĭ-Altay,minor,,
Tsant,46.183333,106.716667,Mongolia,MN,Dundgovĭ,minor,,
Bayanbulag,47.866667,109.916667,Mongolia,MN,Hentiy,minor,,
Bürenhayrhan,46.083333,91.566667,Mongolia,MN,Hovd,minor,,
Taygan,46.35,97.283333,Mongolia,MN,Govĭ-Altay,minor,,
Sört,49.326111,104.371111,Mongolia,MN,Bulgan,minor,,
Tavin,46.416667,105.783333,Mongolia,MN,Dundgovĭ,minor,,
Arguut,45.45,102.416667,Mongolia,MN,Övörhangay,minor,,
Balgatay,46.9,97.15,Mongolia,MN,Dzavhan,minor,,
Arhust,47.8,107.883333,Mongolia,MN,Töv,minor,,
Tahilt,45.333333,96.65,Mongolia,MN,Govĭ-Altay,minor,,
Ulaan-Uul,46.083333,100.833333,Mongolia,MN,Bayanhongor,minor,,
Dalay,43.49,103.524444,Mongolia,MN,Ömnögovĭ,minor,,
Orgil,48.587222,99.350833,Mongolia,MN,Hövsgöl,minor,,
Orgil,48.416667,105.333333,Mongolia,MN,Töv,minor,,
Örgön,44.733333,100.366667,Mongolia,MN,Bayanhongor,minor,,
Argalant,47.933333,105.866667,Mongolia,MN,Töv,minor,,
Rashaant,49.126667,101.428056,Mongolia,MN,Hövsgöl,minor,,
Rashaant,45.3,106.2,Mongolia,MN,Dundgovĭ,minor,,
Rashaant,47.766667,90.833333,Mongolia,MN,Bayan-Ölgiy,minor,,
Naranbulag,49.233333,113.366667,Mongolia,MN,Dornod,minor,,
Altanbulag,49.3,96.333333,Mongolia,MN,Dzavhan,minor,,
Tsagaanders,48.05,114.366667,Mongolia,MN,Dornod,minor,,
Saynshand,43.616667,102.533333,Mongolia,MN,Ömnögovĭ,minor,,
Dzuunmod,47.706944,106.952778,Mongolia,MN,Töv,admin,,
Dzuunmod,48.2125,97.378611,Mongolia,MN,Dzavhan,minor,,
Bayanbaraat,46.866667,106.25,Mongolia,MN,Töv,minor,,
Bayanbulag,46.8,98.1,Mongolia,MN,Bayanhongor,minor,,
Bayanbulag,45.0,98.916667,Mongolia,MN,Bayanhongor,minor,,
Bayannuur,48.933333,91.133333,Mongolia,MN,Bayan-Ölgiy,minor,,
Tavanbulag,47.383333,101.883333,Mongolia,MN,Arhangay,minor,,
Hüremt,48.663056,102.622778,Mongolia,MN,Bulgan,minor,,
Hüremt,46.3,102.466667,Mongolia,MN,Övörhangay,minor,,
Ulaantolgoy,46.683333,92.783333,Mongolia,MN,Hovd,minor,,
Naranbulag,49.366667,92.566667,Mongolia,MN,Uvs,minor,,
Hashaat,45.25,104.833333,Mongolia,MN,Dundgovĭ,minor,,
Bayan-Ulaan,46.516667,102.583333,Mongolia,MN,Övörhangay,minor,,
Tsagaandörvölj,45.8,109.333333,Mongolia,MN,Dornogovĭ,minor,,
Dzelter,50.315556,105.045833,Mongolia,MN,Selenge,minor,,
Dzel,49.9,93.783333,Mongolia,MN,Uvs,minor,,
Dzegstey,47.65,102.566667,Mongolia,MN,Arhangay,minor,,
Tsahir,48.079722,98.851667,Mongolia,MN,Arhangay,minor,,
Teshig,49.955278,102.613333,Mongolia,MN,Bulgan,minor,,
Dund-Urt,48.037908,105.921895,Mongolia,MN,Töv,minor,,
Hovd,48.005556,91.641944,Mongolia,MN,Hovd,admin,,
Bayan,47.45,103.15,Mongolia,MN,Arhangay,minor,,
Bayan,47.916667,112.95,Mongolia,MN,Dornod,minor,,
Bayan,46.983333,95.183333,Mongolia,MN,Govĭ-Altay,minor,,
Bayan,47.166667,110.816667,Mongolia,MN,Hentiy,minor,,
Bayan,46.25,110.166667,Mongolia,MN,Dornogovĭ,minor,,
Bayan,48.55,111.083333,Mongolia,MN,Hentiy,minor,,
Bayan,49.433333,99.6,Mongolia,MN,Hövsgöl,minor,,
Dzalaa,44.533333,99.266667,Mongolia,MN,Bayanhongor,minor,,
Bayanhushuu,46.716667,100.133333,Mongolia,MN,Bayanhongor,minor,,
Bugant,49.583333,106.85,Mongolia,MN,Selenge,minor,,
Bugat,49.066667,103.665833,Mongolia,MN,Bulgan,minor,,
Bugat,49.533333,93.816667,Mongolia,MN,Uvs,minor,,
Tegsh,48.733333,96.0,Mongolia,MN,Dzavhan,minor,,
Hongor,49.230121,105.896738,Mongolia,MN,Darhan-Uul,minor,,
Darvi,46.45,94.116667,Mongolia,MN,Govĭ-Altay,minor,,
Dashbalbar,49.533333,114.4,Mongolia,MN,Dornod,minor,,
Nüden,43.583333,110.466667,Mongolia,MN,Dornogovĭ,minor,,
Saynshand,44.893056,110.134722,Mongolia,MN,Dornogovĭ,admin,,
Höshööt,48.1025,102.545833,Mongolia,MN,Arhangay,minor,,
Höshööt,48.933333,89.133333,Mongolia,MN,Bayan-Ölgiy,minor,,
Bulgan,44.112778,103.5425,Mongolia,MN,Ömnögovĭ,minor,,
Holboo,48.583333,95.45,Mongolia,MN,Dzavhan,minor,,
Tseel,45.566667,95.866667,Mongolia,MN,Govĭ-Altay,minor,,
Tsengel,49.478333,100.889444,Mongolia,MN,Hövsgöl,minor,,
Nuga,48.316667,95.116667,Mongolia,MN,Dzavhan,minor,,
Tögöl,50.683333,99.233333,Mongolia,MN,Hövsgöl,minor,,
Dzadgay,46.183333,99.566667,Mongolia,MN,Bayanhongor,minor,,
Dzag,46.933333,99.166667,Mongolia,MN,Bayanhongor,minor,,
Bayanhushuu,48.233333,91.916667,Mongolia,MN,Hovd,minor,,
Buga,49.016667,90.183333,Mongolia,MN,Bayan-Ölgiy,minor,,
Teel,48.046389,100.509167,Mongolia,MN,Arhangay,minor,,
Buga,47.7,94.866667,Mongolia,MN,Dzavhan,minor,,
Jargalant,49.129148,104.40803,Mongolia,MN,Orhon,minor,,
Hutag,49.395,102.693333,Mongolia,MN,Bulgan,minor,,
Bat-Öldziyt,48.211111,104.759722,Mongolia,MN,Töv,minor,,
Mardzad,45.95,102.05,Mongolia,MN,Övörhangay,minor,,
Ovoot,45.3,113.866667,Mongolia,MN,Sühbaatar,minor,,
Chandmanĭ,48.05,96.25,Mongolia,MN,Dzavhan,minor,,
Horiult,45.2,100.766667,Mongolia,MN,Bayanhongor,minor,,
Har-Us,48.483333,91.433333,Mongolia,MN,Hovd,minor,,
Har-Us,49.033333,92.033333,Mongolia,MN,Uvs,minor,,
Sergelen,46.2,111.816667,Mongolia,MN,Sühbaatar,minor,,
Sergelen,48.566667,114.083333,Mongolia,MN,Dornod,minor,,
Övt,46.816667,102.25,Mongolia,MN,Övörhangay,minor,,
Oygon,49.0,96.55,Mongolia,MN,Dzavhan,minor,,
Dzogsool,46.8,107.15,Mongolia,MN,Töv,minor,,
Dzöölön,51.1125,99.669444,Mongolia,MN,Hövsgöl,minor,,
Dzüünhövöö,50.6,92.4,Mongolia,MN,Uvs,minor,,
Dzaanhoshuu,47.5,100.866667,Mongolia,MN,Arhangay,minor,,
Bayantal,46.621343,108.358044,Mongolia,MN,Govĭsümber,minor,,
Bornuur,48.466667,106.266667,Mongolia,MN,Töv,minor,,
Baruunharaa,48.911667,106.086667,Mongolia,MN,Selenge,minor,,
Bayangol,45.549132,94.367624,Mongolia,MN,Govĭ-Altay,minor,,
Uujim,48.9,89.616667,Mongolia,MN,Bayan-Ölgiy,minor,,
Bilüü,49.033333,89.383333,Mongolia,MN,Bayan-Ölgiy,minor,,
Darhan,46.616667,109.416667,Mongolia,MN,Hentiy,minor,,
Darhan,48.233333,103.95,Mongolia,MN,Bulgan,minor,,
Darhan,49.486667,105.922778,Mongolia,MN,Darhan-Uul,admin,,
Bulgan,50.541944,101.514167,Mongolia,MN,Hövsgöl,minor,,
Bulgan,44.783333,98.65,Mongolia,MN,Bayanhongor,minor,,
Övögdiy,48.642778,97.618611,Mongolia,MN,Dzavhan,minor,,
Suugant,45.533333,107.05,Mongolia,MN,Dundgovĭ,minor,,
Süüj,47.85,104.05,Mongolia,MN,Bulgan,minor,,
Talshand,45.333333,97.983333,Mongolia,MN,Govĭ-Altay,minor,,
Tsetsegnuur,46.6,93.266667,Mongolia,MN,Hovd,minor,,
Senj,44.716667,110.766667,Mongolia,MN,Dornogovĭ,minor,,
Songino,48.883333,95.883333,Mongolia,MN,Dzavhan,minor,,
Höövör,48.4,113.433333,Mongolia,MN,Dornod,minor,,
Höövör,45.166667,101.4,Mongolia,MN,Övörhangay,minor,,
Amardalay,46.133333,106.383333,Mongolia,MN,Dundgovĭ,minor,,
Eg,48.683333,110.183333,Mongolia,MN,Hentiy,minor,,
Ergel,43.15,109.133333,Mongolia,MN,Dornogovĭ,minor,,
Bor-Üdzüür,45.8,92.283333,Mongolia,MN,Hovd,minor,,
Argatay,45.766667,107.983333,Mongolia,MN,Dundgovĭ,minor,,
Sharïngol,49.269382,106.505773,Mongolia,MN,Darhan-Uul,minor,,
Jargalant,48.520556,105.868333,Mongolia,MN,Töv,minor,,
Jargalant,45.7,97.166667,Mongolia,MN,Govĭ-Altay,minor,,
Jargalant,46.916667,91.083333,Mongolia,MN,Bayan-Ölgiy,minor,,
Chihertey,48.3,89.5,Mongolia,MN,Bayan-Ölgiy,minor,,
Buyant,47.183333,97.55,Mongolia,MN,Dzavhan,minor,,
Hövüün,43.173611,102.131944,Mongolia,MN,Ömnögovĭ,minor,,
Mayhan,46.083333,103.833333,Mongolia,MN,Övörhangay,minor,,
Tsenher,46.916667,92.116667,Mongolia,MN,Hovd,minor,,
Harmod,50.333333,91.666667,Mongolia,MN,Uvs,minor,,
Erhet,48.280556,102.974722,Mongolia,MN,Bulgan,minor,,
Hovd,44.666667,102.383333,Mongolia,MN,Övörhangay,minor,,
Choyr,46.361111,108.361111,Mongolia,MN,Govĭsümber,admin,,
Uldz,48.666667,111.983333,Mongolia,MN,Hentiy,minor,,
Sümiyn Bulag,49.133333,114.883333,Mongolia,MN,Dornod,minor,,
Chonogol,45.9,115.366667,Mongolia,MN,Sühbaatar,minor,,
Hövsgöl,43.606389,109.638056,Mongolia,MN,Dornogovĭ,minor,,
Hoviyn Am,47.266667,98.533333,Mongolia,MN,Bayanhongor,minor,,
Tsagaannuur,51.356389,99.344444,Mongolia,MN,Hövsgöl,minor,,
Harhorin,47.2,102.833333,Mongolia,MN,Övörhangay,minor,,
Harhiraa,49.766667,91.9,Mongolia,MN,Uvs,minor,,
Tsagaan-Olom,46.7,96.5,Mongolia,MN,Govĭ-Altay,minor,,
Burgaltay,49.278611,104.735278,Mongolia,MN,Selenge,minor,,
Delgerhaan,50.103889,106.191667,Mongolia,MN,Selenge,minor,,
Bulgan,46.95,93.633333,Mongolia,MN,Hovd,minor,,
Hujirt,46.6,104.583333,Mongolia,MN,Töv,minor,,
Bayandelger,47.733333,108.116667,Mongolia,MN,Töv,minor,,
Badrah,49.618333,101.989722,Mongolia,MN,Hövsgöl,minor,,
Hushaat,49.5,105.616667,Mongolia,MN,Selenge,minor,,
Altanbulag,47.7,106.4,Mongolia,MN,Töv,minor,,
Avdzaga,47.633333,103.516667,Mongolia,MN,Bulgan,minor,,
Altan,48.116667,95.716667,Mongolia,MN,Dzavhan,minor,,
Aldar,47.7,96.6,Mongolia,MN,Dzavhan,minor,,
Avraga,47.183333,109.166667,Mongolia,MN,Hentiy,minor,,
Ihsuuj,48.233333,106.283333,Mongolia,MN,Töv,minor,,
Uubulan,48.613889,101.928611,Mongolia,MN,Arhangay,minor,,
Modot,47.75,109.05,Mongolia,MN,Hentiy,minor,,
Hotont,47.366667,102.466667,Mongolia,MN,Arhangay,minor,,
Manhan,50.121389,100.043056,Mongolia,MN,Hövsgöl,minor,,
Hujirt,48.888611,101.232222,Mongolia,MN,Arhangay,minor,,
Hujirt,46.916667,102.8,Mongolia,MN,Övörhangay,minor,,
Tsetserleg,49.266667,94.85,Mongolia,MN,Uvs,minor,,
Ulaanhudag,47.333333,104.5,Mongolia,MN,Töv,minor,,
Jargalant,47.15,99.633333,Mongolia,MN,Bayanhongor,minor,,
Sharga,46.25,95.266667,Mongolia,MN,Govĭ-Altay,minor,,
Sharbulag,48.816667,93.1,Mongolia,MN,Uvs,minor,,
Sangiyn Dalay,45.133333,97.75,Mongolia,MN,Govĭ-Altay,minor,,
Sangiyn Dalay,46.0,104.95,Mongolia,MN,Dundgovĭ,minor,,
Sangiyn Dalay,46.65,103.316667,Mongolia,MN,Övörhangay,minor,,
Dzüünbulag,47.15,115.533333,Mongolia,MN,Dornod,minor,,
Orhon,49.8325,106.136389,Mongolia,MN,Darhan-Uul,minor,,
Dzüyl,46.266667,93.916667,Mongolia,MN,Govĭ-Altay,minor,,
Horgo,48.16,99.875556,Mongolia,MN,Arhangay,minor,,
Tosontsengel,48.756667,98.283889,Mongolia,MN,Dzavhan,minor,,
Seer,48.316667,92.633333,Mongolia,MN,Hovd,minor,,
Bulag,49.85,100.616667,Mongolia,MN,Hövsgöl,minor,,
Bulag,48.2,108.483333,Mongolia,MN,Töv,minor,,
Bayanhongor,46.194444,100.718056,Mongolia,MN,Bayanhongor,admin,,
Möndööhöö,49.4,94.233333,Mongolia,MN,Uvs,minor,,
Maanĭt,47.25,107.533333,Mongolia,MN,Töv,minor,,
Maanĭt,48.296667,103.425556,Mongolia,MN,Bulgan,minor,,
Dzüünbulag,46.383333,112.183333,Mongolia,MN,Sühbaatar,minor,,
Tsomog,45.916667,109.066667,Mongolia,MN,Dornogovĭ,minor,,
Tsoohor,43.312778,104.084444,Mongolia,MN,Ömnögovĭ,minor,,
Ulaanhad,47.933333,105.55,Mongolia,MN,Töv,minor,,
Nart,49.145,105.388333,Mongolia,MN,Selenge,minor,,
Sharga,49.050278,102.080556,Mongolia,MN,Bulgan,minor,,
Sharga,49.8,98.8,Mongolia,MN,Hövsgöl,minor,,
Höhtolgoy,49.266667,90.9,Mongolia,MN,Uvs,minor,,
Ongon,46.966667,103.783333,Mongolia,MN,Övörhangay,minor,,
Tsul-Ulaan,47.833333,104.5,Mongolia,MN,Bulgan,minor,,
Dundbürd,47.916667,111.5,Mongolia,MN,Hentiy,minor,,
Altanbulag,50.315556,106.498611,Mongolia,MN,Selenge,minor,,
Ögöömör,43.786111,104.496111,Mongolia,MN,Ömnögovĭ,minor,,
Bayan-Uhaa,48.55,98.666667,Mongolia,MN,Dzavhan,minor,,
Altan-Ovoo,47.45,101.783333,Mongolia,MN,Arhangay,minor,,
Tooromt,50.466667,93.583333,Mongolia,MN,Uvs,minor,,
Bulagtay,49.766667,107.55,Mongolia,MN,Selenge,minor,,
Bulagiyn Denj,47.316667,101.1,Mongolia,MN,Arhangay,minor,,
Hotol,49.133333,105.6,Mongolia,MN,Selenge,minor,,
Altanteel,47.1,92.85,Mongolia,MN,Hovd,minor,,
Altay,46.372222,96.258333,Mongolia,MN,Govĭ-Altay,admin,,
Altay,49.683333,96.333333,Mongolia,MN,Dzavhan,minor,,
Ingettolgoy,49.461667,103.974167,Mongolia,MN,Bulgan,minor,,
Mandalgovĭ,45.7625,106.270833,Mongolia,MN,Dundgovĭ,admin,,
Mandal,49.9,99.433333,Mongolia,MN,Hövsgöl,minor,,
Mandal,48.383333,106.75,Mongolia,MN,Töv,minor,,
Dzüünkharaa,48.633333,106.733333,Mongolia,MN,Selenge,minor,,
Mandal,48.631111,103.529167,Mongolia,MN,Bulgan,minor,,
Ulaan-Ereg,46.9,109.75,Mongolia,MN,Hentiy,minor,,
Halban,49.5,97.6,Mongolia,MN,Hövsgöl,minor,,
Hajuu-Us,46.066667,107.5,Mongolia,MN,Dundgovĭ,minor,,
Haylaastay,46.9,113.416667,Mongolia,MN,Sühbaatar,minor,,
Öldziyt,44.683333,109.016667,Mongolia,MN,Dornogovĭ,minor,,
Öldziyt,48.535556,101.366667,Mongolia,MN,Arhangay,minor,,
Asgat,49.510823,96.79944,Mongolia,MN,Dzavhan,minor,,
Bayansayr,45.55,99.416667,Mongolia,MN,Bayanhongor,minor,,
Delgermörön,46.516667,98.35,Mongolia,MN,Bayanhongor,minor,,
Huurch,50.103611,105.42,Mongolia,MN,Selenge,minor,,
Bayantöhöm,46.916667,105.05,Mongolia,MN,Töv,minor,,
Tolbo,48.416667,90.283333,Mongolia,MN,Bayan-Ölgiy,minor,,
Ider,48.772778,99.873889,Mongolia,MN,Hövsgöl,minor,,
Lün,47.866667,105.25,Mongolia,MN,Töv,minor,,
Shiveegovi,46.090809,108.683064,Mongolia,MN,Govĭsümber,minor,,
Herlen,47.3,110.566667,Mongolia,MN,Hentiy,minor,,
Altraga,50.211111,98.950833,Mongolia,MN,Hövsgöl,minor,,
Ulaandel,46.366667,113.6,Mongolia,MN,Sühbaatar,minor,,
Hongor,45.166667,113.666667,Mongolia,MN,Sühbaatar,minor,,
Hongor,45.8,111.2,Mongolia,MN,Dornogovĭ,minor,,
Chandmanĭ,45.533333,110.466667,Mongolia,MN,Dornogovĭ,minor,,
Sharhulsan,44.65,104.05,Mongolia,MN,Ömnögovĭ,minor,,
Sangiyn Dalay,42.833333,105.133333,Mongolia,MN,Ömnögovĭ,minor,,
Üyönch,46.05,92.016667,Mongolia,MN,Hovd,minor,,
Öndörhushuu,48.0,113.933333,Mongolia,MN,Dornod,minor,,
Ereentsav,49.883333,115.716667,Mongolia,MN,Dornod,minor,,
Bayantsagaan,48.731667,100.76,Mongolia,MN,Arhangay,minor,,
Bodĭ,45.4,100.566667,Mongolia,MN,Bayanhongor,minor,,
Baruunsuu,43.697222,105.736389,Mongolia,MN,Ömnögovĭ,minor,,
Üydzin,44.083333,106.833333,Mongolia,MN,Ömnögovĭ,minor,,
Ulaanshiveet,47.289483,103.856592,Mongolia,MN,Bulgan,minor,,
Baruunturuun,49.65,94.383333,Mongolia,MN,Uvs,minor,,
Urt,43.25,101.083333,Mongolia,MN,Ömnögovĭ,minor,,
Mönhbulag,46.75,103.516667,Mongolia,MN,Övörhangay,minor,,
Höshigiyn-Ar,47.557171,106.963329,Mongolia,MN,Töv,minor,,
Ulaanjirem,45.05,105.566667,Mongolia,MN,Dundgovĭ,minor,,
Jargalant,47.783333,101.966667,Mongolia,MN,Arhangay,minor,,
Höhöö,50.472778,100.927778,Mongolia,MN,Hövsgöl,minor,,
Hanhöhiy,47.616667,112.133333,Mongolia,MN,Sühbaatar,minor,,
Jargalant,47.533333,100.216667,Mongolia,MN,Arhangay,minor,,
Hatavch,46.166667,112.95,Mongolia,MN,Sühbaatar,minor,,
Hatansuudal,44.55,100.833333,Mongolia,MN,Bayanhongor,minor,,
Selenge,49.433333,101.466667,Mongolia,MN,Hövsgöl,minor,,
Dzur,49.65,95.766667,Mongolia,MN,Dzavhan,minor,,
Tsagaanchuluut,47.083333,96.65,Mongolia,MN,Dzavhan,minor,,
Doloon,44.433333,105.333333,Mongolia,MN,Ömnögovĭ,minor,,
Buyant,48.066667,91.816667,Mongolia,MN,Hovd,minor,,
Buyant,48.566667,89.533333,Mongolia,MN,Bayan-Ölgiy,minor,,
Buyant,46.15,98.666667,Mongolia,MN,Bayanhongor,minor,,
Buyant,46.25,110.833333,Mongolia,MN,Hentiy,minor,,
Erdenet,48.952778,99.533333,Mongolia,MN,Hövsgöl,minor,,
Eg-Uur,50.109444,101.575278,Mongolia,MN,Hövsgöl,minor,,
Erdenetsogt,46.416667,100.8,Mongolia,MN,Bayanhongor,minor,,
Erdenetsogt,42.974167,106.126944,Mongolia,MN,Ömnögovĭ,minor,,
Tögrög,47.416667,92.216667,Mongolia,MN,Hovd,minor,,
Tögrög,45.766667,94.933333,Mongolia,MN,Govĭ-Altay,minor,,
Shireet,45.716667,112.35,Mongolia,MN,Sühbaatar,minor,,
Shiree,45.85,103.4,Mongolia,MN,Övörhangay,minor,,
Shiree,47.5,96.85,Mongolia,MN,Dzavhan,minor,,
Ihbulag,43.2,107.2,Mongolia,MN,Ömnögovĭ,minor,,
Bayshint,47.416667,104.816667,Mongolia,MN,Töv,minor,,
Bayshint,49.666667,90.283333,Mongolia,MN,Uvs,minor,,
Urdgol,47.833333,92.65,Mongolia,MN,Hovd,minor,,
Hoolt,45.533333,102.983333,Mongolia,MN,Övörhangay,minor,,
Hulstay,48.433333,114.866667,Mongolia,MN,Dornod,minor,,
Jargalant,49.266667,95.433333,Mongolia,MN,Uvs,minor,,
Jargalant,49.266667,100.25,Mongolia,MN,Hövsgöl,minor,,
Jargalant,49.666667,106.333333,Mongolia,MN,Selenge,minor,,
Jargalant,50.0675,105.880556,Mongolia,MN,Selenge,minor,,
Onon,48.616667,110.6,Mongolia,MN,Hentiy,minor,,
Turt,51.5125,100.663889,Mongolia,MN,Hövsgöl,minor,,
Ongi,45.45,103.9,Mongolia,MN,Dundgovĭ,minor,,
Ongi,46.466667,102.283333,Mongolia,MN,Övörhangay,minor,,
Tsagaantüngi,49.05,90.45,Mongolia,MN,Bayan-Ölgiy,minor,,
Havtsal,50.1,91.666667,Mongolia,MN,Uvs,minor,,
Havirga,45.666667,113.083333,Mongolia,MN,Sühbaatar,minor,,
Ar-Asgat,48.262222,105.411944,Mongolia,MN,Töv,minor,,
Höhbürd,46.266667,100.466667,Mongolia,MN,Bayanhongor,minor,,
Haliun,45.933333,96.15,Mongolia,MN,Govĭ-Altay,minor,,
Tsalgar,49.716667,93.266667,Mongolia,MN,Uvs,minor,,
Buyanbat,46.983333,95.95,Mongolia,MN,Govĭ-Altay,minor,,
Enhtal,49.2475,105.373611,Mongolia,MN,Selenge,minor,,
Töhöm,44.4,108.25,Mongolia,MN,Dornogovĭ,minor,,
Bumbat,46.466667,104.1,Mongolia,MN,Övörhangay,minor,,
Duut,47.516667,91.633333,Mongolia,MN,Hovd,minor,,
Bayan-Ovoo,44.616667,94.916667,Mongolia,MN,Govĭ-Altay,minor,,
Bayan-Ovoo,49.016667,111.633333,Mongolia,MN,Hentiy,minor,,
Jibhalant,47.783333,112.116667,Mongolia,MN,Hentiy,minor,,
Bayasgalant,46.983333,112.05,Mongolia,MN,Sühbaatar,minor,,
Bayasgalant,47.183333,108.25,Mongolia,MN,Töv,minor,,
Sümber,47.658584,118.510138,Mongolia,MN,Dornod,minor,,
Böhöt,45.25,108.283333,Mongolia,MN,Dundgovĭ,minor,,
