city,lat,lng,country,iso2,admin,capital,population,population_proper
The Hague,52.083333,4.3,Netherlands,NL,Zuid-Holland,primary,1406000,501725
Amsterdam,52.35,4.916667,Netherlands,NL,Noord-Holland,primary,1031000,741636
Rotterdam,51.916667,4.5,Netherlands,NL,Zuid-Holland,minor,1005000,598199
Utrecht,52.093813,5.119095,Netherlands,NL,Utrecht,admin,640000,316448
Eindhoven,51.45,5.466667,Netherlands,NL,Noord-Brabant,minor,398053,209620
Haarlemmerliede,52.388873,4.687978,Netherlands,NL,Noord-Holland,,349957,147590
Groningen,53.216667,6.55,Netherlands,NL,Groningen,admin,216688,181194
Arnhem,51.979818,5.925636,Netherlands,NL,Gelderland,admin,141674,141674
’s-Hertogenbosch,51.700196,5.306806,Netherlands,NL,Noord-Brabant,admin,134520,134520
Leeuwarden,53.20139,5.808588,Netherlands,NL,Fryslân,admin,125778,91424
Maastricht,50.85,5.683333,Netherlands,NL,Limburg,admin,122378,122378
Zwolle,52.505751,6.085822,Netherlands,NL,Overijssel,admin,111805,111805
Assen,52.994749,6.563223,Netherlands,NL,Drenthe,admin,62237,62237
Middelburg,51.50036,3.612964,Netherlands,NL,Zeeland,admin,46485,46485
Halfweg,52.383033,4.757441,Netherlands,NL,Noord-Holland,minor,,
Franeker,53.1896,5.542568,Netherlands,NL,Fryslân,minor,,
Gieten,53.006641,6.764338,Netherlands,NL,Drenthe,minor,,
Bergeijk,51.318699,5.359563,Netherlands,NL,Noord-Brabant,minor,,
Odijk,52.052239,5.235418,Netherlands,NL,Utrecht,minor,,
Grootegast,53.211598,6.2752,Netherlands,NL,Groningen,minor,,
Oostzaan,52.446898,4.8713,Netherlands,NL,Noord-Holland,minor,,
Bleskensgraaf,51.872001,4.784624,Netherlands,NL,Zuid-Holland,minor,,
Haarlem,52.366667,4.65,Netherlands,NL,Noord-Holland,admin,,
Lelystad,52.51764,5.473989,Netherlands,NL,Flevoland,admin,,
Valkenswaard,51.352662,5.456101,Netherlands,NL,Noord-Brabant,minor,,
Stein,50.968414,5.767249,Netherlands,NL,Limburg,minor,,
De Steeg,52.019687,6.060995,Netherlands,NL,Gelderland,minor,,
Diever,52.857015,6.318489,Netherlands,NL,Drenthe,minor,,
Uithuizen,53.40825,6.670896,Netherlands,NL,Groningen,minor,,
Uithoorn,52.241097,4.844754,Netherlands,NL,Noord-Holland,minor,,
Bergschenhoek,51.987249,4.515815,Netherlands,NL,Zuid-Holland,minor,,
Zundert,51.469444,4.658109,Netherlands,NL,Noord-Brabant,minor,,
Nunspeet,52.384479,5.799894,Netherlands,NL,Gelderland,minor,,
Nuth,50.917304,5.886024,Netherlands,NL,Limburg,minor,,
Opheusden,51.933309,5.634228,Netherlands,NL,Gelderland,minor,,
Veenendaal,52.024371,5.559791,Netherlands,NL,Utrecht,minor,,
Oost-Vlieland,53.295776,5.067536,Netherlands,NL,Fryslân,minor,,
Middelharnis,51.756017,4.163479,Netherlands,NL,Zuid-Holland,minor,,
Almelo,52.359606,6.656797,Netherlands,NL,Overijssel,minor,,
Bladel,51.369191,5.218936,Netherlands,NL,Noord-Brabant,minor,,
Hulst,51.281099,4.052964,Netherlands,NL,Zeeland,minor,,
Zwijndrecht,51.816684,4.61763,Netherlands,NL,Zuid-Holland,minor,,
Epe,52.348095,5.984471,Netherlands,NL,Gelderland,minor,,
Hardenberg,52.574315,6.622013,Netherlands,NL,Overijssel,minor,,
Hengelo,52.267379,6.789658,Netherlands,NL,Overijssel,minor,,
Lisse,52.253825,4.547463,Netherlands,NL,Zuid-Holland,minor,,
Nuenen,51.466843,5.571992,Netherlands,NL,Noord-Brabant,minor,,
Vught,51.655197,5.294188,Netherlands,NL,Noord-Brabant,minor,,
Blaricum,52.273551,5.24929,Netherlands,NL,Noord-Holland,minor,,
Marum,53.150866,6.265491,Netherlands,NL,Groningen,minor,,
Elburg,52.448691,5.833627,Netherlands,NL,Gelderland,minor,,
Hoogezand,53.163488,6.769863,Netherlands,NL,Groningen,minor,,
Uden,51.663777,5.62398,Netherlands,NL,Noord-Brabant,minor,,
Hendrik-Ido-Ambacht,51.836059,4.653349,Netherlands,NL,Zuid-Holland,minor,,
Oud-Beijerland,51.817051,4.417294,Netherlands,NL,Zuid-Holland,minor,,
Goor,52.23549,6.585339,Netherlands,NL,Overijssel,minor,,
Urk,52.661259,5.594415,Netherlands,NL,Flevoland,minor,,
Doorn,52.036875,5.343049,Netherlands,NL,Utrecht,minor,,
Denekamp,52.37917,7.00442,Netherlands,NL,Overijssel,minor,,
Heerenveen,52.959349,5.918921,Netherlands,NL,Fryslân,minor,,
Roermond,51.192695,5.988403,Netherlands,NL,Limburg,minor,,
Waalre,51.390482,5.43095,Netherlands,NL,Noord-Brabant,minor,,
Ballum,53.444056,5.68756,Netherlands,NL,Fryslân,minor,,
Weert,51.250562,5.717901,Netherlands,NL,Limburg,minor,,
Valkenburg,50.864835,5.827774,Netherlands,NL,Limburg,minor,,
Etten-Leur,51.574216,4.666667,Netherlands,NL,Noord-Brabant,minor,,
West-Terschelling,53.360927,5.214717,Netherlands,NL,Fryslân,minor,,
Rucphen,51.532362,4.558424,Netherlands,NL,Noord-Brabant,minor,,
Vianen,51.987057,5.095258,Netherlands,NL,Utrecht,minor,,
Best,51.504884,5.392854,Netherlands,NL,Noord-Brabant,minor,,
Meerssen,50.883747,5.758779,Netherlands,NL,Limburg,minor,,
Kruiningen,51.45,4.033333,Netherlands,NL,Zeeland,minor,,
Voerendaal,50.879763,5.934949,Netherlands,NL,Limburg,minor,,
Coevorden,52.664762,6.742616,Netherlands,NL,Drenthe,minor,,
Soest,52.180667,5.302906,Netherlands,NL,Utrecht,minor,,
Landgraaf,50.911665,6.046677,Netherlands,NL,Limburg,minor,,
Meppel,52.7,6.2,Netherlands,NL,Drenthe,minor,,
Geldrop,51.422362,5.571822,Netherlands,NL,Noord-Brabant,minor,,
Beilen,52.860718,6.515184,Netherlands,NL,Drenthe,minor,,
Helmond,51.481431,5.700121,Netherlands,NL,Noord-Brabant,minor,,
Hellevoetsluis,51.827088,4.130596,Netherlands,NL,Zuid-Holland,minor,,
Waddinxveen,52.048048,4.652653,Netherlands,NL,Zuid-Holland,minor,,
Kollum,53.276953,6.152927,Netherlands,NL,Fryslân,minor,,
Borculo,52.116011,6.520741,Netherlands,NL,Gelderland,minor,,
Made,51.676892,4.792749,Netherlands,NL,Noord-Brabant,minor,,
Groesbeek,51.773859,5.940149,Netherlands,NL,Gelderland,minor,,
Beuningen,51.859898,5.766456,Netherlands,NL,Gelderland,minor,,
Werkendam,51.809796,4.89371,Netherlands,NL,Noord-Brabant,minor,,
Zevenbergen,51.647748,4.599608,Netherlands,NL,Noord-Brabant,minor,,
Vlissingen,51.449399,3.572279,Netherlands,NL,Zeeland,minor,,
Boxtel,51.590116,5.328162,Netherlands,NL,Noord-Brabant,minor,,
Boxmeer,51.644012,5.960815,Netherlands,NL,Noord-Brabant,minor,,
Reuver,51.285526,6.076371,Netherlands,NL,Limburg,minor,,
Mill,51.685025,5.783565,Netherlands,NL,Noord-Brabant,minor,,
Hoogkarspel,52.692357,5.175796,Netherlands,NL,Noord-Holland,minor,,
Beneden-Leeuwen,51.878054,5.517077,Netherlands,NL,Gelderland,minor,,
Gendringen,51.873406,6.373995,Netherlands,NL,Gelderland,minor,,
Joure,52.966816,5.796605,Netherlands,NL,Fryslân,minor,,
Druten,51.894314,5.601302,Netherlands,NL,Gelderland,minor,,
Schiedam,51.932178,4.39268,Netherlands,NL,Zuid-Holland,minor,,
Sliedrecht,51.827601,4.773104,Netherlands,NL,Zuid-Holland,minor,,
Hazerswoude-Rijndijk,52.126653,4.593365,Netherlands,NL,Zuid-Holland,minor,,
Beverwijk,52.49126,4.652082,Netherlands,NL,Noord-Holland,minor,,
Sint Annaparochie,53.276414,5.656969,Netherlands,NL,Fryslân,minor,,
Zutphen,52.140449,6.204791,Netherlands,NL,Gelderland,minor,,
Vaals,50.769835,5.994864,Netherlands,NL,Limburg,minor,,
Breda,51.566667,4.8,Netherlands,NL,Noord-Brabant,minor,,
Roelofarendsveen,52.200025,4.631574,Netherlands,NL,Zuid-Holland,minor,,
Cuijk,51.728069,5.881147,Netherlands,NL,Noord-Brabant,minor,,
Enkhuizen,52.712352,5.279958,Netherlands,NL,Noord-Holland,minor,,
Enschede,52.219515,6.891235,Netherlands,NL,Overijssel,minor,,
Bemmel,51.890107,5.891289,Netherlands,NL,Gelderland,minor,,
Oosterbeek,51.983333,5.85,Netherlands,NL,Gelderland,minor,,
Krimpen aan den IJssel,51.907205,4.578253,Netherlands,NL,Zuid-Holland,minor,,
Doetinchem,51.966667,6.3,Netherlands,NL,Gelderland,minor,,
Oudenbosch,51.587974,4.529467,Netherlands,NL,Noord-Brabant,minor,,
Baarn,52.211494,5.29222,Netherlands,NL,Utrecht,minor,,
Lekkerkerk,51.900061,4.684142,Netherlands,NL,Zuid-Holland,minor,,
Wageningen,51.973279,5.667556,Netherlands,NL,Gelderland,minor,,
Venlo,51.370837,6.175101,Netherlands,NL,Limburg,minor,,
Gemert,51.556798,5.679565,Netherlands,NL,Noord-Brabant,minor,,
Raamsdonksveer,51.699337,4.879164,Netherlands,NL,Noord-Brabant,minor,,
Heerhugowaard,52.663987,4.827289,Netherlands,NL,Noord-Holland,minor,,
Katwijk,52.195881,4.40584,Netherlands,NL,Zuid-Holland,minor,,
Boekel,51.60165,5.673885,Netherlands,NL,Noord-Brabant,minor,,
Wolvega,52.875453,5.996908,Netherlands,NL,Fryslân,minor,,
Wommels,53.109979,5.592668,Netherlands,NL,Fryslân,minor,,
Tilburg,51.576922,5.106331,Netherlands,NL,Noord-Brabant,minor,,
Alkmaar,52.635818,4.75561,Netherlands,NL,Noord-Holland,minor,,
Piershil,51.79563,4.314671,Netherlands,NL,Zuid-Holland,minor,,
Oldebroek,52.445567,5.901554,Netherlands,NL,Gelderland,minor,,
Brielle,51.900408,4.171243,Netherlands,NL,Zuid-Holland,minor,,
Aalten,51.92597,6.58045,Netherlands,NL,Gelderland,minor,,
Elst,51.92158,5.834157,Netherlands,NL,Gelderland,minor,,
Vriezenveen,52.41012,6.623554,Netherlands,NL,Overijssel,minor,,
Roosendaal,51.537721,4.492456,Netherlands,NL,Noord-Brabant,minor,,
Wijhe,52.386373,6.134668,Netherlands,NL,Overijssel,minor,,
Bedum,53.299126,6.604137,Netherlands,NL,Groningen,minor,,
Eersel,51.356604,5.31992,Netherlands,NL,Noord-Brabant,minor,,
Naarden,52.292164,5.149612,Netherlands,NL,Noord-Holland,minor,,
Wormer,52.500324,4.826833,Netherlands,NL,Noord-Holland,minor,,
Nieuwveen,52.200398,4.751426,Netherlands,NL,Zuid-Holland,minor,,
Ouderkerk aan den IJssel,51.93326,4.638494,Netherlands,NL,Zuid-Holland,minor,,
Ouderkerk aan de Amstel,52.293992,4.918374,Netherlands,NL,Noord-Holland,minor,,
Alblasserdam,51.866729,4.66268,Netherlands,NL,Zuid-Holland,minor,,
Bilthoven,52.130663,5.192306,Netherlands,NL,Utrecht,minor,,
Terneuzen,51.331784,3.840803,Netherlands,NL,Zeeland,minor,,
Lichtenvoorde,51.987502,6.56955,Netherlands,NL,Gelderland,minor,,
Diemen,52.337122,4.974383,Netherlands,NL,Noord-Holland,minor,,
Oirschot,51.50343,5.308304,Netherlands,NL,Noord-Brabant,minor,,
Wognum,52.677065,5.026141,Netherlands,NL,Noord-Holland,minor,,
Doesburg,52.014283,6.133922,Netherlands,NL,Gelderland,minor,,
Heeze,51.382801,5.571454,Netherlands,NL,Noord-Brabant,minor,,
Zierikzee,51.651451,3.916771,Netherlands,NL,Zeeland,minor,,
Grave,51.758614,5.739412,Netherlands,NL,Noord-Brabant,minor,,
Waalwijk,51.685764,5.072072,Netherlands,NL,Noord-Brabant,minor,,
Noordwijk,52.24095,4.453895,Netherlands,NL,Zuid-Holland,minor,,
Apeldoorn,52.216667,5.966667,Netherlands,NL,Gelderland,minor,,
Woudrichem,51.811967,4.99719,Netherlands,NL,Noord-Brabant,minor,,
Oude Pekela,53.108871,7.01527,Netherlands,NL,Groningen,minor,,
Tubbergen,52.405786,6.786368,Netherlands,NL,Overijssel,minor,,
Schipluiden,51.974596,4.319217,Netherlands,NL,Zuid-Holland,minor,,
Zoetermeer,52.057102,4.495946,Netherlands,NL,Zuid-Holland,minor,,
Zoeterwoude,52.121128,4.496406,Netherlands,NL,Zuid-Holland,minor,,
Lochem,52.160808,6.4151,Netherlands,NL,Gelderland,minor,,
Lobith,51.863177,6.114955,Netherlands,NL,Gelderland,minor,,
Harlingen,53.173766,5.430244,Netherlands,NL,Fryslân,minor,,
Exloo,52.880206,6.86107,Netherlands,NL,Drenthe,minor,,
Leerdam,51.895588,5.09177,Netherlands,NL,Zuid-Holland,minor,,
Nijmegen,51.833333,5.866667,Netherlands,NL,Gelderland,minor,,
Kapelle,51.647731,3.963151,Netherlands,NL,Zeeland,minor,,
Hilversum,52.231896,5.179877,Netherlands,NL,Noord-Holland,minor,,
Dronten,52.522719,5.71876,Netherlands,NL,Flevoland,minor,,
Oss,51.766667,5.533333,Netherlands,NL,Noord-Brabant,minor,,
Deventer,52.25,6.2,Netherlands,NL,Overijssel,minor,,
Oldenzaal,52.311841,6.929745,Netherlands,NL,Overijssel,minor,,
Sint-Michielsgestel,51.642734,5.355776,Netherlands,NL,Noord-Brabant,minor,,
Sint Odiliënberg,51.144741,6.001897,Netherlands,NL,Limburg,minor,,
Sint-Oedenrode,51.568126,5.457817,Netherlands,NL,Noord-Brabant,minor,,
Wijk en Aalburg,51.757179,5.130263,Netherlands,NL,Noord-Brabant,minor,,
Sellingen,52.944533,7.152027,Netherlands,NL,Groningen,minor,,
Emmeloord,52.709969,5.751237,Netherlands,NL,Flevoland,minor,,
Reusel,51.361839,5.165557,Netherlands,NL,Noord-Brabant,minor,,
Oosthuizen,52.571258,4.997017,Netherlands,NL,Noord-Holland,minor,,
Zaandam,52.439266,4.810557,Netherlands,NL,Noord-Holland,minor,,
Heinkenszand,51.473,3.812778,Netherlands,NL,Zeeland,minor,,
Mijdrecht,52.208085,4.878136,Netherlands,NL,Utrecht,minor,,
Stolwijk,51.971961,4.772934,Netherlands,NL,Zuid-Holland,minor,,
Houten,52.033333,5.166667,Netherlands,NL,Utrecht,minor,,
Maasdam,51.789286,4.555145,Netherlands,NL,Zuid-Holland,minor,,
Rockanje,51.871485,4.069312,Netherlands,NL,Zuid-Holland,minor,,
Schagen,52.787325,4.806897,Netherlands,NL,Noord-Holland,minor,,
Vlaardingen,51.921038,4.321877,Netherlands,NL,Zuid-Holland,minor,,
Bergambacht,51.933771,4.786438,Netherlands,NL,Zuid-Holland,minor,,
Beetsterzwaag,53.062336,6.078687,Netherlands,NL,Fryslân,minor,,
Oosterwolde,52.989767,6.293353,Netherlands,NL,Fryslân,minor,,
Horst,51.451931,6.052266,Netherlands,NL,Limburg,minor,,
Lopik,51.973659,4.947496,Netherlands,NL,Utrecht,minor,,
Heiloo,52.60252,4.68815,Netherlands,NL,Noord-Holland,minor,,
IJmuiden,52.454746,4.603171,Netherlands,NL,Noord-Holland,minor,,
Purmerend,52.509624,4.963885,Netherlands,NL,Noord-Holland,minor,,
Lemmer,52.846182,5.709116,Netherlands,NL,Fryslân,minor,,
Roden,53.139972,6.426214,Netherlands,NL,Drenthe,minor,,
Panningen,51.329272,5.982866,Netherlands,NL,Limburg,minor,,
Brunssum,50.95,5.966667,Netherlands,NL,Limburg,minor,,
Montfoort,52.048133,4.956201,Netherlands,NL,Utrecht,minor,,
Someren,51.385715,5.712161,Netherlands,NL,Noord-Brabant,minor,,
Haren,53.176674,6.630369,Netherlands,NL,Groningen,minor,,
Heerde,52.389029,6.03942,Netherlands,NL,Gelderland,minor,,
Oudewater,52.025333,4.865822,Netherlands,NL,Utrecht,minor,,
Heemstede,52.35,4.616667,Netherlands,NL,Noord-Holland,minor,,
Eijsden,50.777735,5.710742,Netherlands,NL,Limburg,minor,,
Steenbergen,51.585542,4.322397,Netherlands,NL,Noord-Brabant,minor,,
Leidschendam,52.089817,4.393978,Netherlands,NL,Zuid-Holland,minor,,
Sint Anthonis,51.627215,5.880679,Netherlands,NL,Noord-Brabant,minor,,
Winterswijk,51.971776,6.719631,Netherlands,NL,Gelderland,minor,,
Winsum,53.32724,6.530143,Netherlands,NL,Groningen,minor,,
Muiden,52.327246,5.072443,Netherlands,NL,Noord-Holland,minor,,
Didam,51.940861,6.138833,Netherlands,NL,Gelderland,minor,,
Gouda,52.022582,4.707001,Netherlands,NL,Zuid-Holland,minor,,
Pijnacker,52.018346,4.418111,Netherlands,NL,Zuid-Holland,minor,,
Uitgeest,52.531713,4.705922,Netherlands,NL,Noord-Holland,minor,,
Zuid-Scharwoude,52.685708,4.806205,Netherlands,NL,Noord-Holland,minor,,
Almere,52.383922,5.233585,Netherlands,NL,Flevoland,minor,,
Numansdorp,51.731226,4.440564,Netherlands,NL,Zuid-Holland,minor,,
Sassenheim,52.224359,4.522668,Netherlands,NL,Zuid-Holland,minor,,
Zandvoort,52.371424,4.527049,Netherlands,NL,Noord-Holland,minor,,
Alphen,51.482986,4.956203,Netherlands,NL,Noord-Brabant,minor,,
Alphen aan den Rijn,52.135141,4.654932,Netherlands,NL,Zuid-Holland,minor,,
Wedde,53.069017,7.073197,Netherlands,NL,Groningen,minor,,
Middenbeemster,52.550491,4.916609,Netherlands,NL,Noord-Holland,minor,,
Laren,52.248702,5.230203,Netherlands,NL,Noord-Holland,minor,,
Buitenpost,53.254334,6.152933,Netherlands,NL,Fryslân,minor,,
Gorinchem,51.82965,4.973111,Netherlands,NL,Zuid-Holland,minor,,
Strijen,51.744569,4.55104,Netherlands,NL,Zuid-Holland,minor,,
Maarssen,52.143509,5.044809,Netherlands,NL,Utrecht,minor,,
Burgum,53.194685,5.993662,Netherlands,NL,Fryslân,minor,,
Zuidwolde,52.674605,6.424665,Netherlands,NL,Drenthe,minor,,
Bussum,52.2655,5.179357,Netherlands,NL,Noord-Holland,minor,,
Bovenkarspel,52.698043,5.255178,Netherlands,NL,Noord-Holland,minor,,
Castricum,52.549912,4.670831,Netherlands,NL,Noord-Holland,minor,,
Haaksbergen,52.156875,6.739496,Netherlands,NL,Overijssel,minor,,
Hengelo,52.051098,6.311347,Netherlands,NL,Gelderland,minor,,
Woerden,52.092526,4.905165,Netherlands,NL,Utrecht,minor,,
Echt,51.112082,5.870914,Netherlands,NL,Limburg,minor,,
Maurik,51.95991,5.420958,Netherlands,NL,Gelderland,minor,,
Appingedam,53.322206,6.84878,Netherlands,NL,Groningen,minor,,
Hoornaar,51.880385,4.946843,Netherlands,NL,Zuid-Holland,minor,,
Zuidhorn,53.25101,6.408798,Netherlands,NL,Groningen,minor,,
Sneek,53.032883,5.663313,Netherlands,NL,Fryslân,minor,,
Kerkdriel,51.771634,5.335338,Netherlands,NL,Gelderland,minor,,
Capelle aan den IJssel,51.929856,4.579586,Netherlands,NL,Zuid-Holland,minor,,
Balk,52.898539,5.58716,Netherlands,NL,Fryslân,minor,,
Haaren,51.601402,5.225937,Netherlands,NL,Noord-Brabant,minor,,
Hoogeveen,52.727704,6.489559,Netherlands,NL,Drenthe,minor,,
Hoogerheide,51.425239,4.334323,Netherlands,NL,Noord-Brabant,minor,,
Geffen,51.739506,5.468606,Netherlands,NL,Noord-Brabant,minor,,
Den Helder,52.956142,4.759368,Netherlands,NL,Noord-Holland,minor,,
Opmeer,52.705864,4.937754,Netherlands,NL,Noord-Holland,minor,,
Asperen,51.882555,5.10497,Netherlands,NL,Gelderland,minor,,
Oosterhout,51.65,4.883333,Netherlands,NL,Noord-Brabant,minor,,
Ede,52.035253,5.677743,Netherlands,NL,Gelderland,minor,,
Goes,51.503848,3.899894,Netherlands,NL,Zeeland,minor,,
Brummen,52.089817,6.156512,Netherlands,NL,Gelderland,minor,,
Volendam,52.497109,5.074467,Netherlands,NL,Noord-Holland,minor,,
Winschoten,53.144032,7.03518,Netherlands,NL,Groningen,minor,,
Kerkrade,50.867438,6.066076,Netherlands,NL,Limburg,minor,,
Barneveld,52.141642,5.584486,Netherlands,NL,Gelderland,minor,,
Westervoort,51.963667,5.971273,Netherlands,NL,Gelderland,minor,,
Delft,52.018601,4.378153,Netherlands,NL,Zuid-Holland,minor,,
Schijndel,51.622291,5.440344,Netherlands,NL,Noord-Brabant,minor,,
Leens,53.360703,6.383419,Netherlands,NL,Groningen,minor,,
Ermelo,52.297759,5.632076,Netherlands,NL,Gelderland,minor,,
Hardinxveld-Giessendam,51.82658,4.851569,Netherlands,NL,Zuid-Holland,minor,,
Asten,51.405948,5.749224,Netherlands,NL,Noord-Brabant,minor,,
Tholen,51.538943,4.217106,Netherlands,NL,Zeeland,minor,,
Rozendaal,52.007364,5.965358,Netherlands,NL,Gelderland,minor,,
Budel,51.27159,5.57471,Netherlands,NL,Noord-Brabant,minor,,
Meerkerk,51.91689,4.990528,Netherlands,NL,Zuid-Holland,minor,,
Nijverdal,52.355828,6.48779,Netherlands,NL,Overijssel,minor,,
Barendrecht,51.853922,4.538639,Netherlands,NL,Zuid-Holland,minor,,
Millingen aan de Rijn,51.863041,6.048631,Netherlands,NL,Gelderland,minor,,
Zevenaar,51.925387,6.095747,Netherlands,NL,Gelderland,minor,,
Weesp,52.30773,5.039749,Netherlands,NL,Noord-Holland,minor,,
Grou,53.094559,5.83745,Netherlands,NL,Fryslân,minor,,
Gulpen,50.815591,5.890796,Netherlands,NL,Limburg,minor,,
Hasselt,52.59199,6.096794,Netherlands,NL,Overijssel,minor,,
Leek,53.162932,6.371627,Netherlands,NL,Groningen,minor,,
Monnickendam,52.454115,5.038797,Netherlands,NL,Noord-Holland,minor,,
Wissenkerke,51.585505,3.747221,Netherlands,NL,Zeeland,minor,,
Oostburg,51.328206,3.500821,Netherlands,NL,Zeeland,minor,,
Borne,52.301356,6.748199,Netherlands,NL,Overijssel,minor,,
Maassluis,51.915011,4.273756,Netherlands,NL,Zuid-Holland,minor,,
Simpelveld,50.834094,5.97529,Netherlands,NL,Limburg,minor,,
Dokkum,53.322237,5.996975,Netherlands,NL,Fryslân,minor,,
Twello,52.235551,6.100746,Netherlands,NL,Gelderland,minor,,
Nieuwerkerk aan den IJssel,51.980819,4.611205,Netherlands,NL,Zuid-Holland,minor,,
Zeist,52.094411,5.241944,Netherlands,NL,Utrecht,minor,,
Abbenbroek,51.849024,4.248172,Netherlands,NL,Zuid-Holland,minor,,
Gennep,51.694099,5.977146,Netherlands,NL,Limburg,minor,,
Scherpenzeel,52.08418,5.511402,Netherlands,NL,Gelderland,minor,,
Dongen,51.62786,4.935891,Netherlands,NL,Noord-Brabant,minor,,
Poortugaal,51.85494,4.396311,Netherlands,NL,Zuid-Holland,minor,,
Slochteren,53.218315,6.810277,Netherlands,NL,Groningen,minor,,
Hoorn,52.649035,5.063112,Netherlands,NL,Noord-Holland,minor,,
Harderwijk,52.35,5.633333,Netherlands,NL,Gelderland,minor,,
Veghel,51.618548,5.550439,Netherlands,NL,Noord-Brabant,minor,,
Zeewolde,52.330224,5.536412,Netherlands,NL,Flevoland,minor,,
Bergen,51.600383,6.034003,Netherlands,NL,Limburg,minor,,
Venray,51.524517,5.975006,Netherlands,NL,Limburg,minor,,
Vlijmen,51.6984,5.221648,Netherlands,NL,Noord-Brabant,minor,,
Duiven,51.944895,6.024904,Netherlands,NL,Gelderland,minor,,
Huizen,52.303148,5.258999,Netherlands,NL,Noord-Holland,minor,,
Malden,51.7837,5.85321,Netherlands,NL,Gelderland,minor,,
Wijchen,51.816174,5.749562,Netherlands,NL,Gelderland,minor,,
Oegstgeest,52.172361,4.45907,Netherlands,NL,Zuid-Holland,minor,,
Leusden,52.133333,5.466667,Netherlands,NL,Utrecht,minor,,
Baarle-Nassau,51.445401,4.929484,Netherlands,NL,Noord-Brabant,minor,,
Schoonhoven,51.948241,4.847943,Netherlands,NL,Zuid-Holland,minor,,
Tiel,51.889251,5.442649,Netherlands,NL,Gelderland,minor,,
Nieuw-Loosdrecht,52.200882,5.134442,Netherlands,NL,Noord-Holland,minor,,
Rijen,51.591992,4.916758,Netherlands,NL,Noord-Brabant,minor,,
Staphorst,52.644273,6.210885,Netherlands,NL,Overijssel,minor,,
Hattem,52.47238,6.069615,Netherlands,NL,Gelderland,minor,,
Raalte,52.383776,6.280611,Netherlands,NL,Overijssel,minor,,
Neerijnen,51.83442,5.278538,Netherlands,NL,Gelderland,minor,,
Kaatsheuvel,51.666667,5.066667,Netherlands,NL,Noord-Brabant,minor,,
Nieuwegein,52.014842,5.100406,Netherlands,NL,Utrecht,minor,,
Oisterwijk,51.583449,5.208564,Netherlands,NL,Noord-Brabant,minor,,
Rhenen,51.963321,5.570359,Netherlands,NL,Utrecht,minor,,
Muntendam,53.137419,6.86832,Netherlands,NL,Groningen,minor,,
Ferwert,53.338486,5.829148,Netherlands,NL,Fryslân,minor,,
Vries,53.077193,6.573984,Netherlands,NL,Drenthe,minor,,
Wijk bij Duurstede,51.976012,5.34058,Netherlands,NL,Utrecht,minor,,
Zeeland,51.696891,5.674621,Netherlands,NL,Noord-Brabant,minor,,
Wierden,52.362795,6.590944,Netherlands,NL,Overijssel,minor,,
Veendam,53.114857,6.896614,Netherlands,NL,Groningen,minor,,
Woudenberg,52.08016,5.420615,Netherlands,NL,Utrecht,minor,,
Voorschoten,52.13098,4.465828,Netherlands,NL,Zuid-Holland,minor,,
Schinveld,50.968895,5.981717,Netherlands,NL,Limburg,minor,,
Schinnen,50.943293,5.892579,Netherlands,NL,Limburg,minor,,
Steenwijk,52.78565,6.137477,Netherlands,NL,Overijssel,minor,,
Anna Paulowna,52.866667,4.866667,Netherlands,NL,Noord-Holland,minor,,
Ten Boer,53.275977,6.689844,Netherlands,NL,Groningen,minor,,
Ommen,52.52023,6.426631,Netherlands,NL,Overijssel,minor,,
Ridderkerk,51.872419,4.612876,Netherlands,NL,Zuid-Holland,minor,,
Domburg,51.562776,3.500941,Netherlands,NL,Zeeland,minor,,
Bodegraven,52.086135,4.756828,Netherlands,NL,Zuid-Holland,minor,,
Goirle,51.52349,5.071676,Netherlands,NL,Noord-Brabant,minor,,
Heesch,51.732164,5.525301,Netherlands,NL,Noord-Brabant,minor,,
Culemborg,51.951872,5.231729,Netherlands,NL,Gelderland,minor,,
Beek-Ubbergen,51.828858,5.932991,Netherlands,NL,Gelderland,minor,,
Beek en Donk,51.516667,5.633333,Netherlands,NL,Noord-Brabant,minor,,
Beek,50.939978,5.796491,Netherlands,NL,Limburg,minor,,
Heythuysen,51.25072,5.896357,Netherlands,NL,Limburg,minor,,
Delfzijl,53.332639,6.924231,Netherlands,NL,Groningen,minor,,
Sittard,50.995734,5.874759,Netherlands,NL,Limburg,minor,,
Menaam,53.221067,5.663839,Netherlands,NL,Fryslân,minor,,
Aalsmeer,52.266667,4.766667,Netherlands,NL,Noord-Holland,minor,,
Mook,51.749816,5.88601,Netherlands,NL,Limburg,minor,,
Stadskanaal,53.00692,6.9225,Netherlands,NL,Groningen,minor,,
Emmen,52.792471,6.894744,Netherlands,NL,Drenthe,minor,,
Damwâld,53.289982,5.995736,Netherlands,NL,Fryslân,minor,,
Dalfsen,52.51078,6.258378,Netherlands,NL,Overijssel,minor,,
Losser,52.260911,7.008838,Netherlands,NL,Overijssel,minor,,
Loppersum,53.331473,6.746094,Netherlands,NL,Groningen,minor,,
Son en Breugel,51.516667,5.5,Netherlands,NL,Noord-Brabant,minor,,
De Goorn,52.627549,4.94391,Netherlands,NL,Noord-Holland,minor,,
Schiermonnikoog,53.480255,6.152092,Netherlands,NL,Fryslân,minor,,
Spijkenisse,51.841105,4.315098,Netherlands,NL,Zuid-Holland,minor,,
IJsselstein,52.024982,5.018862,Netherlands,NL,Utrecht,minor,,
Nederweert,51.285013,5.749804,Netherlands,NL,Limburg,minor,,
Deurne,51.460672,5.799131,Netherlands,NL,Noord-Brabant,minor,,
Overveen,52.393298,4.606588,Netherlands,NL,Noord-Holland,minor,,
Eemnes,52.252639,5.262364,Netherlands,NL,Utrecht,minor,,
Nijkerk,52.221637,5.494962,Netherlands,NL,Gelderland,minor,,
Landsmeer,52.431132,4.91894,Netherlands,NL,Noord-Holland,minor,,
Hoofddorp,52.312058,4.693128,Netherlands,NL,Noord-Holland,minor,,
Naaldwijk,51.997897,4.220444,Netherlands,NL,Zuid-Holland,minor,,
Amstelveen,52.310658,4.876789,Netherlands,NL,Noord-Holland,minor,,
Renswoude,52.074493,5.540471,Netherlands,NL,Utrecht,minor,,
Hillegom,52.29385,4.593843,Netherlands,NL,Zuid-Holland,minor,,
Hilvarenbeek,51.484585,5.132665,Netherlands,NL,Noord-Brabant,minor,,
Bunschoten-Spakenburg,52.241667,5.374795,Netherlands,NL,Utrecht,minor,,
Noordwijkerhout,52.269556,4.488424,Netherlands,NL,Zuid-Holland,minor,,
Zaltbommel,51.806782,5.243605,Netherlands,NL,Gelderland,minor,,
Veldhoven,51.416667,5.416667,Netherlands,NL,Noord-Brabant,minor,,
Leiden,52.176281,4.528154,Netherlands,NL,Zuid-Holland,minor,,
Leiderdorp,52.15638,4.537878,Netherlands,NL,Zuid-Holland,minor,,
Drachten,53.112536,6.098897,Netherlands,NL,Fryslân,minor,,
Putten,52.260897,5.613074,Netherlands,NL,Gelderland,minor,,
Stiens,53.259824,5.764857,Netherlands,NL,Fryslân,minor,,
Papendrecht,51.837307,4.698733,Netherlands,NL,Zuid-Holland,minor,,
Stompetoren,52.615347,4.822788,Netherlands,NL,Noord-Holland,minor,,
Maasbracht,51.145124,5.889301,Netherlands,NL,Limburg,minor,,
Heerlen,50.882832,5.962319,Netherlands,NL,Limburg,minor,,
Heemskerk,52.511077,4.671646,Netherlands,NL,Noord-Holland,minor,,
Bergen op Zoom,51.494492,4.283509,Netherlands,NL,Noord-Brabant,minor,,
Kampen,52.558086,5.897808,Netherlands,NL,Overijssel,minor,,
Amersfoort,52.156022,5.389526,Netherlands,NL,Utrecht,minor,,
De Rijp,52.558168,4.841879,Netherlands,NL,Noord-Holland,minor,,
Boskoop,52.069873,4.667693,Netherlands,NL,Zuid-Holland,minor,,
Den Burg,53.056223,4.796742,Netherlands,NL,Noord-Holland,minor,,
Wassenaar,52.110844,4.355982,Netherlands,NL,Zuid-Holland,minor,,
Geldermalsen,51.883333,5.3,Netherlands,NL,Gelderland,minor,,
Dordrecht,51.800653,4.698199,Netherlands,NL,Zuid-Holland,minor,,
Rijswijk,52.025498,4.310793,Netherlands,NL,Zuid-Holland,minor,,
Rijssen,52.308315,6.519603,Netherlands,NL,Overijssel,minor,,
