city,lat,lng,country,iso2,admin,capital,population,population_proper
Aleppo,36.201241,37.161173,Syria,SY,Ḩalab,admin,2738000,1602264
Damascus,33.512529,36.278016,Syria,SY,Dimashq,primary,2466000,2466000
Homs,34.726818,36.723391,Syria,SY,Ḩimş,admin,1005000,775404
Al Kuraydīyah,35.568522,35.747115,Syria,SY,Al Lādhiqīyah,,539147,340181
Dūmā,33.571747,36.402701,Syria,SY,Rīf Dimashq,minor,496145,317679
Ḩamāh,35.13179,36.757834,Syria,SY,Ḩamāh,admin,460602,418990
Dayr az Zawr,35.33389,40.141813,Syria,SY,Dayr az Zawr,admin,309141,242565
Ar Raqqah,35.952829,39.007879,Syria,SY,Ar Raqqah,admin,177636,173565
Ţarţūs,34.889022,35.886586,Syria,SY,Ţarţūs,admin,162980,115769
Dar‘ā,32.618889,36.102134,Syria,SY,Dar‘ā,admin,146481,97969
Idlib,35.930616,36.63393,Syria,SY,Idlib,admin,128840,102731
Al Ḩasakah,36.502368,40.747716,Syria,SY,Al Ḩasakah,admin,128100,81539
Manbij,36.528153,37.954954,Syria,SY,Ḩalab,minor,120169,68888
Al Qāmishlī,37.052152,41.231422,Syria,SY,Al Ḩasakah,minor,104107,104107
Ath Thawrah,35.834527,38.546588,Syria,SY,Ar Raqqah,minor,87880,83300
Ālbū Kamāl,34.452261,40.918544,Syria,SY,Dayr az Zawr,minor,80808,57572
As Suwaydā’,32.708958,36.569513,Syria,SY,As Suwaydā’,admin,72248,59052
Tadmur,34.562399,38.284023,Syria,SY,Ḩimş,minor,55111,51015
An Nabk,34.024027,36.728483,Syria,SY,Rīf Dimashq,minor,50178,49372
I‘zāz,36.586624,37.046276,Syria,SY,Ḩalab,minor,31534,31534
Al Qunayţirah,33.125945,35.824613,Syria,SY,Al Qunayţirah,admin,4318,153
Al Ḩāḑir,35.990242,37.050863,Syria,SY,Ḩalab,minor,,
Mas‘adah,33.232026,35.755723,Syria,SY,Al Qunayţirah,minor,,
Kafr Nubl,35.613763,36.564488,Syria,SY,Idlib,minor,,
Jubb Ramlah,35.209224,36.431035,Syria,SY,Ḩamāh,minor,,
Al Mayādīn,35.019819,40.451538,Syria,SY,Dayr az Zawr,minor,,
Jubb al Jarrāḩ,34.834441,37.323962,Syria,SY,Ḩimş,minor,,
Ash Shaddādah,36.057565,40.734784,Syria,SY,Al Ḩasakah,minor,,
Khirbat Tīn Nūr,34.70122,36.556585,Syria,SY,Ḩimş,minor,,
Şlinfah,35.598217,36.187697,Syria,SY,Al Lādhiqīyah,minor,,
Ḩarastā,33.558692,36.365153,Syria,SY,Rīf Dimashq,minor,,
Al Atārib,36.138946,36.824989,Syria,SY,Ḩalab,minor,,
Ḩimmīn,34.900355,36.040102,Syria,SY,Ţarţūs,minor,,
Bāniyās,35.181881,35.948709,Syria,SY,Ţarţūs,minor,,
Brummānat al Mashāyikh,35.018834,36.170833,Syria,SY,Ţarţūs,minor,,
‘Āmūdā,37.104167,40.93,Syria,SY,Al Ḩasakah,minor,,
Al Buşayrah,35.156181,40.427163,Syria,SY,Dayr az Zawr,minor,,
Ad Dīmās,33.587393,36.092624,Syria,SY,Rīf Dimashq,minor,,
Tall Abyaḑ,36.696478,38.953822,Syria,SY,Ar Raqqah,minor,,
Nawá,32.890439,36.039895,Syria,SY,Dar‘ā,minor,,
Babīlā,33.471011,36.33076,Syria,SY,Rīf Dimashq,minor,,
Al Qaḩţānīyah,37.029002,41.545964,Syria,SY,Al Ḩasakah,minor,,
Banān,35.973582,37.302344,Syria,SY,Ḩalab,minor,,
Shaqqā,32.897735,36.696528,Syria,SY,As Suwaydā’,minor,,
Khān Arnabah,33.183776,35.891582,Syria,SY,Al Qunayţirah,minor,,
Khanāşir,35.781592,37.499187,Syria,SY,Ḩalab,minor,,
Sulūk,36.595958,39.129901,Syria,SY,Ar Raqqah,minor,,
Hīsh,35.547932,36.643563,Syria,SY,Idlib,minor,,
Arwād,34.856038,35.858537,Syria,SY,Ţarţūs,minor,,
Sirghāyā,33.810396,36.157869,Syria,SY,Rīf Dimashq,minor,,
Al Jawādīyah,36.986603,41.820146,Syria,SY,Al Ḩasakah,minor,,
Al Bāriqīyah,34.829237,36.228635,Syria,SY,Ţarţūs,minor,,
Ḩarbinafsah,34.937447,36.622431,Syria,SY,Ḩamāh,minor,,
Darkūsh,35.991684,36.394156,Syria,SY,Idlib,minor,,
Ar Rā‘ī,36.611818,37.447801,Syria,SY,Ḩalab,minor,,
Jawbat Burghāl,35.489954,36.174727,Syria,SY,Al Lādhiqīyah,minor,,
Tādif,36.348138,37.5309,Syria,SY,Ḩalab,minor,,
Al Khafsah,36.231104,38.021721,Syria,SY,Ḩalab,minor,,
Latakia,35.531683,35.790106,Syria,SY,Al Lādhiqīyah,admin,,
As Sūsah,34.533661,40.958189,Syria,SY,Dayr az Zawr,minor,,
Aş Şuwar,35.50635,40.661768,Syria,SY,Dayr az Zawr,minor,,
Şirrīn ash Shamālīyah,36.588383,38.297878,Syria,SY,Ḩalab,minor,,
‘Irbīn,33.537192,36.36635,Syria,SY,Rīf Dimashq,minor,,
Ad Darbāsīyah,37.072792,40.651992,Syria,SY,Al Ḩasakah,minor,,
Dārayyā,33.458345,36.232559,Syria,SY,Rīf Dimashq,minor,,
Al Qaryatayn,34.229562,37.240658,Syria,SY,Ḩimş,minor,,
Taftanāz,35.998322,36.785794,Syria,SY,Idlib,minor,,
Jaramānā,33.486205,36.346137,Syria,SY,Rīf Dimashq,minor,,
Al Kiswah,33.358098,36.241898,Syria,SY,Rīf Dimashq,minor,,
Al Qurayyā,32.543365,36.597757,Syria,SY,As Suwaydā’,minor,,
Ash Shaykh Badr,34.991744,36.083501,Syria,SY,Ţarţūs,minor,,
Al Mushannaf,32.739315,36.774734,Syria,SY,As Suwaydā’,minor,,
Ar Rastan,34.926673,36.732413,Syria,SY,Ḩimş,minor,,
Mahīn,34.241678,37.058426,Syria,SY,Ḩimş,minor,,
Sa‘sa‘,33.281978,36.019469,Syria,SY,Rīf Dimashq,minor,,
Tall aḑ Ḑamān,35.807755,37.253777,Syria,SY,Ḩalab,minor,,
Bulbul,36.769473,36.819688,Syria,SY,Ḩalab,minor,,
Tall Ḩamīs,36.756783,41.399427,Syria,SY,Al Ḩasakah,minor,,
Khān Shaykhūn,35.442083,36.650948,Syria,SY,Idlib,minor,,
Nubl,36.378667,36.99294,Syria,SY,Ḩalab,minor,,
Hajīn,34.695083,40.831383,Syria,SY,Dayr az Zawr,minor,,
Al Furqlus,34.606383,37.087453,Syria,SY,Ḩimş,minor,,
Ash Shajarah,32.774107,35.882025,Syria,SY,Dar‘ā,minor,,
Dayr ‘Aţīyah,34.095412,36.767906,Syria,SY,Rīf Dimashq,minor,,
Bi’r al Ḩulw al Wardīyah,36.696944,41.035278,Syria,SY,Al Ḩasakah,minor,,
As Safīrah,36.07696,37.372512,Syria,SY,Ḩalab,minor,,
Aş Şanamayn,33.071859,36.183161,Syria,SY,Dar‘ā,minor,,
Armanāz,36.083052,36.503086,Syria,SY,Idlib,minor,,
Arīḩā,35.813743,36.609641,Syria,SY,Idlib,minor,,
Şadad,34.312481,36.92562,Syria,SY,Ḩimş,minor,,
As Sabkhah,35.811817,39.262677,Syria,SY,Ar Raqqah,minor,,
As Si‘in,35.263753,37.374024,Syria,SY,Ḩamāh,minor,,
Sarāqib,35.864469,36.805909,Syria,SY,Idlib,minor,,
‘Ayn al Bayḑā,35.655988,35.888712,Syria,SY,Al Lādhiqīyah,minor,,
Abū az̧ Z̧uhūr,35.740582,37.044799,Syria,SY,Idlib,minor,,
Al Fākhūrah,35.498458,36.009549,Syria,SY,Al Lādhiqīyah,minor,,
Shaţḩah,35.505086,36.24377,Syria,SY,Ḩamāh,minor,,
‘Assāl al Ward,33.864525,36.413903,Syria,SY,Rīf Dimashq,minor,,
Rājū,36.675976,36.664147,Syria,SY,Ḩalab,minor,,
Al Muzayri‘ah,35.5318,36.070027,Syria,SY,Al Lādhiqīyah,minor,,
Kuwayris Sharqī,36.166846,37.538151,Syria,SY,Ḩalab,minor,,
Mashtá al Ḩulw,34.874622,36.250985,Syria,SY,Ţarţūs,minor,,
As Suqaylibīyah,35.366741,36.393588,Syria,SY,Ḩamāh,minor,,
Ma‘arratmişrīn,36.01152,36.671827,Syria,SY,Idlib,minor,,
Khirbat Ghazālah,32.733758,36.204551,Syria,SY,Dar‘ā,minor,,
As Sīsnīyah,34.781085,36.142984,Syria,SY,Ţarţūs,minor,,
Al Quţaylibīyah,35.29203,36.015916,Syria,SY,Al Lādhiqīyah,minor,,
Al Ḩarāk,32.749323,36.309938,Syria,SY,Dar‘ā,minor,,
Al Ḩajar al Aswad,33.457593,36.30419,Syria,SY,Rīf Dimashq,minor,,
Tasīl,32.833948,35.969729,Syria,SY,Dar‘ā,minor,,
Tall Rif‘at,36.472293,37.094708,Syria,SY,Ḩalab,minor,,
Tall Salḩab,35.258837,36.384611,Syria,SY,Ḩamāh,minor,,
Qūrqīnā,36.138485,36.612468,Syria,SY,Idlib,minor,,
‘Awaj,34.907036,36.404441,Syria,SY,Ḩamāh,minor,,
Rankūs,33.756234,36.388304,Syria,SY,Rīf Dimashq,minor,,
Ma‘dān,35.755203,39.59835,Syria,SY,Ar Raqqah,minor,,
Al Qabw,34.843244,36.454933,Syria,SY,Ḩimş,minor,,
As Sawdā,34.981514,35.944144,Syria,SY,Ţarţūs,minor,,
Al Ḩamīdīyah,34.712553,35.944948,Syria,SY,Ţarţūs,minor,,
Al Mulayḩah,33.485224,36.375609,Syria,SY,Rīf Dimashq,minor,,
Qadsayyā,33.548318,36.215635,Syria,SY,Rīf Dimashq,minor,,
Muḩradah,35.247896,36.572505,Syria,SY,Ḩamāh,minor,,
‘Arīshah,36.231537,40.772143,Syria,SY,Al Ḩasakah,minor,,
Al Ghandūrah,36.669451,37.732513,Syria,SY,Ḩalab,minor,,
Aḑ Ḑumayr,33.64389,36.693758,Syria,SY,Rīf Dimashq,minor,,
Khushām,35.300882,40.289159,Syria,SY,Dayr az Zawr,minor,,
Sinjār,35.590107,37.004722,Syria,SY,Idlib,minor,,
Jayrūd,33.807093,36.738608,Syria,SY,Rīf Dimashq,minor,,
Mismīyah,33.129022,36.394024,Syria,SY,Dar‘ā,minor,,
Shīn,34.778626,36.423662,Syria,SY,Ḩimş,minor,,
Maskanah,35.960461,38.040158,Syria,SY,Ḩalab,minor,,
At Tall,33.610329,36.310695,Syria,SY,Rīf Dimashq,minor,,
At Tamāni‘ah,35.458464,36.748157,Syria,SY,Idlib,minor,,
Mukharram al Fawqānī,34.815213,37.086766,Syria,SY,Ḩimş,minor,,
Ash Shaykh Miskīn,32.829437,36.159327,Syria,SY,Dar‘ā,minor,,
Al Ghāriyah,32.393318,36.650672,Syria,SY,As Suwaydā’,minor,,
Kafr Takhārīm,36.116802,36.515219,Syria,SY,Idlib,minor,,
At Tibnī,35.611701,39.818096,Syria,SY,Dayr az Zawr,minor,,
Al Jīzah,32.569091,36.315508,Syria,SY,Dar‘ā,minor,,
Shahbā,32.855144,36.628961,Syria,SY,As Suwaydā’,minor,,
Tall Tamr,36.655558,40.370793,Syria,SY,Al Ḩasakah,minor,,
Al Ma‘baţlī,36.562518,36.741889,Syria,SY,Ḩalab,minor,,
Ḩārim,36.211756,36.520776,Syria,SY,Idlib,minor,,
Qasţal Ma‘āf,35.824387,35.951933,Syria,SY,Al Lādhiqīyah,minor,,
Izra‘,32.870603,36.254527,Syria,SY,Dar‘ā,minor,,
Al Quţayfah,33.738485,36.600706,Syria,SY,Rīf Dimashq,minor,,
Maşyāf,35.065302,36.340603,Syria,SY,Ḩamāh,minor,,
Ad Duraykīsh,34.895138,36.14303,Syria,SY,Ţarţūs,minor,,
Ḩarrān al ‘Awāmīd,33.448849,36.560015,Syria,SY,Rīf Dimashq,minor,,
Al ‘Annāzah,35.195025,36.065712,Syria,SY,Ţarţūs,minor,,
Ma‘lūlā,33.845287,36.545138,Syria,SY,Rīf Dimashq,minor,,
An Nashābīyah,33.510507,36.485687,Syria,SY,Rīf Dimashq,minor,,
Bdāmā,35.811512,36.196489,Syria,SY,Idlib,minor,,
Ḩisyā’,34.411968,36.758671,Syria,SY,Ḩimş,minor,,
Al Manşūrah,35.839168,38.742877,Syria,SY,Ar Raqqah,minor,,
Al ‘Ashārah,34.921326,40.560074,Syria,SY,Dayr az Zawr,minor,,
Al ‘Arīmah,36.473998,37.719301,Syria,SY,Ḩalab,minor,,
Şaydnāyā,33.694726,36.371457,Syria,SY,Rīf Dimashq,minor,,
Salqīn,36.139511,36.454131,Syria,SY,Idlib,minor,,
Jāsim,32.992327,36.060181,Syria,SY,Dar‘ā,minor,,
‘Ayn at Tīnah,35.564451,36.100979,Syria,SY,Al Lādhiqīyah,minor,,
Al Ḩawāsh,34.760036,36.32127,Syria,SY,Ḩimş,minor,,
Al Bāb,36.370506,37.515703,Syria,SY,Ḩalab,minor,,
Sabbah,34.902921,36.237108,Syria,SY,Ţarţūs,minor,,
Şaḩnāyā,33.425305,36.22552,Syria,SY,Rīf Dimashq,minor,,
Ar Ruḩaybah,33.744243,36.703939,Syria,SY,Rīf Dimashq,minor,,
Binnish,35.956642,36.713802,Syria,SY,Idlib,minor,,
Dārat ‘Izzah,36.282471,36.852155,Syria,SY,Ḩalab,minor,,
Al Qadmūs,35.098545,36.159844,Syria,SY,Ţarţūs,minor,,
Wādī al ‘Uyūn,34.994198,36.191418,Syria,SY,Ḩamāh,minor,,
‘Ayn an Nasr,34.841132,36.928368,Syria,SY,Ḩimş,minor,,
Kafr Baţnā,33.51168,36.372732,Syria,SY,Rīf Dimashq,minor,,
As Sukhnah,34.884599,38.874907,Syria,SY,Ḩimş,minor,,
Talldaww,34.876324,36.523997,Syria,SY,Ḩimş,minor,,
Al Qardāḩah,35.456441,36.059085,Syria,SY,Al Lādhiqīyah,minor,,
Iḩsim,35.720775,36.556314,Syria,SY,Idlib,minor,,
Al Qamşīyah,35.033566,36.014549,Syria,SY,Ţarţūs,minor,,
Kinnsibbā,35.744099,36.163997,Syria,SY,Al Lādhiqīyah,minor,,
Māri‘,36.482592,37.19709,Syria,SY,Ḩalab,minor,,
Shaykh al Ḩadīd,36.500693,36.599445,Syria,SY,Ḩalab,minor,,
‘Uqayribāt,35.043098,37.464421,Syria,SY,Ḩamāh,minor,,
Kassab,35.926388,35.989702,Syria,SY,Al Lādhiqīyah,minor,,
Dhībīn,32.438421,36.565515,Syria,SY,As Suwaydā’,minor,,
Dhībān,35.014979,40.510284,Syria,SY,Dayr az Zawr,minor,,
Ḩammām Wāşil,35.074373,36.086771,Syria,SY,Ţarţūs,minor,,
Sharān,36.623365,36.936595,Syria,SY,Ḩalab,minor,,
Junaynat Raslān,34.927889,36.123996,Syria,SY,Ţarţūs,minor,,
Jindayris,36.395349,36.688903,Syria,SY,Ḩalab,minor,,
Şabbūrah,35.15595,37.209084,Syria,SY,Ḩamāh,minor,,
Abū Qalqal,36.438063,38.11984,Syria,SY,Ḩalab,minor,,
Al Ḩawl,36.390423,41.149827,Syria,SY,Al Ḩasakah,minor,,
‘Afrīn,36.511935,36.869541,Syria,SY,Ḩalab,minor,,
Al Mālikīyah,37.177008,42.140062,Syria,SY,Al Ḩasakah,minor,,
Al Bahlūlīyah,35.636793,35.960217,Syria,SY,Al Lādhiqīyah,minor,,
Al Kasrah,35.567427,39.920204,Syria,SY,Dayr az Zawr,minor,,
Al Karāmah,35.868655,39.278031,Syria,SY,Ar Raqqah,minor,,
Sarmīn,35.904031,36.725008,Syria,SY,Idlib,minor,,
An Nāşirah,34.787688,36.285587,Syria,SY,Ḩimş,minor,,
Al Khushnīyah,32.999412,35.810836,Syria,SY,Al Qunayţirah,minor,,
Al Hinādī,35.513239,35.874399,Syria,SY,Al Lādhiqīyah,minor,,
Ra’s al ‘Ayn,36.850336,40.070555,Syria,SY,Al Ḩasakah,minor,,
‘Arīqah,32.889813,36.483363,Syria,SY,As Suwaydā’,minor,,
Az Zarbah,36.067627,36.979866,Syria,SY,Ḩalab,minor,,
Şūrān,36.565794,37.212699,Syria,SY,Ḩalab,minor,,
Şūrān,35.291934,36.748479,Syria,SY,Ḩamāh,minor,,
Al Buţayḩah,32.908707,35.631985,Syria,SY,Al Qunayţirah,minor,,
Aş Şafşāfah,34.734805,36.053181,Syria,SY,Ţarţūs,minor,,
Al Muzayrīb,32.709378,36.02635,Syria,SY,Dar‘ā,minor,,
‘Ayn al Fījah,33.615293,36.182846,Syria,SY,Rīf Dimashq,minor,,
Tallkalakh,34.668416,36.259949,Syria,SY,Ḩimş,minor,,
Az Zabadānī,33.724881,36.100502,Syria,SY,Rīf Dimashq,minor,,
Duwayr Raslān,34.949103,36.181791,Syria,SY,Ţarţūs,minor,,
Al Mazra‘ah,32.783976,36.476955,Syria,SY,As Suwaydā’,minor,,
Ra’s al Khashūfah,34.82653,36.051669,Syria,SY,Ţarţūs,minor,,
Al Karīmah,34.66941,36.07546,Syria,SY,Ţarţūs,minor,,
Fīq,32.779348,35.700322,Syria,SY,Al Qunayţirah,minor,,
Muḩambal,35.78668,36.472601,Syria,SY,Idlib,minor,,
Dā‘il,32.754664,36.129585,Syria,SY,Dar‘ā,minor,,
Ma‘arrat an Nu‘mān,35.648298,36.676932,Syria,SY,Idlib,minor,,
Al Ḩamrā’,35.315002,37.08632,Syria,SY,Ḩamāh,minor,,
Mūḩ Ḩasan,35.233494,40.3166,Syria,SY,Dayr az Zawr,minor,,
As Sab‘ Biyār,33.779735,37.683574,Syria,SY,Rīf Dimashq,minor,,
Jarābulus,36.8175,38.011111,Syria,SY,Ḩalab,minor,,
Akhtarīn,36.510717,37.335713,Syria,SY,Ḩalab,minor,,
Yabrūd,33.969208,36.657292,Syria,SY,Rīf Dimashq,minor,,
Al Ḩaffah,35.598244,36.030062,Syria,SY,Al Lādhiqīyah,minor,,
Al Ḩājib,35.864092,37.396804,Syria,SY,Ḩalab,minor,,
Barrī ash Sharqī,34.980991,37.200961,Syria,SY,Ḩamāh,minor,,
Bayt Yāshūţ,35.310251,36.115226,Syria,SY,Al Lādhiqīyah,minor,,
Shuyūkh Taḩtānī,36.75059,38.076758,Syria,SY,Ḩalab,minor,,
Al Ya‘rubīyah,36.811384,42.062058,Syria,SY,Al Ḩasakah,minor,,
Al Jarnīyah,36.171908,38.247168,Syria,SY,Ar Raqqah,minor,,
Kurnāz,35.38972,36.487732,Syria,SY,Ḩamāh,minor,,
Al Ghizlānīyah,33.39671,36.454911,Syria,SY,Rīf Dimashq,minor,,
‘Ayn ‘Īsá,36.385501,38.862283,Syria,SY,Ar Raqqah,minor,,
‘Ayn al ‘Arab,36.890952,38.353471,Syria,SY,Ḩalab,minor,,
Tallbīsah,34.84072,36.730918,Syria,SY,Ḩimş,minor,,
Tālīn,35.148493,36.032876,Syria,SY,Ţarţūs,minor,,
Buşrá ash Shām,32.520129,36.482564,Syria,SY,Dar‘ā,minor,,
Ḩadīdah,34.673374,36.397341,Syria,SY,Ḩimş,minor,,
Malaḩ,32.507952,36.857194,Syria,SY,As Suwaydā’,minor,,
Mazra‘at Bayt Jinn,33.328363,35.921444,Syria,SY,Rīf Dimashq,minor,,
Şāfītā,34.820993,36.117732,Syria,SY,Ţarţūs,minor,,
Kafr Zaytā,35.374251,36.603302,Syria,SY,Ḩamāh,minor,,
Ḩarf al Musaytirah,35.388081,36.134393,Syria,SY,Al Lādhiqīyah,minor,,
Al Quşayr,34.507796,36.580287,Syria,SY,Ḩimş,minor,,
Markadah,35.746069,40.753039,Syria,SY,Al Ḩasakah,minor,,
Aţ Ţawāḩīn,35.127511,36.214444,Syria,SY,Ţarţūs,minor,,
Jisr ash Shughūr,35.814263,36.320619,Syria,SY,Idlib,minor,,
Al Jalā’,34.633458,40.840539,Syria,SY,Dayr az Zawr,minor,,
Ad Dānā,36.212519,36.769778,Syria,SY,Idlib,minor,,
Ad Dālīyah,35.236048,36.143712,Syria,SY,Al Lādhiqīyah,minor,,
Ghabāghib,33.182352,36.225338,Syria,SY,Dar‘ā,minor,,
‘Ayn Shiqāq,35.394406,36.030123,Syria,SY,Al Lādhiqīyah,minor,,
Şalkhad,32.492002,36.71114,Syria,SY,As Suwaydā’,minor,,
Ḩuraytān,36.288608,37.085269,Syria,SY,Ḩalab,minor,,
Qaţanā,33.437569,36.078879,Syria,SY,Rīf Dimashq,minor,,
‘Ayn ash Sharqīyah,35.331688,36.099727,Syria,SY,Al Lādhiqīyah,minor,,
Al Musayfirah,32.632053,36.33934,Syria,SY,Dar‘ā,minor,,
Khirbat al Ma‘azzah,34.804542,36.000769,Syria,SY,Ţarţūs,minor,,
‘Ayn Ḩalāqīm,34.939977,36.32212,Syria,SY,Ḩamāh,minor,,
Dayr Ḩāfir,36.156942,37.707778,Syria,SY,Ḩalab,minor,,
Al Jānūdīyah,35.884114,36.291,Syria,SY,Idlib,minor,,
As Salamīyah,35.011273,37.053236,Syria,SY,Ḩamāh,minor,,
Jablah,35.362108,35.92759,Syria,SY,Al Lādhiqīyah,minor,,
Az Ziyārah,35.684821,36.338671,Syria,SY,Ḩamāh,minor,,
Maḑāyā,33.690321,36.103541,Syria,SY,Rīf Dimashq,minor,,
Ar Rawḑah,35.072038,35.913748,Syria,SY,Ţarţūs,minor,,
Aş Şūrah aş Şaghīrah,33.032475,36.574203,Syria,SY,As Suwaydā’,minor,,
Ar Riqāmā,34.538787,36.919091,Syria,SY,Ḩimş,minor,,
Rabī‘ah,35.786559,36.038249,Syria,SY,Al Lādhiqīyah,minor,,
Rasm al Ḩarmal,36.24486,37.716075,Syria,SY,Ḩalab,minor,,
Qal‘at al Maḑīq,35.41465,36.390849,Syria,SY,Ḩamāh,minor,,
