city,lat,lng,country,iso2,admin,capital,population,population_proper
Bang Rak,13.730579,100.523884,Thailand,TH,Krung Thep Maha Nakhon,minor,6704000,5104476
Chiang Mai,18.790376,98.984683,Thailand,TH,Chiang Mai,admin,397211,200952
Samut Prakan,13.600417,100.596778,Thailand,TH,Samut Prakan,admin,388920,388920
Nakhon Ratchasima,14.971596,102.08255,Thailand,TH,Nakhon Ratchasima,admin,334984,208781
Hat Yai,7.008359,100.476682,Thailand,TH,Songkhla,minor,317954,191696
Ubon Ratchathani,15.23844,104.848659,Thailand,TH,Ubon Ratchathani,admin,273893,122533
Nonthaburi,13.862167,100.513417,Thailand,TH,Nonthaburi,admin,258550,258550
Khon Kaen,16.446711,102.832999,Thailand,TH,Khon Kaen,admin,251056,147579
Udon Thani,17.415667,102.785889,Thailand,TH,Udon Thani,admin,247231,231153
Nakhon Si Thammarat,8.433333,99.966667,Thailand,TH,Nakhon Si Thammarat,admin,232335,120836
Chon Buri,13.362199,100.983454,Thailand,TH,Chon Buri,admin,226618,216063
Lampang,18.292318,99.49277,Thailand,TH,Lampang,admin,204081,156139
Si Racha,13.173722,100.931111,Thailand,TH,Chon Buri,minor,178916,9493
Phitsanulok,16.824806,100.258584,Thailand,TH,Phitsanulok,admin,164017,103427
Surat Thani,9.140109,99.333114,Thailand,TH,Surat Thani,admin,157627,127201
Pathum Thani,14.013461,100.530488,Thailand,TH,Pathum Thani,admin,154412,154412
Pattani,6.8749,101.254851,Thailand,TH,Pattani,admin,150000,43631
Yala,6.539946,101.281284,Thailand,TH,Yala,admin,148140,93558
Trang,7.558167,99.610528,Thailand,TH,Trang,admin,147820,59637
Phuket,7.833333,98.383333,Thailand,TH,Phuket,admin,141618,75573
Nakhon Pathom,13.819602,100.044274,Thailand,TH,Nakhon Pathom,admin,117927,117927
Ban Wiang Wai,19.871334,99.824195,Thailand,TH,Chiang Rai,,117127,78756
Nakhon Sawan,15.704722,100.137167,Thailand,TH,Nakhon Sawan,admin,111915,111915
Ratchaburi,13.536711,99.817117,Thailand,TH,Ratchaburi,admin,106996,92448
Ban Nong Kham,17.845056,102.741139,Thailand,TH,Nong Khai,,104505,63609
Chanthaburi,12.609611,102.104472,Thailand,TH,Chanthaburi,admin,99819,90082
Phetchaburi,13.111889,99.944667,Thailand,TH,Phetchaburi,admin,90497,46601
Chumphon,10.495698,99.179714,Thailand,TH,Chumphon,admin,85686,55835
Nan,18.783778,100.778993,Thailand,TH,Nan,admin,82483,24670
Prachin Buri,14.049917,101.368639,Thailand,TH,Prachin Buri,admin,79757,32600
Uttaradit,17.625572,100.094209,Thailand,TH,Uttaradit,admin,76630,58313
Sakon Nakhon,17.161157,104.147254,Thailand,TH,Sakon Nakhon,admin,76237,59274
Sara Buri,14.525228,100.910389,Thailand,TH,Sara Buri,admin,70769,70769
Narathiwat,6.426389,101.823084,Thailand,TH,Narathiwat,admin,68112,47771
Kanchanaburi,14.003195,99.550056,Thailand,TH,Kanchanaburi,admin,63699,63699
Samut Sakhon,13.54753,100.273622,Thailand,TH,Samut Sakhon,admin,63498,63498
Surin,14.881806,103.493639,Thailand,TH,Surin,admin,62536,46673
Kamphaeng Phet,16.483442,99.521534,Thailand,TH,Kamphaeng Phet,admin,58787,58787
Chaiyaphum,15.81047,102.028812,Thailand,TH,Chaiyaphum,admin,58350,52032
Lop Buri,14.798084,100.653972,Thailand,TH,Lop Buri,admin,57761,26500
Nakhon Phanom,17.410806,104.778556,Thailand,TH,Nakhon Phanom,admin,55377,34595
Kalasin,16.432806,103.506584,Thailand,TH,Kalasin,admin,55102,55102
Suphan Buri,14.474178,100.122178,Thailand,TH,Suphan Buri,admin,53399,53399
Maha Sarakham,16.184834,103.300667,Thailand,TH,Maha Sarakham,admin,51584,51584
Phetchabun,16.443306,101.147528,Thailand,TH,Phetchabun,admin,50656,50656
Hua Hin,12.568998,99.959011,Thailand,TH,Prachuap Khiri Khan,minor,50456,17470
Chachoengsao,13.688195,101.071556,Thailand,TH,Chachoengsao,admin,49741,49741
Songkhla,7.198822,100.595098,Thailand,TH,Songkhla,admin,48616,48616
Buriram,14.994334,103.103917,Thailand,TH,Buriram,admin,47292,47292
Mae Sot,16.716667,98.566667,Thailand,TH,Tak,minor,45781,44563
Si Sa Ket,15.114806,104.32938,Thailand,TH,Sisaket,admin,44751,40961
Phatthalung,7.617861,100.077917,Thailand,TH,Phatthalung,admin,43522,43522
Roi Et,16.053306,103.653861,Thailand,TH,Roi Et,admin,39328,39328
Phrae,18.145889,100.141028,Thailand,TH,Phrae,admin,38538,17971
Rayong,12.668462,101.275503,Thailand,TH,Rayong,admin,37035,37035
Phichit,16.441842,100.348793,Thailand,TH,Phichit,admin,35760,35760
Loei,17.490518,101.727488,Thailand,TH,Loei,admin,35273,24543
Samut Songkhram,13.414556,100.002639,Thailand,TH,Samut Songkhram,admin,35065,35065
Satun,6.623142,100.066758,Thailand,TH,Satun,admin,34544,34544
Prachuap Khiri Khan,11.810946,99.793953,Thailand,TH,Prachuap Khiri Khan,admin,33521,33521
Tak,16.869684,99.128979,Thailand,TH,Tak,admin,33146,24149
Krabi,8.072574,98.910516,Thailand,TH,Krabi,admin,31219,31219
Thung Song,8.164528,99.680389,Thailand,TH,Nakhon Si Thammarat,minor,28223,23852
Ranong,9.965834,98.634761,Thailand,TH,Ranong,admin,24561,24561
Aranyaprathet,13.692764,102.501283,Thailand,TH,Sa Kaeo,minor,22472,20236
Uthai Thani,15.379389,100.0245,Thailand,TH,Uthai Thani,admin,22219,16247
Yasothon,15.794079,104.145104,Thailand,TH,Yasothon,admin,21643,21643
Trat,12.241028,102.515472,Thailand,TH,Trat,admin,21590,21590
Nakhon Nayok,14.204631,101.212948,Thailand,TH,Nakhon Nayok,admin,21309,21309
Phayao,19.192028,99.878834,Thailand,TH,Phayao,admin,21058,19118
Sing Buri,14.887861,100.404639,Thailand,TH,Sing Buri,admin,20046,20046
Bua Yai,15.585516,102.425866,Thailand,TH,Nakhon Ratchasima,minor,18269,16832
Chai Nat,15.186361,100.123528,Thailand,TH,Chai Nat,admin,15469,15469
Lamphun,18.580537,99.007446,Thailand,TH,Lamphun,admin,14030,14030
Ang Thong,14.588389,100.452834,Thailand,TH,Ang Thong,admin,13738,13738
Sukhothai,17.007778,99.823,Thailand,TH,Sukhothai,admin,10276,10276
Phangnga,8.450905,98.52985,Thailand,TH,Phangnga,admin,9676,9676
Mae Hong Son,19.308543,97.965302,Thailand,TH,Mae Hong Son,admin,9109,9109
Ron Phibun,8.179111,99.85425,Thailand,TH,Nakhon Si Thammarat,minor,,
Prawet,13.717353,100.694524,Thailand,TH,Krung Thep Maha Nakhon,minor,,
Kantharalak,14.640556,104.649917,Thailand,TH,Sisaket,minor,,
Kantang,7.405417,99.515611,Thailand,TH,Trang,minor,,
Kanthararom,15.103229,104.573427,Thailand,TH,Sisaket,minor,,
Lat Bua Luang,14.165722,100.307889,Thailand,TH,Phra Nakhon Si Ayutthaya,minor,,
Pom Prap Sattru Phai,13.758219,100.513246,Thailand,TH,Krung Thep Maha Nakhon,minor,,
Na Klang,17.307195,102.188861,Thailand,TH,Nong Bua Lamphu,minor,,
Chum Ta Bong,15.631945,99.552306,Thailand,TH,Nakhon Sawan,minor,,
Mae Wong,15.781639,99.518639,Thailand,TH,Nakhon Sawan,minor,,
Don Sak,9.316763,99.691836,Thailand,TH,Surat Thani,minor,,
Chatturat,15.565417,101.845472,Thailand,TH,Chaiyaphum,minor,,
Chaturaphak Phiman,15.845722,103.557195,Thailand,TH,Roi Et,minor,,
Chat Trakan,17.276056,100.600222,Thailand,TH,Phitsanulok,minor,,
Kong Krailat,16.951972,99.977695,Thailand,TH,Sukhothai,minor,,
Mueang Chan,15.159512,104.036149,Thailand,TH,Sisaket,minor,,
Kao Liao,15.850528,100.079139,Thailand,TH,Nakhon Sawan,minor,,
Khon Sawan,15.931917,102.281028,Thailand,TH,Chaiyaphum,minor,,
Khon San,16.612861,101.919445,Thailand,TH,Chaiyaphum,minor,,
Phu Kam Yao,19.2705,99.970111,Thailand,TH,Phayao,minor,,
Sop Pong,19.518806,98.260417,Thailand,TH,Mae Hong Son,minor,,
Kaeng Krachan,12.907419,99.647948,Thailand,TH,Phetchaburi,minor,,
Na Bon,8.261667,99.594722,Thailand,TH,Nakhon Si Thammarat,minor,,
Si Somdet,15.997972,103.487889,Thailand,TH,Roi Et,minor,,
Na Chaluai,14.520458,105.244783,Thailand,TH,Ubon Ratchathani,minor,,
Na Chueak,15.793385,103.031835,Thailand,TH,Maha Sarakham,minor,,
Thawi Watthana,13.78851,100.333335,Thailand,TH,Krung Thep Maha Nakhon,minor,,
Thung Khru,13.628746,100.509638,Thailand,TH,Krung Thep Maha Nakhon,minor,,
Lam Plai Mat,15.025195,102.838945,Thailand,TH,Buriram,minor,,
Thung Fon,17.471667,103.260334,Thailand,TH,Udon Thani,minor,,
Charoen Sin,17.579251,103.540333,Thailand,TH,Sakon Nakhon,minor,,
Nikhom Kham Soi,16.371667,104.551472,Thailand,TH,Mukdahan,minor,,
Nikhom Nam Un,17.183139,103.718417,Thailand,TH,Sakon Nakhon,minor,,
Sai Noi,13.979147,100.312087,Thailand,TH,Nonthaburi,minor,,
Sai Ngam,16.468619,99.888434,Thailand,TH,Kamphaeng Phet,minor,,
Sattahip,12.666438,100.900727,Thailand,TH,Chon Buri,minor,,
Sawang Arom,15.583945,99.860889,Thailand,TH,Uthai Thani,minor,,
Chom Thong,13.677169,100.484073,Thailand,TH,Krung Thep Maha Nakhon,minor,,
Chatuchak,13.828929,100.559851,Thailand,TH,Krung Thep Maha Nakhon,minor,,
Song Khwae,19.359639,100.700417,Thailand,TH,Nan,minor,,
In Buri,15.007869,100.326906,Thailand,TH,Sing Buri,minor,,
Mueang Pan,18.768027,99.502503,Thailand,TH,Lampang,minor,,
Thung Saliam,17.321056,99.560917,Thailand,TH,Sukhothai,minor,,
Bung Khla,18.302319,103.974181,Thailand,TH,Bueng Kan,minor,,
Si Wilai,18.181881,103.747934,Thailand,TH,Bueng Kan,minor,,
Phu Sing,14.547445,104.131667,Thailand,TH,Sisaket,minor,,
Ban Nang Sata,6.266385,101.264606,Thailand,TH,Yala,minor,,
Phra Yuen,16.329302,102.651818,Thailand,TH,Khon Kaen,minor,,
Wang Hin,14.947834,104.230972,Thailand,TH,Sisaket,minor,,
Sam Sung,16.543195,103.079917,Thailand,TH,Khon Kaen,minor,,
Chuen Chom,16.554882,103.176608,Thailand,TH,Maha Sarakham,minor,,
Ku Kaeo,17.172139,103.153028,Thailand,TH,Udon Thani,minor,,
Pa Mok,14.489889,100.448472,Thailand,TH,Ang Thong,minor,,
Huai Phueng,16.650376,103.910046,Thailand,TH,Kalasin,minor,,
Khun Han,14.617389,104.425056,Thailand,TH,Sisaket,minor,,
Pang Sila Thong,16.096306,99.489056,Thailand,TH,Kamphaeng Phet,minor,,
Kosamphi Nakhon,16.631306,99.34975,Thailand,TH,Kamphaeng Phet,minor,,
Mae Poen,15.657889,99.469806,Thailand,TH,Nakhon Sawan,minor,,
Khura Buri,9.193972,98.415139,Thailand,TH,Phangnga,minor,,
Bang Sao Thong,13.595,100.830417,Thailand,TH,Samut Prakan,minor,,
Phanom Phrai,15.677834,104.11025,Thailand,TH,Roi Et,minor,,
Phanom Thuan,14.130306,99.698584,Thailand,TH,Kanchanaburi,minor,,
Phanom Sarakham,13.747873,101.3553,Thailand,TH,Chachoengsao,minor,,
Bang Sue,13.810028,100.537139,Thailand,TH,Krung Thep Maha Nakhon,minor,,
Tha Phae,6.790143,99.970052,Thailand,TH,Satun,minor,,
Khiri Ratthanikhom,9.030195,98.952861,Thailand,TH,Surat Thani,minor,,
Khiri Mat,16.833333,99.8,Thailand,TH,Sukhothai,minor,,
Bamnet Narong,15.501894,101.689818,Thailand,TH,Chaiyaphum,minor,,
Phipun,8.560361,99.607028,Thailand,TH,Nakhon Si Thammarat,minor,,
Phra Samut Chedi,13.602224,100.572096,Thailand,TH,Samut Prakan,minor,,
Bang Klam,7.089528,100.41075,Thailand,TH,Songkhla,minor,,
Ban Phraek,14.64681,100.576166,Thailand,TH,Phra Nakhon Si Ayutthaya,minor,,
Amphawa,13.424356,99.956876,Thailand,TH,Samut Songkhram,minor,,
Khlung,12.454667,102.221417,Thailand,TH,Chanthaburi,minor,,
Na Yung,17.897472,102.149806,Thailand,TH,Udon Thani,minor,,
Siao,14.795834,104.670167,Thailand,TH,Sisaket,minor,,
Sao Hai,14.550834,100.844361,Thailand,TH,Sara Buri,minor,,
Sap Yai,15.637387,101.616706,Thailand,TH,Chaiyaphum,minor,,
Ban Khai,12.782611,101.296389,Thailand,TH,Rayong,minor,,
Chon Daen,16.189528,100.859584,Thailand,TH,Phetchabun,minor,,
Pa Sang,18.526167,98.939361,Thailand,TH,Lamphun,minor,,
Mae Tha,18.464564,99.140258,Thailand,TH,Lamphun,minor,,
Mae Tha,18.134111,99.513889,Thailand,TH,Lampang,minor,,
Non Daeng,15.410611,102.54025,Thailand,TH,Nakhon Ratchasima,minor,,
Chaloem Phra Kiat,14.558389,102.92475,Thailand,TH,Buriram,minor,,
Lam Thamen Chai,15.3535,102.918028,Thailand,TH,Nakhon Ratchasima,minor,,
Khuean Ubonrat,16.752695,102.632445,Thailand,TH,Khon Kaen,minor,,
Non Thai,15.195798,102.07145,Thailand,TH,Nakhon Ratchasima,minor,,
Mae Rim,18.910642,98.948007,Thailand,TH,Chiang Mai,minor,,
Mae Ramat,16.984032,98.516646,Thailand,TH,Tak,minor,,
Mae Sai,20.433528,99.876167,Thailand,TH,Chiang Rai,minor,,
Wang Saphung,17.300972,101.7685,Thailand,TH,Loei,minor,,
Khai Bang Rachan,14.799834,100.310222,Thailand,TH,Sing Buri,minor,,
Wiang Haeng,19.557,98.6425,Thailand,TH,Chiang Mai,minor,,
Wiang Pa Pao,19.347778,99.507224,Thailand,TH,Chiang Rai,minor,,
Wiang Sa,8.635849,99.366595,Thailand,TH,Surat Thani,minor,,
Wiang Sa,18.598556,100.741028,Thailand,TH,Nan,minor,,
Phai Sali,15.600025,100.649372,Thailand,TH,Nakhon Sawan,minor,,
Bang Saphan Noi,11.075351,99.441519,Thailand,TH,Prachuap Khiri Khan,minor,,
Nong Khae,14.340618,100.867331,Thailand,TH,Sara Buri,minor,,
Thung Sai,16.314889,99.832667,Thailand,TH,Kamphaeng Phet,minor,,
Kui Buri,12.082834,99.854306,Thailand,TH,Prachuap Khiri Khan,minor,,
Dan Chang,14.841834,99.697556,Thailand,TH,Suphan Buri,minor,,
Phrao,19.365859,99.201874,Thailand,TH,Chiang Mai,minor,,
Saba Yoi,6.6175,100.951889,Thailand,TH,Songkhla,minor,,
Don Mot Daeng,15.379028,105.027861,Thailand,TH,Ubon Ratchathani,minor,,
Khian Sa,8.84295,99.198562,Thailand,TH,Surat Thani,minor,,
Thung Wa,7.109574,99.755857,Thailand,TH,Satun,minor,,
Om Koi,17.801222,98.359334,Thailand,TH,Chiang Mai,minor,,
Mukdahan,16.545311,104.723512,Thailand,TH,Mukdahan,admin,,
Tha Khantho,16.939528,103.245861,Thailand,TH,Kalasin,minor,,
Yarang,6.759861,101.293389,Thailand,TH,Pattani,minor,,
Wang Thonglang,13.785464,100.611648,Thailand,TH,Krung Thep Maha Nakhon,minor,,
Muang Sam Sip,15.513074,104.725647,Thailand,TH,Ubon Ratchathani,minor,,
Chian Yai,8.169361,100.144695,Thailand,TH,Nakhon Si Thammarat,minor,,
Phu Kradueng,16.88425,101.884667,Thailand,TH,Loei,minor,,
Krasae Sin,7.615477,100.328423,Thailand,TH,Songkhla,minor,,
Krasang,14.923747,103.303685,Thailand,TH,Buriram,minor,,
Pathum Wan,13.736485,100.523896,Thailand,TH,Krung Thep Maha Nakhon,minor,,
Khlong Yai,11.776445,102.885667,Thailand,TH,Trat,minor,,
Loeng Nok Tha,16.2075,104.555278,Thailand,TH,Yasothon,minor,,
Samoeng,18.848056,98.732417,Thailand,TH,Chiang Mai,minor,,
Khu Khan,14.713584,104.198361,Thailand,TH,Sisaket,minor,,
Phon Sai,15.487972,103.996417,Thailand,TH,Roi Et,minor,,
Phon Sawan,17.45625,104.468778,Thailand,TH,Nakhon Phanom,minor,,
Waeng,16.300056,103.977861,Thailand,TH,Roi Et,minor,,
Ratchathewi,13.759,100.533583,Thailand,TH,Krung Thep Maha Nakhon,minor,,
Sai Mai,13.920684,100.645524,Thailand,TH,Krung Thep Maha Nakhon,minor,,
Saphan Sung,13.770194,100.685306,Thailand,TH,Krung Thep Maha Nakhon,minor,,
Chonnabot,16.088611,102.621778,Thailand,TH,Khon Kaen,minor,,
Hang Chat,18.328832,99.346206,Thailand,TH,Lampang,minor,,
Hang Dong,18.687028,98.919389,Thailand,TH,Chiang Mai,minor,,
Na Pho,15.641126,102.95462,Thailand,TH,Buriram,minor,,
Na Noi,18.326389,100.714167,Thailand,TH,Nan,minor,,
Takua Pa,8.8705,98.343834,Thailand,TH,Phangnga,minor,,
Takua Thung,8.392222,98.452278,Thailand,TH,Phangnga,minor,,
Bang Bua Thong,13.9102,100.425814,Thailand,TH,Nonthaburi,minor,,
Dok Kham Tai,19.162417,99.993417,Thailand,TH,Phayao,minor,,
Nong Sung,16.482991,104.347117,Thailand,TH,Mukdahan,minor,,
Klaeng,12.779722,101.648309,Thailand,TH,Rayong,minor,,
Phatthana Nikhom,14.856465,100.984592,Thailand,TH,Lop Buri,minor,,
Bang Len,14.021885,100.171827,Thailand,TH,Nakhon Pathom,minor,,
Nong Bua Daeng,16.079778,101.802246,Thailand,TH,Chaiyaphum,minor,,
Renu Nakhon,17.05157,104.677092,Thailand,TH,Nakhon Phanom,minor,,
Pha Khao,17.065073,102.029653,Thailand,TH,Loei,minor,,
Mae Wang,18.616037,98.772916,Thailand,TH,Chiang Mai,minor,,
Ban Mo,14.615445,100.727306,Thailand,TH,Sara Buri,minor,,
Phachi,14.449139,100.728334,Thailand,TH,Phra Nakhon Si Ayutthaya,minor,,
Huai Thap Than,15.053327,104.027541,Thailand,TH,Sisaket,minor,,
Kham Khuean Kaeo,15.652334,104.308611,Thailand,TH,Yasothon,minor,,
Bo Rai,12.572834,102.537139,Thailand,TH,Trat,minor,,
Borabue,16.041792,103.115062,Thailand,TH,Maha Sarakham,minor,,
Yaha,6.479704,101.132,Thailand,TH,Yala,minor,,
Phlapphla Chai,14.730111,103.167278,Thailand,TH,Buriram,minor,,
Sa Khrai,17.675445,102.750695,Thailand,TH,Nong Khai,minor,,
Pla Pak,17.180639,104.526056,Thailand,TH,Nakhon Phanom,minor,,
Mae Chan,20.14675,99.852556,Thailand,TH,Chiang Rai,minor,,
Mae Chaem,18.499264,98.364941,Thailand,TH,Chiang Mai,minor,,
Nong Hi,15.611171,103.994842,Thailand,TH,Roi Et,minor,,
Huai Khot,15.290945,99.616611,Thailand,TH,Uthai Thani,minor,,
Nong Muang,15.245917,100.655556,Thailand,TH,Lop Buri,minor,,
Thai Charoen,16.06645,104.44018,Thailand,TH,Yasothon,minor,,
Khuan Don,6.787584,100.077778,Thailand,TH,Satun,minor,,
Khueang Nai,15.389889,104.550834,Thailand,TH,Ubon Ratchathani,minor,,
Tha Ruea,14.567387,100.725979,Thailand,TH,Phra Nakhon Si Ayutthaya,minor,,
Kamalasai,16.338389,103.575639,Thailand,TH,Kalasin,minor,,
Wat Bot,16.981139,100.331945,Thailand,TH,Phitsanulok,minor,,
Phra Thong Kham,15.266856,102.020238,Thailand,TH,Nakhon Ratchasima,minor,,
Chanae,6.099142,101.693531,Thailand,TH,Narathiwat,minor,,
Sam Roi Yot,12.270806,99.872028,Thailand,TH,Prachuap Khiri Khan,minor,,
Banphot Phisai,15.935584,99.981293,Thailand,TH,Nakhon Sawan,minor,,
Khok Pho,6.730639,101.096195,Thailand,TH,Pattani,minor,,
Yan Ta Khao,7.386222,99.666917,Thailand,TH,Trang,minor,,
Phu Phiang,18.738028,100.800306,Thailand,TH,Nan,minor,,
Don Mueang,13.913924,100.58994,Thailand,TH,Krung Thep Maha Nakhon,minor,,
Kae Dam,16.023972,103.384445,Thailand,TH,Maha Sarakham,minor,,
Waeng Yai,15.955466,102.5469,Thailand,TH,Khon Kaen,minor,,
Waeng Noi,15.8035,102.416139,Thailand,TH,Khon Kaen,minor,,
Ban Kha,13.430472,99.409667,Thailand,TH,Ratchaburi,minor,,
Pa Daet,19.50489,99.992415,Thailand,TH,Chiang Rai,minor,,
Phu Pha Man,16.648881,101.900966,Thailand,TH,Khon Kaen,minor,,
Phunphin,9.110722,99.232084,Thailand,TH,Surat Thani,minor,,
Sung Noen,14.899195,101.82075,Thailand,TH,Nakhon Ratchasima,minor,,
Rueso,6.393639,101.518472,Thailand,TH,Narathiwat,minor,,
Laem Sing,12.481639,102.07375,Thailand,TH,Chanthaburi,minor,,
Ban Na San,8.800361,99.363722,Thailand,TH,Surat Thani,minor,,
Wiang Nuea,19.379722,98.446445,Thailand,TH,Mae Hong Son,minor,,
Nong Yasai,14.77988,99.910728,Thailand,TH,Suphan Buri,minor,,
Chana,6.915417,100.740389,Thailand,TH,Songkhla,minor,,
Kong Ra,7.402722,99.949722,Thailand,TH,Phatthalung,minor,,
Kaeng Sanam Nang,15.749542,102.254837,Thailand,TH,Nakhon Ratchasima,minor,,
Na Tan,15.897492,105.293176,Thailand,TH,Ubon Ratchathani,minor,,
Tao Ngoi,16.996889,104.166722,Thailand,TH,Sakon Nakhon,minor,,
Bang Khun Thian,13.663025,100.434165,Thailand,TH,Krung Thep Maha Nakhon,minor,,
Sai Mun,15.944947,104.208121,Thailand,TH,Yasothon,minor,,
Sathing Phra,7.473028,100.439084,Thailand,TH,Songkhla,minor,,
Bueng Kum,13.785275,100.669578,Thailand,TH,Krung Thep Maha Nakhon,minor,,
Khao Chakan,13.653501,102.08825,Thailand,TH,Sa Kaeo,minor,,
Thung Tako,10.110222,99.083056,Thailand,TH,Chumphon,minor,,
Thung Yai,8.301191,99.366105,Thailand,TH,Nakhon Si Thammarat,minor,,
Pakham,14.438167,102.725584,Thailand,TH,Buriram,minor,,
Nong Hong,14.847821,102.68401,Thailand,TH,Buriram,minor,,
Chai Badan,15.206139,101.136834,Thailand,TH,Lop Buri,minor,,
Chai Buri,8.462222,99.076306,Thailand,TH,Surat Thani,minor,,
Phutthaisong,15.547834,103.024667,Thailand,TH,Buriram,minor,,
Phu Wiang,16.652589,102.375547,Thailand,TH,Khon Kaen,minor,,
Khlong San,13.730864,100.509033,Thailand,TH,Krung Thep Maha Nakhon,minor,,
Phibun Rak,17.553122,103.057944,Thailand,TH,Udon Thani,minor,,
Panare,6.861917,101.491028,Thailand,TH,Pattani,minor,,
Thap Put,8.51625,98.639722,Thailand,TH,Phangnga,minor,,
Hua Taphan,15.697103,104.491599,Thailand,TH,Amnat Charoen,minor,,
Song Dao,17.336278,103.475472,Thailand,TH,Sakon Nakhon,minor,,
Lao Khwan,14.595222,99.774306,Thailand,TH,Kanchanaburi,minor,,
Sa Kaeo,13.814111,102.072222,Thailand,TH,Sa Kaeo,admin,,
Thap Khlo,16.160028,100.596556,Thailand,TH,Phichit,minor,,
Bang Phli,13.606269,100.705796,Thailand,TH,Samut Prakan,minor,,
Mae Fa Luang,20.266284,99.798457,Thailand,TH,Chiang Rai,minor,,
Hankha,14.981222,100.014695,Thailand,TH,Chai Nat,minor,,
Khlong Toei,13.716685,100.571591,Thailand,TH,Krung Thep Maha Nakhon,minor,,
Phimai,15.223235,102.494725,Thailand,TH,Nakhon Ratchasima,minor,,
Min Buri,13.814071,100.73135,Thailand,TH,Krung Thep Maha Nakhon,minor,,
Thep Sathit,15.392472,101.450611,Thailand,TH,Chaiyaphum,minor,,
Khok Charoen,15.379266,100.818699,Thailand,TH,Lop Buri,minor,,
Phichai,17.287639,100.086695,Thailand,TH,Uttaradit,minor,,
Phibun Mangsahan,15.244667,105.229084,Thailand,TH,Ubon Ratchathani,minor,,
Sanom,15.203597,103.760543,Thailand,TH,Surin,minor,,
San Pa Tong,18.628278,98.895722,Thailand,TH,Chiang Mai,minor,,
Nong Khai,17.878472,102.742,Thailand,TH,Nong Khai,admin,,
Rasi Salai,15.34466,104.154758,Thailand,TH,Sisaket,minor,,
Khao Chamao,12.975861,101.685111,Thailand,TH,Rayong,minor,,
Wang Nam Khiao,14.418014,101.861129,Thailand,TH,Nakhon Ratchasima,minor,,
Tha Takiap,13.445472,101.611334,Thailand,TH,Chachoengsao,minor,,
Thung Chang,19.387861,100.876195,Thailand,TH,Nan,minor,,
Trakan Phut Phon,15.611834,105.021472,Thailand,TH,Ubon Ratchathani,minor,,
Wang Chan,12.936459,101.523032,Thailand,TH,Rayong,minor,,
Mae Suai,19.656334,99.543667,Thailand,TH,Chiang Rai,minor,,
Mae Sariang,18.161695,97.935445,Thailand,TH,Mae Hong Son,minor,,
Somdet,16.704619,103.749345,Thailand,TH,Kalasin,minor,,
Pong,19.149306,100.275222,Thailand,TH,Phayao,minor,,
Non Suwan,14.580441,102.596886,Thailand,TH,Buriram,minor,,
Lak Si,13.887235,100.579199,Thailand,TH,Krung Thep Maha Nakhon,minor,,
Chanuman,16.233556,105.0005,Thailand,TH,Amnat Charoen,minor,,
Ban Bueng,13.311,101.112139,Thailand,TH,Chon Buri,minor,,
Kosum Phisai,16.248584,103.067389,Thailand,TH,Maha Sarakham,minor,,
Lat Lum Kaeo,14.037278,100.404861,Thailand,TH,Pathum Thani,minor,,
Wang Sam Mo,16.952939,103.436496,Thailand,TH,Udon Thani,minor,,
Huai Rat,14.960389,103.189111,Thailand,TH,Buriram,minor,,
Mae Chai,19.345972,99.814,Thailand,TH,Phayao,minor,,
Ta Phraya,14.003084,102.805407,Thailand,TH,Sa Kaeo,minor,,
Chai Prakan,19.731361,99.139972,Thailand,TH,Chiang Mai,minor,,
Ban Chang,12.725428,101.055305,Thailand,TH,Rayong,minor,,
Bang Saphan,11.214513,99.51144,Thailand,TH,Prachuap Khiri Khan,minor,,
Kut Bak,17.08882,103.818753,Thailand,TH,Sakon Nakhon,minor,,
Saraphi,18.714167,99.035278,Thailand,TH,Chiang Mai,minor,,
Khok Sung,13.838237,102.622539,Thailand,TH,Sa Kaeo,minor,,
Kut Rang,16.09398,103.009984,Thailand,TH,Maha Sarakham,minor,,
Singhanakhon,7.239032,100.552718,Thailand,TH,Songkhla,minor,,
Sadao,6.638833,100.423417,Thailand,TH,Songkhla,minor,,
Pathum Ratchawongsa,15.892243,104.905633,Thailand,TH,Amnat Charoen,minor,,
Sankhaburi,15.047334,100.161778,Thailand,TH,Chai Nat,minor,,
San Kamphaeng,18.744861,99.119528,Thailand,TH,Chiang Mai,minor,,
Wang Muang,14.842278,101.125498,Thailand,TH,Sara Buri,minor,,
Chiang Yuen,16.410421,103.097675,Thailand,TH,Maha Sarakham,minor,,
Kranuan,16.706722,103.078778,Thailand,TH,Khon Kaen,minor,,
Ban Lueam,15.60916,102.129284,Thailand,TH,Nakhon Ratchasima,minor,,
Tham Phannara,8.420445,99.395167,Thailand,TH,Nakhon Si Thammarat,minor,,
Nong Na Kham,16.804303,102.336474,Thailand,TH,Khon Kaen,minor,,
Khuan Niang,7.191378,100.353551,Thailand,TH,Songkhla,minor,,
Khuan Kalong,6.845379,100.071483,Thailand,TH,Satun,minor,,
Khuan Khanun,7.734695,100.009306,Thailand,TH,Phatthalung,minor,,
Phang Khon,17.390505,103.716921,Thailand,TH,Sakon Nakhon,minor,,
Bueng Na Rang,16.171195,100.125306,Thailand,TH,Phichit,minor,,
Wapi Pathum,15.845229,103.376785,Thailand,TH,Maha Sarakham,minor,,
Warin Chamrap,15.193187,104.862805,Thailand,TH,Ubon Ratchathani,minor,,
Warichaphum,17.294091,103.638159,Thailand,TH,Sakon Nakhon,minor,,
Sak Lek,16.505278,100.471028,Thailand,TH,Phichit,minor,,
Na Duang,17.478191,101.973618,Thailand,TH,Loei,minor,,
Ban Na Doem,8.883611,99.310139,Thailand,TH,Surat Thani,minor,,
Dong Luang,16.815889,104.538,Thailand,TH,Mukdahan,minor,,
Don Chedi,14.634972,100.020972,Thailand,TH,Suphan Buri,minor,,
Cho-airong,6.225529,101.81128,Thailand,TH,Narathiwat,minor,,
Nong Suea,14.134778,100.825028,Thailand,TH,Pathum Thani,minor,,
Nong Song Hong,15.733584,102.795722,Thailand,TH,Khon Kaen,minor,,
Chaem Luang,19.031929,98.287674,Thailand,TH,Chiang Mai,minor,,
Phayakkhaphum Phisai,15.516306,103.193667,Thailand,TH,Maha Sarakham,minor,,
Bang Kho Laem,13.693474,100.502204,Thailand,TH,Krung Thep Maha Nakhon,minor,,
Ban Lat,13.051501,99.917012,Thailand,TH,Phetchaburi,minor,,
Nong Bun Nak,14.739472,102.365639,Thailand,TH,Nakhon Ratchasima,minor,,
Nong Bua Rawe,15.753137,101.763959,Thailand,TH,Chaiyaphum,minor,,
Nong Bua Lamphu,17.204056,102.440679,Thailand,TH,Nong Bua Lamphu,admin,,
Nong Chang,15.391472,99.841472,Thailand,TH,Uthai Thani,minor,,
Buntharik,14.756389,105.411472,Thailand,TH,Ubon Ratchathani,minor,,
Ban Mi,15.044278,100.536806,Thailand,TH,Lop Buri,minor,,
Khemarat,16.042523,105.21836,Thailand,TH,Ubon Ratchathani,minor,,
Phran Kratai,16.665111,99.588945,Thailand,TH,Kamphaeng Phet,minor,,
Si Songkhram,17.627446,104.250695,Thailand,TH,Nakhon Phanom,minor,,
Si That,16.973611,103.216445,Thailand,TH,Udon Thani,minor,,
Si Thep,15.452139,101.066667,Thailand,TH,Phetchabun,minor,,
Khong Chai,16.26025,103.458278,Thailand,TH,Kalasin,minor,,
Uthai,14.362778,100.672028,Thailand,TH,Phra Nakhon Si Ayutthaya,minor,,
Plai Phraya,8.532778,98.863695,Thailand,TH,Krabi,minor,,
Mae Charim,18.706139,101.005695,Thailand,TH,Nan,minor,,
Ban Rai,15.084167,99.521084,Thailand,TH,Uthai Thani,minor,,
Phra Nakhon,13.765117,100.498637,Thailand,TH,Krung Thep Maha Nakhon,minor,,
Tha Tako,15.642182,100.478389,Thailand,TH,Nakhon Sawan,minor,,
Si Narong,14.767361,103.873917,Thailand,TH,Surin,minor,,
Ban Haet,16.196482,102.759586,Thailand,TH,Khon Kaen,minor,,
Bang Kapi,13.765298,100.647003,Thailand,TH,Krung Thep Maha Nakhon,minor,,
Ban Phaeo,13.590724,100.107483,Thailand,TH,Samut Sakhon,minor,,
Wat Phleng,13.454073,99.886367,Thailand,TH,Ratchaburi,minor,,
Pho Thong,14.667306,100.408778,Thailand,TH,Ang Thong,minor,,
Bang Sai,14.212395,100.496566,Thailand,TH,Phra Nakhon Si Ayutthaya,minor,,
Bang Sai,14.334334,100.303778,Thailand,TH,Phra Nakhon Si Ayutthaya,minor,,
Khao Kho,16.657913,101.022075,Thailand,TH,Phetchabun,minor,,
At Samat,15.843079,103.87839,Thailand,TH,Roi Et,minor,,
Kut Chum,16.032889,104.339361,Thailand,TH,Yasothon,minor,,
Kut Chap,17.425695,102.566917,Thailand,TH,Udon Thani,minor,,
Kut Khaopun,15.792667,104.998139,Thailand,TH,Ubon Ratchathani,minor,,
Moeiwadi,16.389445,104.157195,Thailand,TH,Roi Et,minor,,
Mae Taeng,19.117122,98.94176,Thailand,TH,Chiang Mai,minor,,
Mae Ai,20.028834,99.298334,Thailand,TH,Chiang Mai,minor,,
Bua Chet,14.528139,103.945667,Thailand,TH,Surin,minor,,
Khon Buri,14.525407,102.245908,Thailand,TH,Nakhon Ratchasima,minor,,
Sahatsakhan,16.712361,103.520195,Thailand,TH,Kalasin,minor,,
Kaeng Khoi,14.586167,100.997584,Thailand,TH,Sara Buri,minor,,
Kaeng Khro,16.108639,102.258084,Thailand,TH,Chaiyaphum,minor,,
Khao Suan Kwang,16.858889,102.86125,Thailand,TH,Khon Kaen,minor,,
Tha Li,17.62355,101.42099,Thailand,TH,Loei,minor,,
Sung Men,18.049401,100.114573,Thailand,TH,Phrae,minor,,
Su-ngai Kolok,6.029774,101.965855,Thailand,TH,Narathiwat,minor,,
Kanchanadit,9.166111,99.470139,Thailand,TH,Surat Thani,minor,,
Lom Sak,16.779834,101.24225,Thailand,TH,Phetchabun,minor,,
Suwannaphum,15.60348,103.802067,Thailand,TH,Roi Et,minor,,
Suwannakhuha,17.562917,102.279889,Thailand,TH,Nong Bua Lamphu,minor,,
Mueang Yang,15.420603,102.892823,Thailand,TH,Nakhon Ratchasima,minor,,
Phana,15.682306,104.846028,Thailand,TH,Amnat Charoen,minor,,
Phan,19.55395,99.740455,Thailand,TH,Chiang Rai,minor,,
Samrong Thap,15.022584,103.936306,Thailand,TH,Surin,minor,,
Kapong,8.696972,98.409139,Thailand,TH,Phangnga,minor,,
Kapoe,9.585222,98.596111,Thailand,TH,Ranong,minor,,
Pua,19.175028,100.916222,Thailand,TH,Nan,minor,,
Pueai Noi,15.869778,102.907667,Thailand,TH,Khon Kaen,minor,,
Li,17.802695,98.950972,Thailand,TH,Lamphun,minor,,
Wang Nam Yen,13.503252,102.181151,Thailand,TH,Sa Kaeo,minor,,
Wang Noi,14.226889,100.7155,Thailand,TH,Phra Nakhon Si Ayutthaya,minor,,
Wang Nuea,19.146778,99.619334,Thailand,TH,Lampang,minor,,
Tan Sum,15.315695,105.154639,Thailand,TH,Ubon Ratchathani,minor,,
Sam Ngam,16.506528,100.204972,Thailand,TH,Phichit,minor,,
Kho Wang,15.369983,104.352314,Thailand,TH,Yasothon,minor,,
Thung Hua Chang,18.003009,99.027802,Thailand,TH,Lamphun,minor,,
Bo Kluea,19.150289,101.155598,Thailand,TH,Nan,minor,,
Nong Prue,14.60784,99.457833,Thailand,TH,Kanchanaburi,minor,,
Tha Muang,13.961179,99.641223,Thailand,TH,Kanchanaburi,minor,,
Ratchasan,13.782111,101.281334,Thailand,TH,Chachoengsao,minor,,
Bang Bon,13.661851,100.395667,Thailand,TH,Krung Thep Maha Nakhon,minor,,
Taphan Hin,16.220945,100.419778,Thailand,TH,Phichit,minor,,
Bangkok Noi,13.762661,100.47798,Thailand,TH,Krung Thep Maha Nakhon,minor,,
Bangkok Yai,13.72319,100.476,Thailand,TH,Krung Thep Maha Nakhon,minor,,
Fao Rai,18.017915,103.303876,Thailand,TH,Nong Khai,minor,,
Don Tan,16.316972,104.92,Thailand,TH,Mukdahan,minor,,
Ka Bang,6.415361,101.054556,Thailand,TH,Yala,minor,,
Lam Luk Ka,13.932261,100.74937,Thailand,TH,Pathum Thani,minor,,
Prachantakham,14.064417,101.515028,Thailand,TH,Prachin Buri,minor,,
Lamae,9.767889,99.092556,Thailand,TH,Chumphon,minor,,
Hat Samran,7.240336,99.576209,Thailand,TH,Trang,minor,,
Pran Buri,12.384868,99.901575,Thailand,TH,Prachuap Khiri Khan,minor,,
Nong Mamong,15.276128,99.866398,Thailand,TH,Chai Nat,minor,,
Pak Kret,13.913014,100.498828,Thailand,TH,Nonthaburi,minor,,
Khlong Khlung,16.216334,99.719056,Thailand,TH,Kamphaeng Phet,minor,,
Khlong Lan,16.203306,99.319972,Thailand,TH,Kamphaeng Phet,minor,,
Pak Chom,18.020606,101.898279,Thailand,TH,Loei,minor,,
Kra Buri,10.404288,98.772662,Thailand,TH,Ranong,minor,,
Chang Klang,8.37094,99.562491,Thailand,TH,Nakhon Si Thammarat,minor,,
Chulabhorn,8.075972,99.869472,Thailand,TH,Nakhon Si Thammarat,minor,,
Phra Phrom,8.339111,99.900916,Thailand,TH,Nakhon Si Thammarat,minor,,
Na Yong,7.561667,99.694834,Thailand,TH,Trang,minor,,
Ratsada,7.974667,99.633528,Thailand,TH,Trang,minor,,
Ban Fang,16.453306,102.638917,Thailand,TH,Khon Kaen,minor,,
Na Muen,18.18931,100.660468,Thailand,TH,Nan,minor,,
Nam Khun,14.583861,104.924806,Thailand,TH,Ubon Ratchathani,minor,,
Phon Na Kaeo,17.221222,104.289945,Thailand,TH,Sakon Nakhon,minor,,
Wang Yang,17.057515,104.453325,Thailand,TH,Nakhon Phanom,minor,,
Bang Kaeo,7.429472,100.178028,Thailand,TH,Phatthalung,minor,,
La-ngu,6.884917,99.788361,Thailand,TH,Satun,minor,,
Kaeng Hang Maeo,13.00825,101.906084,Thailand,TH,Chanthaburi,minor,,
Phanom Dong Rak,14.44575,103.305084,Thailand,TH,Surin,minor,,
Fang,19.916889,99.2145,Thailand,TH,Chiang Mai,minor,,
Ra-ngae,6.296778,101.728445,Thailand,TH,Narathiwat,minor,,
Noen Kham,14.950101,99.938988,Thailand,TH,Chai Nat,minor,,
Lan Saka,8.370972,99.805639,Thailand,TH,Nakhon Si Thammarat,minor,,
Si Maha Phot,13.965972,101.513028,Thailand,TH,Prachin Buri,minor,,
Doi Lo,18.460983,98.77767,Thailand,TH,Chiang Mai,minor,,
Akat Amnuai,17.596387,103.9816,Thailand,TH,Sakon Nakhon,minor,,
Na Haeo,17.485361,101.068084,Thailand,TH,Loei,minor,,
Suk Samran,9.344584,98.429028,Thailand,TH,Ranong,minor,,
Bang Pakong,13.542972,100.993333,Thailand,TH,Chachoengsao,minor,,
Bang Pa-in,14.227828,100.575894,Thailand,TH,Phra Nakhon Si Ayutthaya,minor,,
Bang Pahan,14.462167,100.544778,Thailand,TH,Phra Nakhon Si Ayutthaya,minor,,
Ngao,18.756778,99.978139,Thailand,TH,Lampang,minor,,
Prakhon Chai,14.610734,103.079234,Thailand,TH,Buriram,minor,,
Krathum Baen,13.653298,100.259717,Thailand,TH,Samut Sakhon,minor,,
Sapphaya,15.146157,100.242146,Thailand,TH,Chai Nat,minor,,
San Sai,18.847917,99.045084,Thailand,TH,Chiang Mai,minor,,
Santi Suk,18.913695,100.941695,Thailand,TH,Nan,minor,,
Rat Burana,13.682193,100.506032,Thailand,TH,Krung Thep Maha Nakhon,minor,,
Phakdi Chumphon,15.905167,101.422278,Thailand,TH,Chaiyaphum,minor,,
Chum Phuang,15.348611,102.741611,Thailand,TH,Nakhon Ratchasima,minor,,
Tak Fa,15.349167,100.495222,Thailand,TH,Nakhon Sawan,minor,,
Wang Sai Phun,16.3885,100.538006,Thailand,TH,Phichit,minor,,
Ko Samui,9.535671,99.935669,Thailand,TH,Surat Thani,minor,,
Ban Muang,17.850796,103.569389,Thailand,TH,Sakon Nakhon,minor,,
Maha Chana Chai,15.529352,104.238473,Thailand,TH,Yasothon,minor,,
Rong Kwang,18.339028,100.317361,Thailand,TH,Phrae,minor,,
Rong Kham,16.269428,103.746889,Thailand,TH,Kalasin,minor,,
Sida,15.549941,102.566746,Thailand,TH,Nakhon Ratchasima,minor,,
Sikao,7.571584,99.344945,Thailand,TH,Trang,minor,,
Nong Yai,13.155147,101.372257,Thailand,TH,Chon Buri,minor,,
Nakhon Luang,14.462807,100.608315,Thailand,TH,Phra Nakhon Si Ayutthaya,minor,,
Cha-uat,7.967729,99.999849,Thailand,TH,Nakhon Si Thammarat,minor,,
Chawang,8.426139,99.504722,Thailand,TH,Nakhon Si Thammarat,minor,,
Ko Yao,8.110135,98.592314,Thailand,TH,Phangnga,minor,,
Kaset Wisai,15.655575,103.583611,Thailand,TH,Roi Et,minor,,
Kaset Sombun,16.280528,101.954222,Thailand,TH,Chaiyaphum,minor,,
La-Un,10.116464,98.75,Thailand,TH,Ranong,minor,,
Wang Wiset,7.736308,99.398702,Thailand,TH,Trang,minor,,
Khong,15.443925,102.328624,Thailand,TH,Nakhon Ratchasima,minor,,
Chaloem Phra Kiat,8.176889,100.035806,Thailand,TH,Nakhon Si Thammarat,minor,,
Bang Khan,8.026889,99.473722,Thailand,TH,Nakhon Si Thammarat,minor,,
Dusit,13.777499,100.519766,Thailand,TH,Krung Thep Maha Nakhon,minor,,
Ban Sang,13.995028,101.220945,Thailand,TH,Prachin Buri,minor,,
Kham Muang,16.929022,103.635181,Thailand,TH,Kalasin,minor,,
Lue Amnat,15.694762,104.648457,Thailand,TH,Amnat Charoen,minor,,
Kumphawapi,17.108751,103.014874,Thailand,TH,Udon Thani,minor,,
Seka,17.928511,103.955192,Thailand,TH,Bueng Kan,minor,,
Na Dun,15.716684,103.227812,Thailand,TH,Maha Sarakham,minor,,
Wiang Chiang Rung,20.013278,100.056389,Thailand,TH,Chiang Rai,minor,,
Doi Luang,20.117834,100.099195,Thailand,TH,Chiang Rai,minor,,
Wiang Kaen,20.112972,100.513306,Thailand,TH,Chiang Rai,minor,,
Dan Sai,17.280111,101.146861,Thailand,TH,Loei,minor,,
Dan Khun Thot,15.208499,101.771381,Thailand,TH,Nakhon Ratchasima,minor,,
Lahan Sai,14.411417,102.859361,Thailand,TH,Buriram,minor,,
Nong Muang Khai,18.264639,100.18967,Thailand,TH,Phrae,minor,,
Lam Sonthi,15.301541,101.363654,Thailand,TH,Lop Buri,minor,,
Lam Thap,8.072278,99.29225,Thailand,TH,Krabi,minor,,
Phu Phan,16.998906,103.973466,Thailand,TH,Sakon Nakhon,minor,,
Changhan,16.138725,103.603876,Thailand,TH,Roi Et,minor,,
Ban Khwao,15.777722,101.907195,Thailand,TH,Chaiyaphum,minor,,
Ongkharak,14.121167,101.003639,Thailand,TH,Nakhon Nayok,minor,,
Suan Phueng,13.542901,99.339607,Thailand,TH,Ratchaburi,minor,,
Si Bun Rueang,16.967053,102.276074,Thailand,TH,Nong Bua Lamphu,minor,,
Chiang Muan,18.889692,100.305886,Thailand,TH,Phayao,minor,,
Ban Luang,18.849694,100.437247,Thailand,TH,Nan,minor,,
Krong Pi Nang,6.4112,101.273936,Thailand,TH,Yala,minor,,
Sam Phran,13.726983,100.215264,Thailand,TH,Nakhon Pathom,minor,,
Samphanthawong,13.731474,100.514139,Thailand,TH,Krung Thep Maha Nakhon,minor,,
Phanom,8.85475,98.812667,Thailand,TH,Surat Thani,minor,,
Wan Yai,16.722286,104.741355,Thailand,TH,Mukdahan,minor,,
Wanon Niwat,17.633909,103.752413,Thailand,TH,Sakon Nakhon,minor,,
Chaloem Phra Kiat,14.6115,100.90825,Thailand,TH,Sara Buri,minor,,
Nong Wua So,17.162611,102.572722,Thailand,TH,Udon Thani,minor,,
Na Di,14.115168,101.781892,Thailand,TH,Prachin Buri,minor,,
Khanom,9.204722,99.861139,Thailand,TH,Nakhon Si Thammarat,minor,,
Sichon,8.964084,99.896028,Thailand,TH,Nakhon Si Thammarat,minor,,
Bang Mun Nak,16.027806,100.379167,Thailand,TH,Phichit,minor,,
Bueng Sam Phan,15.78404,101.007163,Thailand,TH,Phetchabun,minor,,
Bueng Khong Long,17.961288,104.046674,Thailand,TH,Bueng Kan,minor,,
Nong Chik,6.843556,101.178028,Thailand,TH,Pattani,minor,,
Nong Chok,13.855853,100.862155,Thailand,TH,Krung Thep Maha Nakhon,minor,,
Rattaphum,7.134778,100.256472,Thailand,TH,Songkhla,minor,,
Rattanaburi,15.317878,103.848593,Thailand,TH,Surin,minor,,
Song Phi Nong,14.224084,100.020945,Thailand,TH,Suphan Buri,minor,,
Tha Pla,17.791123,100.376106,Thailand,TH,Uttaradit,minor,,
Phaya Mengrai,19.849222,100.153584,Thailand,TH,Chiang Rai,minor,,
Maha Rat,14.533667,100.526722,Thailand,TH,Phra Nakhon Si Ayutthaya,minor,,
Mae Lan,6.661139,101.239584,Thailand,TH,Pattani,minor,,
Soeng Sang,14.426417,102.460584,Thailand,TH,Nakhon Ratchasima,minor,,
Sanam Chai Khet,13.658639,101.439056,Thailand,TH,Chachoengsao,minor,,
Prang Ku,14.856722,104.039806,Thailand,TH,Sisaket,minor,,
Huai Krachao,14.3275,99.667667,Thailand,TH,Kanchanaburi,minor,,
Uthumphon Phisai,15.111611,104.140111,Thailand,TH,Sisaket,minor,,
U Thong,14.375139,99.89225,Thailand,TH,Suphan Buri,minor,,
Ban Thaen,16.405056,102.342389,Thailand,TH,Chaiyaphum,minor,,
Nopphitam,8.722064,99.748785,Thailand,TH,Nakhon Si Thammarat,minor,,
Tha Chang,14.761417,100.389889,Thailand,TH,Sing Buri,minor,,
Tha Chang,9.264179,99.192181,Thailand,TH,Surat Thani,minor,,
Tha Chana,9.572028,99.165861,Thailand,TH,Surat Thani,minor,,
Phaya Thai,13.780047,100.542746,Thailand,TH,Krung Thep Maha Nakhon,minor,,
Tha Song Yang,17.227084,98.225722,Thailand,TH,Tak,minor,,
Bang Yai,13.876389,100.403889,Thailand,TH,Nonthaburi,minor,,
Ban Phaeng,17.965067,104.215345,Thailand,TH,Nakhon Phanom,minor,,
Kamphaeng Saen,13.999664,99.989807,Thailand,TH,Nakhon Pathom,minor,,
Wichian Buri,15.657778,101.106028,Thailand,TH,Phetchabun,minor,,
Wihan Daeng,14.345861,100.989417,Thailand,TH,Sara Buri,minor,,
Chumphon Buri,15.348622,103.39217,Thailand,TH,Surin,minor,,
Bo Thong,13.27825,101.440278,Thailand,TH,Chon Buri,minor,,
Khao Phanom,8.265489,99.051242,Thailand,TH,Krabi,minor,,
Mayo,6.718639,101.409834,Thailand,TH,Pattani,minor,,
Nong Phok,16.310056,104.202472,Thailand,TH,Roi Et,minor,,
Nong Phai,15.99025,101.061834,Thailand,TH,Phetchabun,minor,,
Si Rattana,14.793278,104.469222,Thailand,TH,Sisaket,minor,,
Mancha Khiri,16.130477,102.537121,Thailand,TH,Khon Kaen,minor,,
Thoen,17.612894,99.216116,Thailand,TH,Lampang,minor,,
Thoeng,19.685084,100.194556,Thailand,TH,Chiang Rai,minor,,
Si Nakhon,17.349075,99.985629,Thailand,TH,Sukhothai,minor,,
Si Mueang Mai,15.493148,105.276239,Thailand,TH,Ubon Ratchathani,minor,,
Lan Sak,15.452889,99.576056,Thailand,TH,Uthai Thani,minor,,
Lan Krabue,16.600028,99.848889,Thailand,TH,Kamphaeng Phet,minor,,
Yang Talat,16.399815,103.367846,Thailand,TH,Kalasin,minor,,
Don Phut,14.59175,100.628278,Thailand,TH,Sara Buri,minor,,
Pak Chong,14.708023,101.416142,Thailand,TH,Nakhon Ratchasima,minor,,
Thalang,8.031695,98.334084,Thailand,TH,Phuket,minor,,
Phra Nakhon Si Ayutthaya,14.351667,100.577389,Thailand,TH,Phra Nakhon Si Ayutthaya,admin,,
Bacho,6.516778,101.651,Thailand,TH,Narathiwat,minor,,
Dong Charoen,16.02058,100.662861,Thailand,TH,Phichit,minor,,
Lat Krabang,13.723414,100.784365,Thailand,TH,Krung Thep Maha Nakhon,minor,,
Pak Khat,18.305558,103.304406,Thailand,TH,Bueng Kan,minor,,
Long,18.074219,99.830727,Thailand,TH,Phrae,minor,,
Na Kae,16.946445,104.500806,Thailand,TH,Nakhon Phanom,minor,,
Chom Bueng,13.620003,99.591688,Thailand,TH,Ratchaburi,minor,,
Khlong Luang,14.064667,100.645778,Thailand,TH,Pathum Thani,minor,,
Phon Phisai,18.021056,103.076639,Thailand,TH,Nong Khai,minor,,
Ko Si Chang,13.163885,100.805467,Thailand,TH,Chon Buri,minor,,
Bang Na,13.667444,100.642056,Thailand,TH,Krung Thep Maha Nakhon,minor,,
Ban Kruat,14.423132,103.099737,Thailand,TH,Buriram,minor,,
Lamduan,14.722046,103.669343,Thailand,TH,Surin,minor,,
Khao Yoi,13.24025,99.824278,Thailand,TH,Phetchaburi,minor,,
Khao Wong,16.700084,104.090195,Thailand,TH,Kalasin,minor,,
Phu Khiao,16.3765,102.128528,Thailand,TH,Chaiyaphum,minor,,
Sai Buri,6.701306,101.61675,Thailand,TH,Pattani,minor,,
Ban Pong,13.816292,99.877392,Thailand,TH,Ratchaburi,minor,,
Chae Hom,18.712667,99.557584,Thailand,TH,Lampang,minor,,
Nam Yuen,14.489389,105.000945,Thailand,TH,Ubon Ratchathani,minor,,
Phrasaeng,8.567806,99.247556,Thailand,TH,Surat Thani,minor,,
Sukhirin,5.938892,101.770768,Thailand,TH,Narathiwat,minor,,
Chun,19.336945,100.134778,Thailand,TH,Phayao,minor,,
Bueng Bun,15.330301,104.044853,Thailand,TH,Sisaket,minor,,
Nuea Khlong,8.071435,98.999328,Thailand,TH,Krabi,minor,,
Na Thom,17.784909,104.090822,Thailand,TH,Nakhon Phanom,minor,,
Hua Sai,8.044084,100.305861,Thailand,TH,Nakhon Si Thammarat,minor,,
Chamni,14.786291,102.822766,Thailand,TH,Buriram,minor,,
Fak Tha,17.999481,100.880137,Thailand,TH,Uttaradit,minor,,
Raman,6.478623,101.424145,Thailand,TH,Yala,minor,,
Bang Phae,13.691568,99.929816,Thailand,TH,Ratchaburi,minor,,
Thepharak,15.308676,101.550452,Thailand,TH,Nakhon Ratchasima,minor,,
Satuek,15.297028,103.291917,Thailand,TH,Buriram,minor,,
Sawaeng Ha,14.746417,100.329417,Thailand,TH,Ang Thong,minor,,
Pong Nam Ron,12.90575,102.26225,Thailand,TH,Chanthaburi,minor,,
Wiphawadi,9.238945,98.978611,Thailand,TH,Surat Thani,minor,,
Mae Hi,19.342855,98.450228,Thailand,TH,Mae Hong Son,minor,,
Si Prachan,14.619917,100.144834,Thailand,TH,Suphan Buri,minor,,
Phon Charoen,18.031434,103.709958,Thailand,TH,Bueng Kan,minor,,
Yi-ngo,6.402965,101.706255,Thailand,TH,Narathiwat,minor,,
Ban Khok,18.026139,101.067722,Thailand,TH,Uttaradit,minor,,
Thepha,6.829361,100.964306,Thailand,TH,Songkhla,minor,,
Waeng,5.927998,101.883822,Thailand,TH,Narathiwat,minor,,
Amnat Charoen,15.858511,104.628834,Thailand,TH,Amnat Charoen,admin,,
Plaeng Yao,13.584667,101.284028,Thailand,TH,Chachoengsao,minor,,
Rattanawapi,18.213647,103.179672,Thailand,TH,Nong Khai,minor,,
Phrom Khiri,8.523334,99.82275,Thailand,TH,Nakhon Si Thammarat,minor,,
Phrom Phiram,17.033518,100.201904,Thailand,TH,Phitsanulok,minor,,
Srinagarindra,7.569911,99.943528,Thailand,TH,Phatthalung,minor,,
Bua Lai,15.665479,102.498814,Thailand,TH,Nakhon Ratchasima,minor,,
Yang Si Surat,15.683611,103.103111,Thailand,TH,Maha Sarakham,minor,,
Khlong Hoi Khong,6.898649,100.38885,Thailand,TH,Songkhla,minor,,
Na Yia,15.063668,105.059939,Thailand,TH,Ubon Ratchathani,minor,,
Lat Yao,15.751,99.78925,Thailand,TH,Nakhon Sawan,minor,,
Wang Thong,16.824584,100.429361,Thailand,TH,Phitsanulok,minor,,
Khong Chiam,15.318556,105.495056,Thailand,TH,Ubon Ratchathani,minor,,
Thanyaburi,14.021139,100.734334,Thailand,TH,Pathum Thani,minor,,
Chakkarat,15.013528,102.412889,Thailand,TH,Nakhon Ratchasima,minor,,
Bang Khon Thi,13.469056,99.940213,Thailand,TH,Samut Songkhram,minor,,
Mai Kaen,6.60975,101.666861,Thailand,TH,Pattani,minor,,
Kham Sakae Saeng,15.332206,102.17278,Thailand,TH,Nakhon Ratchasima,minor,,
Kham Ta Kla,17.852309,103.756572,Thailand,TH,Sakon Nakhon,minor,,
Kham Thale So,14.960834,101.947889,Thailand,TH,Nakhon Ratchasima,minor,,
Kabin Buri,13.95114,101.717687,Thailand,TH,Prachin Buri,minor,,
Noen Maprang,16.566667,100.633333,Thailand,TH,Phitsanulok,minor,,
Sai Yok,14.118989,99.142003,Thailand,TH,Kanchanaburi,minor,,
Sawi,10.236678,99.109378,Thailand,TH,Chumphon,minor,,
Huai Khwang,13.776778,100.579,Thailand,TH,Krung Thep Maha Nakhon,minor,,
Betong,5.774337,101.072312,Thailand,TH,Yala,minor,,
Phra Pradaeng,13.658545,100.533618,Thailand,TH,Samut Prakan,minor,,
Na Thawi,6.741917,100.691389,Thailand,TH,Songkhla,minor,,
Nong Ki,14.686794,102.538002,Thailand,TH,Buriram,minor,,
Si Sakhon,6.231366,101.50048,Thailand,TH,Narathiwat,minor,,
Si Samrong,17.164,99.862222,Thailand,TH,Sukhothai,minor,,
Thung Khao Luang,15.993972,103.862639,Thailand,TH,Roi Et,minor,,
Khwao Sinarin,15.002441,103.59154,Thailand,TH,Surin,minor,,
Non Narai,15.237639,103.913334,Thailand,TH,Surin,minor,,
Mueang Suang,15.821923,103.728841,Thailand,TH,Roi Et,minor,,
Khlong Thom,7.937498,99.144567,Thailand,TH,Krabi,minor,,
Yang Chum Noi,15.264532,104.39769,Thailand,TH,Sisaket,minor,,
Kap Choeng,14.474861,103.594389,Thailand,TH,Surin,minor,,
Pak Thong Chai,14.722603,102.025121,Thailand,TH,Nakhon Ratchasima,minor,,
Pak Tho,13.372632,99.839379,Thailand,TH,Ratchaburi,minor,,
Chaloem Phra Kiat,15.005084,102.270334,Thailand,TH,Nakhon Ratchasima,minor,,
Su-ngai Padi,6.0857,101.879586,Thailand,TH,Narathiwat,minor,,
Lom Kao,16.886139,101.228945,Thailand,TH,Phetchabun,minor,,
Si Satchanalai,17.520342,99.763962,Thailand,TH,Sukhothai,minor,,
Ko Pha-Ngan,9.719448,99.99511,Thailand,TH,Surat Thani,minor,,
Sop Moei,17.962093,97.932883,Thailand,TH,Mae Hong Son,minor,,
Phanna Nikhom,17.35245,103.85032,Thailand,TH,Sakon Nakhon,minor,,
Huai Yot,7.789374,99.63469,Thailand,TH,Trang,minor,,
Bang Khen,13.873833,100.596778,Thailand,TH,Krung Thep Maha Nakhon,minor,,
Non Sila,15.974389,102.669834,Thailand,TH,Khon Kaen,minor,,
Lap Lae,17.652111,100.038917,Thailand,TH,Uttaradit,minor,,
Nang Rong,14.637704,102.791383,Thailand,TH,Buriram,minor,,
Nong Khaem,13.705275,100.349233,Thailand,TH,Krung Thep Maha Nakhon,minor,,
Bo Phloi,14.325167,99.514667,Thailand,TH,Kanchanaburi,minor,,
Kapho,6.559684,101.534264,Thailand,TH,Pattani,minor,,
Nong Don,14.684876,100.709403,Thailand,TH,Sara Buri,minor,,
Doi Tao,17.952861,98.684584,Thailand,TH,Chiang Mai,minor,,
Bueng Kan,18.363035,103.651944,Thailand,TH,Bueng Kan,admin,,
Phayuha Khiri,15.45525,100.135334,Thailand,TH,Nakhon Sawan,minor,,
Pak Phanang,8.35109,100.201952,Thailand,TH,Nakhon Si Thammarat,minor,,
Khao Khitchakut,12.804806,102.115139,Thailand,TH,Chanthaburi,minor,,
Wang Sombun,13.361756,102.191051,Thailand,TH,Sa Kaeo,minor,,
Soi Dao,13.128943,102.214018,Thailand,TH,Chanthaburi,minor,,
Khanu Woralaksaburi,16.061695,99.860584,Thailand,TH,Kamphaeng Phet,minor,,
Nakhon Chai Si,13.80126,100.184507,Thailand,TH,Nakhon Pathom,minor,,
Pa Tio,15.832808,104.386733,Thailand,TH,Yasothon,minor,,
Soem Ngam,18.065056,99.245374,Thailand,TH,Lampang,minor,,
Samrong,15.007806,104.784195,Thailand,TH,Ubon Ratchathani,minor,,
Pho Tak,17.874861,102.404056,Thailand,TH,Nong Khai,minor,,
Na Wang,17.324441,102.078295,Thailand,TH,Nong Bua Lamphu,minor,,
Khok Pho Chai,16.08375,102.399,Thailand,TH,Khon Kaen,minor,,
Noen Sa-nga,15.564278,102.001278,Thailand,TH,Chaiyaphum,minor,,
Sena,14.327,100.404334,Thailand,TH,Phra Nakhon Si Ayutthaya,minor,,
Senangkhanikhom,16.039722,104.669389,Thailand,TH,Amnat Charoen,minor,,
Selaphum,16.029923,103.938262,Thailand,TH,Roi Et,minor,,
Chum Phae,16.544296,102.099243,Thailand,TH,Khon Kaen,minor,,
Pluak Daeng,12.97122,101.214632,Thailand,TH,Rayong,minor,,
Wang Chao,16.674405,99.269032,Thailand,TH,Tak,minor,,
Wang Chin,17.893492,99.603154,Thailand,TH,Phrae,minor,,
Ban Takhun,8.903639,98.8845,Thailand,TH,Surat Thani,minor,,
Na Mon,16.576528,103.787111,Thailand,TH,Kalasin,minor,,
Nam Pat,17.728056,100.684334,Thailand,TH,Uttaradit,minor,,
Nam Nao,16.767528,101.669167,Thailand,TH,Phetchabun,minor,,
Nam Phong,16.702278,102.855695,Thailand,TH,Khon Kaen,minor,,
Sam Khok,14.0655,100.522639,Thailand,TH,Pathum Thani,minor,,
Sam Ko,14.607354,100.218604,Thailand,TH,Ang Thong,minor,,
Chumsaeng,15.891515,100.307946,Thailand,TH,Nakhon Sawan,minor,,
Wachira Barami,16.523139,100.144639,Thailand,TH,Phichit,minor,,
Nakhon Thai,17.100556,100.837389,Thailand,TH,Phitsanulok,minor,,
Sa Bot,15.210057,100.83076,Thailand,TH,Lop Buri,minor,,
Wiset Chaichan,14.5945,100.33825,Thailand,TH,Ang Thong,minor,,
Phak Hai,14.457361,100.369889,Thailand,TH,Phra Nakhon Si Ayutthaya,minor,,
Thon Buri,13.725,100.485115,Thailand,TH,Krung Thep Maha Nakhon,minor,,
Khao Saming,12.353528,102.4355,Thailand,TH,Trat,minor,,
Si Chiang Mai,17.956389,102.586667,Thailand,TH,Nong Khai,minor,,
Si Chomphu,16.798777,102.184663,Thailand,TH,Khon Kaen,minor,,
Phato,9.790889,98.776584,Thailand,TH,Chumphon,minor,,
Laem Ngop,12.171695,102.394889,Thailand,TH,Trat,minor,,
Thung Si Udom,14.733028,104.908972,Thailand,TH,Ubon Ratchathani,minor,,
Yan Nawa,13.696343,100.542117,Thailand,TH,Krung Thep Maha Nakhon,minor,,
Pai,19.358858,98.43943,Thailand,TH,Mae Hong Son,minor,,
Chiang Khong,20.261248,100.404613,Thailand,TH,Chiang Rai,minor,,
Chiang Klang,19.293778,100.861695,Thailand,TH,Nan,minor,,
Chiang Rai,19.908584,99.8325,Thailand,TH,Chiang Rai,admin,,
Salaya,13.801999,100.321108,Thailand,TH,Nakhon Pathom,minor,,
Chom Phra,15.118135,103.607426,Thailand,TH,Surin,minor,,
Don Chan,16.457111,103.695584,Thailand,TH,Kalasin,minor,,
Tha Wang Pha,19.121889,100.811056,Thailand,TH,Nan,minor,,
Thawat Buri,16.0385,103.746472,Thailand,TH,Roi Et,minor,,
Phon,15.816,102.599806,Thailand,TH,Khon Kaen,minor,,
Sawang Wirawong,15.241584,105.092195,Thailand,TH,Ubon Ratchathani,minor,,
Ko Kha,18.19225,99.394334,Thailand,TH,Lampang,minor,,
Dan Makham Tia,13.853389,99.410417,Thailand,TH,Kanchanaburi,minor,,
Ban Dan Lan Hoi,17.006834,99.574972,Thailand,TH,Sukhothai,minor,,
Phayu,14.908513,104.391005,Thailand,TH,Sisaket,minor,,
Bang Kruai,13.805,100.472833,Thailand,TH,Nonthaburi,minor,,
Bang Krathum,16.578312,100.300336,Thailand,TH,Phitsanulok,minor,,
Tron,17.481806,100.112806,Thailand,TH,Uttaradit,minor,,
Na Khu,16.763843,104.026265,Thailand,TH,Kalasin,minor,,
Bangkok,13.753979,100.501444,Thailand,TH,Krung Thep Maha Nakhon,primary,,
Phasi Charoen,13.714655,100.436907,Thailand,TH,Krung Thep Maha Nakhon,minor,,
Prasat,14.640389,103.404472,Thailand,TH,Surin,minor,,
Prathai,15.533195,102.722834,Thailand,TH,Nakhon Ratchasima,minor,,
Sop Prap,17.880528,99.337,Thailand,TH,Lampang,minor,,
So Phisai,18.0772,103.4432,Thailand,TH,Bueng Kan,minor,,
Ban Phue,17.688767,102.478783,Thailand,TH,Udon Thani,minor,,
Ban Mai Chaiyaphot,15.573611,102.833306,Thailand,TH,Buriram,minor,,
Chok Chai,14.728444,102.165239,Thailand,TH,Nakhon Ratchasima,minor,,
Pak Phayun,7.342188,100.317471,Thailand,TH,Phatthalung,minor,,
Pak Phli,14.163084,101.268861,Thailand,TH,Nakhon Nayok,minor,,
Song,18.472042,100.183465,Thailand,TH,Phrae,minor,,
Thai Mueang,8.399139,98.260611,Thailand,TH,Phangnga,minor,,
Mae Mo,18.275611,99.650445,Thailand,TH,Lampang,minor,,
Mae La Noi,18.397462,97.912715,Thailand,TH,Mae Hong Son,minor,,
Nong Hin,17.123565,101.85789,Thailand,TH,Loei,minor,,
Ban Dung,17.698999,103.259567,Thailand,TH,Udon Thani,minor,,
Thap Sakae,11.499639,99.621695,Thailand,TH,Prachuap Khiri Khan,minor,,
Thap Than,15.460632,99.891657,Thailand,TH,Uthai Thani,minor,,
Takhli,15.263361,100.343778,Thailand,TH,Nakhon Sawan,minor,,
Nong Ya Plong,13.162882,99.697232,Thailand,TH,Phetchaburi,minor,,
Ban Na Muang,17.238245,103.008922,Thailand,TH,Udon Thani,minor,,
Watthana Nakhon,13.74462,102.318631,Thailand,TH,Sa Kaeo,minor,,
Wat Sing,15.259874,100.040401,Thailand,TH,Chai Nat,minor,,
Phra Khanong,13.701852,100.601568,Thailand,TH,Krung Thep Maha Nakhon,minor,,
Phrai Bueng,14.748334,104.362611,Thailand,TH,Sisaket,minor,,
Bang Phlat,13.794248,100.504472,Thailand,TH,Krung Thep Maha Nakhon,minor,,
Bang Pla Ma,14.396036,100.158703,Thailand,TH,Suphan Buri,minor,,
Khlong Sam Wa,13.836164,100.735239,Thailand,TH,Krung Thep Maha Nakhon,minor,,
Nong Kung Si,16.655926,103.297233,Thailand,TH,Kalasin,minor,,
Thung Yang Daeng,6.618222,101.4265,Thailand,TH,Pattani,minor,,
Chiang Saen,20.275111,100.086889,Thailand,TH,Chiang Rai,minor,,
Khun Tan,19.833528,100.258584,Thailand,TH,Chiang Rai,minor,,
Phu Sang,19.599028,100.324445,Thailand,TH,Phayao,minor,,
Phu Luang,17.139195,101.663917,Thailand,TH,Loei,minor,,
Thong Pha Phum,14.743449,98.63101,Thailand,TH,Kanchanaburi,minor,,
Ranot,7.777677,100.321344,Thailand,TH,Songkhla,minor,,
Si Mahosot,13.887797,101.405007,Thailand,TH,Prachin Buri,minor,,
Chaiya,9.386245,99.198612,Thailand,TH,Surat Thani,minor,,
Chaiwan,17.294467,103.233851,Thailand,TH,Udon Thani,minor,,
Kathu,7.909028,98.333195,Thailand,TH,Phuket,minor,,
Khao Chaison,7.46125,100.133722,Thailand,TH,Phatthalung,minor,,
Tha Mai,12.621369,102.004805,Thailand,TH,Chanthaburi,minor,,
Phrom Buri,14.790861,100.45325,Thailand,TH,Sing Buri,minor,,
Kusuman,17.332592,104.331469,Thailand,TH,Sakon Nakhon,minor,,
Sirindhorn,15.200845,105.392216,Thailand,TH,Ubon Ratchathani,minor,,
Khaen Dong,15.324756,103.133428,Thailand,TH,Buriram,minor,,
Wiang Kao,16.682471,102.285114,Thailand,TH,Khon Kaen,minor,,
Tha Bo,17.850028,102.581389,Thailand,TH,Nong Khai,minor,,
Pho Chai,16.328269,103.770328,Thailand,TH,Roi Et,minor,,
Na Yai Am,12.781528,101.822561,Thailand,TH,Chanthaburi,minor,,
Kantharawichai,16.327194,103.298644,Thailand,TH,Maha Sarakham,minor,,
Wiang Nong Long,18.420432,98.749669,Thailand,TH,Lamphun,minor,,
Bueng Samakkhi,16.187278,99.97525,Thailand,TH,Kamphaeng Phet,minor,,
Mae Lao,19.790028,99.699667,Thailand,TH,Chiang Rai,minor,,
Bang Khla,13.721442,101.208136,Thailand,TH,Chachoengsao,minor,,
Ban Pho,13.598639,101.079556,Thailand,TH,Chachoengsao,minor,,
Khamcha-i,16.577639,104.419556,Thailand,TH,Mukdahan,minor,,
Sawang Daen Din,17.475306,103.457528,Thailand,TH,Sakon Nakhon,minor,,
Sawankhalok,17.315972,99.831861,Thailand,TH,Sukhothai,minor,,
Tha Maka,13.920806,99.765528,Thailand,TH,Kanchanaburi,minor,,
Det Udom,14.905978,105.078364,Thailand,TH,Ubon Ratchathani,minor,,
Den Chai,17.983722,100.052167,Thailand,TH,Phrae,minor,,
Si Sawat,14.599222,99.114056,Thailand,TH,Kanchanaburi,minor,,
Sila Lat,15.471556,104.071528,Thailand,TH,Sisaket,minor,,
Pho Si Suwan,15.229293,104.076703,Thailand,TH,Sisaket,minor,,
Nong Kha Yang,15.364,99.929389,Thailand,TH,Uthai Thani,minor,,
Wang Pong,16.341472,100.793167,Thailand,TH,Phetchabun,minor,,
Palian,7.172368,99.686239,Thailand,TH,Trang,minor,,
Huai Thalaeng,14.997007,102.647463,Thailand,TH,Nakhon Ratchasima,minor,,
Khun Yuam,18.829578,97.933468,Thailand,TH,Mae Hong Son,minor,,
Mae On,18.776806,99.248611,Thailand,TH,Chiang Mai,minor,,
Ban Thi,18.631861,99.116611,Thailand,TH,Lamphun,minor,,
Pa Phayom,7.840312,99.917733,Thailand,TH,Phatthalung,minor,,
Manang,6.999334,99.921611,Thailand,TH,Satun,minor,,
Bang Ban,14.373945,100.485278,Thailand,TH,Phra Nakhon Si Ayutthaya,minor,,
Bang Bo,13.574278,100.835333,Thailand,TH,Samut Prakan,minor,,
Phan Thong,13.46804,101.095322,Thailand,TH,Chon Buri,minor,,
Chiang Khwan,16.163277,103.753592,Thailand,TH,Roi Et,minor,,
Ban Tak,17.04325,99.081278,Thailand,TH,Tak,minor,,
Taling Chan,13.776977,100.456697,Thailand,TH,Krung Thep Maha Nakhon,minor,,
Lang Suan,9.945611,99.078472,Thailand,TH,Chumphon,minor,,
Ban Laem,13.204683,99.979585,Thailand,TH,Phetchaburi,minor,,
Bang Nam Priao,13.847389,101.053056,Thailand,TH,Chachoengsao,minor,,
Than To,6.167389,101.180083,Thailand,TH,Yala,minor,,
Tha Yang,12.972263,99.88266,Thailand,TH,Phetchaburi,minor,,
Tha Wung,14.810999,100.503334,Thailand,TH,Lop Buri,minor,,
Phen,17.696139,102.906889,Thailand,TH,Udon Thani,minor,,
Lao Suea Kok,15.418302,104.923632,Thailand,TH,Ubon Ratchathani,minor,,
Nong Han,17.360834,103.105334,Thailand,TH,Udon Thani,minor,,
Erawan,17.301809,101.953819,Thailand,TH,Loei,minor,,
Ko Chang,12.104445,102.352389,Thailand,TH,Trat,minor,,
Pathum Rat,15.6345,103.34325,Thailand,TH,Roi Et,minor,,
Pathio,10.709084,99.318195,Thailand,TH,Chumphon,minor,,
Non Din Daeng,14.313529,102.748145,Thailand,TH,Buriram,minor,,
Ko Kut,11.658556,102.541972,Thailand,TH,Trat,minor,,
Non Sang,16.868696,102.566422,Thailand,TH,Nong Bua Lamphu,minor,,
Non Sa-at,16.979139,102.893695,Thailand,TH,Udon Thani,minor,,
Non Kho,14.916662,104.725225,Thailand,TH,Sisaket,minor,,
Non Sung,15.180139,102.256945,Thailand,TH,Nakhon Ratchasima,minor,,
Mae Phrik,17.44688,99.114205,Thailand,TH,Lampang,minor,,
Hot,18.193167,98.610389,Thailand,TH,Chiang Mai,minor,,
Nam Som,17.770361,102.189472,Thailand,TH,Udon Thani,minor,,
Sam Chuk,14.757626,100.089925,Thailand,TH,Suphan Buri,minor,,
Thong Saen Khan,17.47065,100.331463,Thailand,TH,Uttaradit,minor,,
Bang Khae,13.691963,100.406911,Thailand,TH,Krung Thep Maha Nakhon,minor,,
Ban Phai,16.059972,102.730972,Thailand,TH,Khon Kaen,minor,,
Wiang Chai,19.883611,99.933139,Thailand,TH,Chiang Rai,minor,,
Pho Thale,16.092695,100.260889,Thailand,TH,Phichit,minor,,
Photharam,13.692336,99.849692,Thailand,TH,Ratchaburi,minor,,
Bang Racham,14.892,100.317278,Thailand,TH,Sing Buri,minor,,
Bang Rakam,16.758472,100.117417,Thailand,TH,Phitsanulok,minor,,
Si Banphot,7.72136,99.884299,Thailand,TH,Phatthalung,minor,,
Manorom,15.309972,100.082834,Thailand,TH,Chai Nat,minor,,
Ao Luek,8.378028,98.721167,Thailand,TH,Krabi,minor,,
Damnoen Saduak,13.518245,99.954687,Thailand,TH,Ratchaburi,minor,,
Samran,16.863216,103.541059,Thailand,TH,Kalasin,minor,,
Na Mom,6.958556,100.556834,Thailand,TH,Songkhla,minor,,
Chiang Khan,17.893822,101.659974,Thailand,TH,Loei,minor,,
Chiang Kham,19.523306,100.3,Thailand,TH,Phayao,minor,,
Chiang Dao,19.365417,98.964528,Thailand,TH,Chiang Mai,minor,,
Lat Phrao,13.803488,100.607494,Thailand,TH,Krung Thep Maha Nakhon,minor,,
Sam Ngao,17.243306,99.022556,Thailand,TH,Tak,minor,,
Khu Mueang,15.271603,103.001667,Thailand,TH,Buriram,minor,,
Chom Thong,18.417417,98.674278,Thailand,TH,Chiang Mai,minor,,
Phanat Nikhom,13.445813,101.184447,Thailand,TH,Chon Buri,minor,,
Tha Tum,15.3195,103.675417,Thailand,TH,Surin,minor,,
That Phanom,16.936361,104.710389,Thailand,TH,Nakhon Phanom,minor,,
Tha Uthen,17.576046,104.599061,Thailand,TH,Nakhon Phanom,minor,,
Pho Sai,15.825861,105.260639,Thailand,TH,Ubon Ratchathani,minor,,
Pho Prathap Chang,16.312176,100.27346,Thailand,TH,Phichit,minor,,
Phop Phra,16.384611,98.690278,Thailand,TH,Tak,minor,,
Si Khoraphum,14.944178,103.797036,Thailand,TH,Surin,minor,,
Sikhio,14.89225,101.723139,Thailand,TH,Nakhon Ratchasima,minor,,
Ko Lanta,7.6573,99.044143,Thailand,TH,Krabi,minor,,
Suan Luang,13.730282,100.65138,Thailand,TH,Krung Thep Maha Nakhon,minor,,
Sathon,13.708499,100.526192,Thailand,TH,Krung Thep Maha Nakhon,minor,,
Don Tum,13.960895,100.078885,Thailand,TH,Nakhon Pathom,minor,,
Ban Hong,18.330861,98.81925,Thailand,TH,Lamphun,minor,,
Na Wa,17.489695,104.100556,Thailand,TH,Nakhon Phanom,minor,,
Ban Na,14.262376,101.071112,Thailand,TH,Nakhon Nayok,minor,,
Doembang Nangbuat,14.833333,100.1,Thailand,TH,Suphan Buri,minor,,
Doi Saket,18.870472,99.136722,Thailand,TH,Chiang Mai,minor,,
Makham,12.672917,102.19575,Thailand,TH,Chanthaburi,minor,,
Watthana,13.729776,100.585357,Thailand,TH,Krung Thep Maha Nakhon,minor,,
Bang Lamung,12.976278,100.914056,Thailand,TH,Chon Buri,minor,,
Kuchinarai,16.541001,104.050041,Thailand,TH,Kalasin,minor,,
Nong Bua,15.864584,100.585806,Thailand,TH,Nakhon Sawan,minor,,
Cha-am,12.8,99.966667,Thailand,TH,Phetchaburi,minor,,
Nam Kliang,14.927306,104.513028,Thailand,TH,Sisaket,minor,,
Phra Phutthabat,14.725264,100.79536,Thailand,TH,Sara Buri,minor,,
Tha Sae,10.664611,99.172806,Thailand,TH,Chumphon,minor,,
Sangkha,14.636195,103.852778,Thailand,TH,Surin,minor,,
Sangkhla Buri,15.155528,98.453611,Thailand,TH,Kanchanaburi,minor,,
Sangkhom,18.063889,102.273639,Thailand,TH,Nong Khai,minor,,
Sang Khom,17.826491,103.092616,Thailand,TH,Udon Thani,minor,,
Khlong Hat,13.45177,102.298233,Thailand,TH,Sa Kaeo,minor,,
Din Daeng,13.769943,100.552989,Thailand,TH,Krung Thep Maha Nakhon,minor,,
Umphang,16.016222,98.862695,Thailand,TH,Tak,minor,,
Huai Mek,16.58975,103.235472,Thailand,TH,Kalasin,minor,,
Tamot,7.339222,100.111667,Thailand,TH,Phatthalung,minor,,
Khlong Khuean,13.791306,101.163528,Thailand,TH,Chachoengsao,minor,,
Tha Sala,8.667334,99.930778,Thailand,TH,Nakhon Si Thammarat,minor,,
Tak Bai,6.259472,102.054611,Thailand,TH,Narathiwat,minor,,
Nikhom Phattana,12.827355,101.20273,Thailand,TH,Rayong,minor,,
Khan Na Yao,13.826092,100.679326,Thailand,TH,Krung Thep Maha Nakhon,minor,,
Nong Ruea,16.493334,102.433389,Thailand,TH,Khon Kaen,minor,,
Nong Saeng,17.167389,102.780806,Thailand,TH,Udon Thani,minor,,
Nong Saeng,14.492084,100.784306,Thailand,TH,Sara Buri,minor,,
Chaiyo,14.648778,100.478778,Thailand,TH,Ang Thong,minor,,
Chaloem Phra Kiat,19.578806,101.080111,Thailand,TH,Nan,minor,,
Pa Bon,7.269417,100.170361,Thailand,TH,Phatthalung,minor,,
Khok Samrong,15.066495,100.722326,Thailand,TH,Lop Buri,minor,,
Khok Si Suphan,17.045069,104.275601,Thailand,TH,Sakon Nakhon,minor,,
Krok Phra,15.555889,100.071528,Thailand,TH,Nakhon Sawan,minor,,
Yaring,6.866167,101.368945,Thailand,TH,Pattani,minor,,
Ban Dan,15.108387,103.17551,Thailand,TH,Buriram,minor,,
Ko Chan,13.416584,101.334584,Thailand,TH,Chon Buri,minor,,
Muak Lek,14.652871,101.200222,Thailand,TH,Sara Buri,minor,,
Phu Ruea,17.453799,101.36231,Thailand,TH,Loei,minor,,
Tha Luang,15.07124,101.098014,Thailand,TH,Lop Buri,minor,,
