city,lat,lng,country,iso2,admin,capital,population,population_proper
Istanbul,41.011046,28.957798,Turkey,TR,İstanbul,admin,10061000,9945610
Ankara,39.911652,32.840305,Turkey,TR,Ankara,primary,3716000,3307379
İzmir,38.412726,27.138376,Turkey,TR,İzmir,admin,2587000,2322818
Bursa,40.195593,29.06013,Turkey,TR,Bursa,admin,1492000,1359089
Adana,37.001667,35.328889,Turkey,TR,Adana,admin,1293000,1197890
Gaziantep,37.059444,37.3825,Turkey,TR,Gaziantep,admin,1044000,842524
Konya,37.871354,32.484636,Turkey,TR,Konya,admin,919000,518360
Tarsus,36.91766,34.892773,Turkey,TR,Mersin,minor,894318,238276
Antalya,36.908118,30.695565,Turkey,TR,Antalya,admin,783000,623937
Trabzon,41.005,39.726944,Turkey,TR,Trabzon,admin,764714,230399
Diyarbakır,37.913629,40.217213,Turkey,TR,Diyarbakır,admin,644763,636410
Samsun,41.286667,36.33,Turkey,TR,Samsun,admin,609339,538106
Kayseri,38.732222,35.485278,Turkey,TR,Kayseri,admin,592840,531591
Eskişehir,39.776667,30.520556,Turkey,TR,Eskişehir,admin,514869,466420
Kocaeli,40.766944,29.916944,Turkey,TR,Kocaeli,admin,466504,300611
Malatya,38.350183,38.316669,Turkey,TR,Malatya,admin,461574,441805
Şanlıurfa,37.16708,38.793919,Turkey,TR,Şanlıurfa,admin,449549,413266
Erzurum,39.908611,41.276944,Turkey,TR,Erzurum,admin,420691,362917
Kahramanmaraş,37.584705,36.926405,Turkey,TR,Kahramanmaraş,admin,376045,373446
Denizli,37.774167,29.0875,Turkey,TR,Denizli,admin,372344,313238
Van,38.494565,43.383231,Turkey,TR,Van,admin,371713,280811
Hatay,36.206551,36.157225,Turkey,TR,Hatay,admin,305564,305564
Batman,37.887378,41.132208,Turkey,TR,Batman,admin,302074,250601
İskenderun,36.587185,36.173468,Turkey,TR,Hatay,minor,297943,159965
Sakarya,40.780556,30.403333,Turkey,TR,Sakarya,admin,286787,286787
Rize,41.020833,40.521944,Turkey,TR,Rize,admin,279450,96503
Elazığ,38.674314,39.223206,Turkey,TR,Elazığ,admin,271492,271492
Sivas,39.748333,37.016111,Turkey,TR,Sivas,admin,264022,227581
Balıkesir,39.649167,27.886111,Turkey,TR,Balıkesir,admin,261516,238151
Manisa,38.612018,27.426465,Turkey,TR,Manisa,admin,243971,231429
Adıyaman,37.76441,38.276287,Turkey,TR,Adıyaman,admin,223744,167250
Kırıkkale,39.845278,33.506389,Turkey,TR,Kırıkkale,admin,211138,205971
Aydın,37.845008,27.839626,Turkey,TR,Aydın,admin,198857,163022
Kütahya,39.424167,29.983333,Turkey,TR,Kütahya,admin,185008,151911
Çorum,40.548889,34.953333,Turkey,TR,Çorum,admin,183418,153670
Isparta,37.764444,30.552222,Turkey,TR,Isparta,admin,172334,149844
Zonguldak,41.451392,31.793053,Turkey,TR,Zonguldak,admin,156918,100229
Ordu,40.97793,37.870851,Turkey,TR,Ordu,admin,155117,116788
Uşak,38.673511,29.405799,Turkey,TR,Uşak,admin,152862,141519
Nusaybin,37.061187,41.204359,Turkey,TR,Mardin,minor,152668,88977
Tokat,40.313889,36.554444,Turkey,TR,Tokat,admin,129702,129702
Erzincan,39.739186,39.490152,Turkey,TR,Erzincan,admin,129407,114027
Karabük,41.204884,32.62768,Turkey,TR,Karabük,admin,128564,97481
Edirne,41.675745,26.558665,Turkey,TR,Edirne,admin,126470,102378
Tekirdağ,40.978012,27.508524,Turkey,TR,Tekirdağ,admin,122287,94245
Karaman,37.181111,33.215,Turkey,TR,Karaman,admin,120399,86840
Giresun,40.91698,38.387406,Turkey,TR,Giresun,admin,98864,98864
Bafra,41.567778,35.906944,Turkey,TR,Samsun,minor,97452,92944
Bolu,40.735833,31.606111,Turkey,TR,Bolu,admin,96629,96349
Kırşehir,39.145833,34.163889,Turkey,TR,Kırşehir,admin,94336,94336
Samandağ,36.080118,35.97603,Turkey,TR,Hatay,minor,93638,93638
Polatlı,39.577155,32.141317,Turkey,TR,Ankara,minor,93262,52001
Ereğli,37.512691,34.048189,Turkey,TR,Konya,minor,92117,81009
Niğde,37.965834,34.679352,Turkey,TR,Niğde,admin,91039,91039
Lüleburgaz,41.403848,27.359181,Turkey,TR,Kırklareli,minor,90899,45080
Yozgat,39.82,34.804444,Turkey,TR,Yozgat,admin,87881,87881
Ağrı,39.714666,43.040151,Turkey,TR,Ağrı,admin,87854,87854
Çanakkale,40.155523,26.412707,Turkey,TR,Çanakkale,admin,87791,61543
Amasya,40.653333,35.833056,Turkey,TR,Amasya,admin,82896,72505
Muş,38.731635,41.484821,Turkey,TR,Muş,admin,82536,78546
Kilis,36.716111,37.115,Turkey,TR,Kilis,admin,82301,64339
Bingöl,38.884722,40.493889,Turkey,TR,Bingöl,admin,80568,80568
Hakkari,37.574444,43.740833,Turkey,TR,Hakkâri,admin,77699,7071
Kars,40.59825,43.085477,Turkey,TR,Kars,admin,77486,48100
Söke,37.7482,27.40614,Turkey,TR,Aydın,minor,77341,68230
Nevşehir,38.625,34.712222,Turkey,TR,Nevşehir,admin,75527,75527
Eskitatvan,38.516667,42.3,Turkey,TR,Bitlis,,73222,63651
Çankırı,40.599951,33.615301,Turkey,TR,Çankırı,admin,71379,71379
Mardin,37.313092,40.743569,Turkey,TR,Mardin,admin,71373,57586
Kastamonu,41.378052,33.775275,Turkey,TR,Kastamonu,admin,70402,70402
Burdur,37.720278,30.290833,Turkey,TR,Burdur,admin,66158,66158
Bitlis,38.401146,42.107845,Turkey,TR,Bitlis,admin,62811,43109
Kırklareli,41.735082,27.22521,Turkey,TR,Kırklareli,admin,58223,58223
Muğla,37.218066,28.366497,Turkey,TR,Muğla,admin,48183,40794
Bilecik,40.141924,29.979319,Turkey,TR,Bilecik,admin,40285,40285
Sinop,42.026829,35.162525,Turkey,TR,Sinop,admin,34834,34834
Gümüşhane,40.460009,39.471764,Turkey,TR,Gümüşhane,admin,32250,32250
Tunceli,39.099212,39.543511,Turkey,TR,Tunceli,admin,29062,29062
Silopi,37.243788,42.463445,Turkey,TR,Şırnak,minor,,
Silvan,38.137082,41.008173,Turkey,TR,Diyarbakır,minor,,
Sille,37.927312,32.419947,Turkey,TR,Konya,minor,,
Yeşilce,40.535774,37.795659,Turkey,TR,Ordu,minor,,
Çubuk,40.238611,33.032223,Turkey,TR,Ankara,minor,,
Çakırhüyük,37.560746,37.855832,Turkey,TR,Adıyaman,minor,,
Bozyazı,36.104894,32.972321,Turkey,TR,Mersin,minor,,
Derebucak,37.391789,31.509176,Turkey,TR,Konya,minor,,
Zile,40.303056,35.886389,Turkey,TR,Tokat,minor,,
Küçükkuyu,39.548889,26.605278,Turkey,TR,Çanakkale,minor,,
Korgun,40.734795,33.518437,Turkey,TR,Çankırı,minor,,
Korgan,40.824722,37.346667,Turkey,TR,Ordu,minor,,
Gökçeli,40.583333,36.733333,Turkey,TR,Tokat,minor,,
Görükle,40.231141,28.840173,Turkey,TR,Bursa,minor,,
Enez,40.724722,26.0825,Turkey,TR,Edirne,minor,,
Gümüşakar,39.793819,38.672973,Turkey,TR,Erzincan,minor,,
Gümüşçay,40.282277,27.282054,Turkey,TR,Çanakkale,minor,,
Yalakdere,40.606358,29.562248,Turkey,TR,Kocaeli,minor,,
Yalangöz,36.576804,36.507664,Turkey,TR,Hatay,minor,,
Aktepe,36.701605,36.485352,Turkey,TR,Hatay,minor,,
Kandıra,41.070003,30.152624,Turkey,TR,Kocaeli,minor,,
Kangal,39.233544,37.39111,Turkey,TR,Sivas,minor,,
Yeşilyurt,40.006396,36.220694,Turkey,TR,Tokat,minor,,
Araban,37.426671,37.688996,Turkey,TR,Gaziantep,minor,,
Araç,41.242222,33.327667,Turkey,TR,Kastamonu,minor,,
Arhavi,41.351207,41.304561,Turkey,TR,Artvin,minor,,
Argıthanı,38.292589,31.714523,Turkey,TR,Konya,minor,,
Arguvan,38.773753,38.263278,Turkey,TR,Malatya,minor,,
Çolaklı,38.333513,38.519464,Turkey,TR,Malatya,minor,,
Çaldıran,39.143165,43.91068,Turkey,TR,Van,minor,,
Bala,39.554222,33.123443,Turkey,TR,Ankara,minor,,
Yeşilyurt,37.193245,28.275373,Turkey,TR,Muğla,minor,,
Yeşilyazı,39.33473,39.08122,Turkey,TR,Tunceli,minor,,
Yeşilyurt,38.296021,38.245264,Turkey,TR,Malatya,minor,,
Yeşilyurt,38.339722,28.664444,Turkey,TR,Manisa,minor,,
Milas,37.316389,27.783889,Turkey,TR,Muğla,minor,,
Sarıkamış,40.32769,42.58705,Turkey,TR,Kars,minor,,
Sarıkavak,36.581274,33.642993,Turkey,TR,Mersin,minor,,
Sarıgöl,38.239526,28.696632,Turkey,TR,Manisa,minor,,
Seydim,40.543018,34.73812,Turkey,TR,Çorum,minor,,
Eskipazar,40.942979,32.530911,Turkey,TR,Karabük,minor,,
Gülnar,36.341483,33.399207,Turkey,TR,Mersin,minor,,
Midyat,37.419078,41.339094,Turkey,TR,Mardin,minor,,
Süleymanlı,37.872644,36.817144,Turkey,TR,Kahramanmaraş,minor,,
Kilimli,41.491111,31.838611,Turkey,TR,Zonguldak,minor,,
Güneysınır,37.269441,32.728979,Turkey,TR,Konya,minor,,
Sarayköy,37.924483,28.925159,Turkey,TR,Denizli,minor,,
Saraykent,39.693611,35.511111,Turkey,TR,Yozgat,minor,,
Saraydüzü,41.328652,34.846857,Turkey,TR,Sinop,minor,,
Demirci,37.41269,39.768383,Turkey,TR,Şanlıurfa,minor,,
Doğanyol,38.307456,39.034312,Turkey,TR,Malatya,minor,,
Doğantepe,40.597778,35.604167,Turkey,TR,Amasya,minor,,
Damal,41.341449,42.836802,Turkey,TR,Ardahan,minor,,
Ortakent,40.393674,38.010275,Turkey,TR,Sivas,minor,,
Ortaköy,40.273518,35.251748,Turkey,TR,Çorum,minor,,
Kazanlı,36.815649,34.757614,Turkey,TR,Mersin,minor,,
Mezitli,36.745407,34.522556,Turkey,TR,Mersin,minor,,
Karahallı,38.320833,29.530278,Turkey,TR,Uşak,minor,,
Reşadiye,38.488789,42.535009,Turkey,TR,Bitlis,minor,,
Pursaklar,40.032031,32.895278,Turkey,TR,Ankara,minor,,
Beykoz,41.143889,29.090556,Turkey,TR,İstanbul,minor,,
Peçenek,40.418573,32.308329,Turkey,TR,Ankara,minor,,
Taşkent,36.924305,32.491312,Turkey,TR,Konya,minor,,
Kemah,39.596057,39.023293,Turkey,TR,Erzincan,minor,,
Yayla,38.630924,40.527928,Turkey,TR,Bingöl,minor,,
Akpınar,37.573889,38.220767,Turkey,TR,Adıyaman,minor,,
Amasra,41.746333,32.386334,Turkey,TR,Bartın,minor,,
Şavşat,41.240268,42.361093,Turkey,TR,Artvin,minor,,
Bayramiç,39.808615,26.609827,Turkey,TR,Çanakkale,minor,,
Eleşkirt,39.798025,42.675745,Turkey,TR,Ağrı,minor,,
Şamlı,39.811836,27.845589,Turkey,TR,Balıkesir,minor,,
Gölcük,37.481348,39.047362,Turkey,TR,Şanlıurfa,minor,,
Ferizli,40.940824,30.48583,Turkey,TR,Sakarya,minor,,
Ilıca,39.875833,27.776389,Turkey,TR,Balıkesir,minor,,
Ilıca,39.946528,41.095197,Turkey,TR,Erzurum,minor,,
Ömerköy,39.830633,28.066822,Turkey,TR,Balıkesir,minor,,
Ermenek,36.640427,32.89179,Turkey,TR,Karaman,minor,,
İhsangazi,41.204319,33.554549,Turkey,TR,Kastamonu,minor,,
Çumra,37.573197,32.774461,Turkey,TR,Konya,minor,,
Düzköy,40.874615,39.415358,Turkey,TR,Trabzon,minor,,
Hasköy,38.682308,41.678513,Turkey,TR,Muş,minor,,
Hasköy,40.991058,42.883961,Turkey,TR,Ardahan,minor,,
Kâhta,37.785525,38.623697,Turkey,TR,Adıyaman,minor,,
Konuralp,40.905376,31.145684,Turkey,TR,Düzce,minor,,
Karaoğlanlı,38.529167,27.566667,Turkey,TR,Manisa,minor,,
Kurtalan,37.925331,41.684926,Turkey,TR,Siirt,minor,,
Bahçesaray,38.124601,42.798253,Turkey,TR,Van,minor,,
Ezinepazarı,40.569722,36.139167,Turkey,TR,Amasya,minor,,
Aydıncık,36.143883,33.314857,Turkey,TR,Mersin,minor,,
Gedikbaşı,39.489388,38.247432,Turkey,TR,Sivas,minor,,
Şekerli,37.570499,39.387201,Turkey,TR,Şanlıurfa,minor,,
Çan,39.14833,40.203483,Turkey,TR,Elazığ,minor,,
Çan,40.033282,27.052357,Turkey,TR,Çanakkale,minor,,
Çarşıbaşı,41.082778,39.382778,Turkey,TR,Trabzon,minor,,
Çarşamba,41.198889,36.721944,Turkey,TR,Samsun,minor,,
Yenişehir,40.264444,29.653056,Turkey,TR,Bursa,minor,,
Yenicekale,37.598743,36.632639,Turkey,TR,Kahramanmaraş,minor,,
Sarıyer,41.166667,29.05,Turkey,TR,İstanbul,minor,,
Bulanık,39.086563,42.271576,Turkey,TR,Muş,minor,,
Kirazlı,40.041764,26.700897,Turkey,TR,Çanakkale,minor,,
Teke,41.060501,29.653814,Turkey,TR,İstanbul,minor,,
Güneşli,38.902529,35.627432,Turkey,TR,Kayseri,minor,,
Karaova,37.106988,27.665784,Turkey,TR,Muğla,minor,,
Kumru,40.874444,37.263889,Turkey,TR,Ordu,minor,,
Arıt,41.687056,32.623964,Turkey,TR,Bartın,minor,,
Göktepe,36.626874,32.6228,Turkey,TR,Karaman,minor,,
Göktepe,37.419077,28.558939,Turkey,TR,Muğla,minor,,
Gökdere,38.742797,40.208151,Turkey,TR,Elazığ,minor,,
Erdek,40.399599,27.793475,Turkey,TR,Balıkesir,minor,,
Aydıncık,40.127268,35.287652,Turkey,TR,Yozgat,minor,,
Kaynaşlı,40.769167,31.32211,Turkey,TR,Düzce,minor,,
Kaypak,37.114866,36.465109,Turkey,TR,Osmaniye,minor,,
Bağlar,37.913746,40.205839,Turkey,TR,Diyarbakır,minor,,
Yayladere,39.221755,40.065731,Turkey,TR,Bingöl,minor,,
Gölcük,38.231186,34.776713,Turkey,TR,Niğde,minor,,
Yeşilhisar,38.349722,35.086667,Turkey,TR,Kayseri,minor,,
Taşağıl,36.9224,31.236081,Turkey,TR,Antalya,minor,,
Ulukışla,37.547761,34.485284,Turkey,TR,Niğde,minor,,
Başkale,38.045262,44.017179,Turkey,TR,Van,minor,,
Akçay,36.602171,29.746263,Turkey,TR,Antalya,minor,,
Gökçesu,40.893893,31.959574,Turkey,TR,Bolu,minor,,
Akşar,38.1,42.533333,Turkey,TR,Bitlis,minor,,
Belören,37.214805,32.553631,Turkey,TR,Konya,minor,,
Esençay,40.668056,36.380278,Turkey,TR,Amasya,minor,,
Tatvan,38.492213,42.28269,Turkey,TR,Bitlis,minor,,
İskilip,40.735278,34.473889,Turkey,TR,Çorum,minor,,
Kavak,41.078333,36.0425,Turkey,TR,Samsun,minor,,
İntepe,40.013329,26.332871,Turkey,TR,Çanakkale,minor,,
Kazımpaşa,40.791598,30.294997,Turkey,TR,Sakarya,minor,,
Temelli,39.7275,32.355278,Turkey,TR,Ankara,minor,,
Alanya,36.543747,31.999817,Turkey,TR,Antalya,minor,,
Muratlı,41.474046,41.706465,Turkey,TR,Artvin,minor,,
Acıgöl,38.550278,34.509167,Turkey,TR,Nevşehir,minor,,
Umurlu,37.850026,27.962751,Turkey,TR,Aydın,minor,,
Bedirli,39.582758,36.620491,Turkey,TR,Sivas,minor,,
Bucak,37.869303,39.061988,Turkey,TR,Şanlıurfa,minor,,
Bolaman,41.034349,37.594088,Turkey,TR,Ordu,minor,,
İznik,40.428611,29.721111,Turkey,TR,Bursa,minor,,
Şemdinli,37.305144,44.5742,Turkey,TR,Hakkâri,minor,,
Akkuş,40.793056,37.016389,Turkey,TR,Ordu,minor,,
Döşemealtı,37.023333,30.602473,Turkey,TR,Antalya,minor,,
Dağbaşı,40.727629,39.91177,Turkey,TR,Trabzon,minor,,
Dağ,37.193056,30.504167,Turkey,TR,Antalya,minor,,
Kulp,38.497542,41.006678,Turkey,TR,Diyarbakır,minor,,
Gölköy,40.686893,37.615439,Turkey,TR,Ordu,minor,,
Kozak,39.251236,27.09021,Turkey,TR,İzmir,minor,,
Tosya,41.015447,34.040126,Turkey,TR,Kastamonu,minor,,
Reşadiye,40.391944,37.3375,Turkey,TR,Tokat,minor,,
Alıcık,40.802748,35.322556,Turkey,TR,Amasya,minor,,
Kışlaköy,40.323529,42.022325,Turkey,TR,Erzurum,minor,,
Karakoçan,38.951783,40.027057,Turkey,TR,Elazığ,minor,,
Ortaköy,41.251045,41.983634,Turkey,TR,Artvin,minor,,
Mahmudiye,39.497778,30.987222,Turkey,TR,Eskişehir,minor,,
Oğuzeli,36.965723,37.513386,Turkey,TR,Gaziantep,minor,,
Oğuz,39.505899,38.883688,Turkey,TR,Erzincan,minor,,
Hazro,38.24903,40.771291,Turkey,TR,Diyarbakır,minor,,
Birgi,38.250278,28.059167,Turkey,TR,İzmir,minor,,
Arsuz,36.413055,35.890329,Turkey,TR,Hatay,minor,,
Vezirköprü,41.143611,35.454722,Turkey,TR,Samsun,minor,,
Seyitgazi,39.444722,30.694722,Turkey,TR,Eskişehir,minor,,
Karacasu,37.728161,28.605688,Turkey,TR,Aydın,minor,,
Dikbıyık,41.220784,36.614997,Turkey,TR,Samsun,minor,,
Beycuma,41.328125,31.968112,Turkey,TR,Zonguldak,minor,,
Sürgü,38.005483,37.963505,Turkey,TR,Malatya,minor,,
Çamlıdere,40.489581,32.474988,Turkey,TR,Ankara,minor,,
Çamlıhemşin,41.047651,40.999957,Turkey,TR,Rize,minor,,
Ağaçören,38.874839,33.916737,Turkey,TR,Aksaray,minor,,
Kovanlık,40.754836,38.11155,Turkey,TR,Giresun,minor,,
Demirköy,41.825075,27.759689,Turkey,TR,Kırklareli,minor,,
Karkamış,36.834515,37.998296,Turkey,TR,Gaziantep,minor,,
Kestel,40.198283,29.212369,Turkey,TR,Bursa,minor,,
Gürgentepe,40.78567,37.589688,Turkey,TR,Ordu,minor,,
Ortacalar,41.278955,41.378868,Turkey,TR,Artvin,minor,,
Mengen,40.938767,32.076422,Turkey,TR,Bolu,minor,,
Akkaya,41.219131,33.484867,Turkey,TR,Kastamonu,minor,,
Aksakal,40.147252,28.106795,Turkey,TR,Balıkesir,minor,,
Çaylar,39.267311,41.283437,Turkey,TR,Muş,minor,,
Konak,38.417286,27.130151,Turkey,TR,İzmir,minor,,
Erenler,40.755043,30.393438,Turkey,TR,Sakarya,minor,,
Çavdır,37.155,29.693889,Turkey,TR,Burdur,minor,,
Altıntaş,39.059722,30.109167,Turkey,TR,Kütahya,minor,,
Kabahaydar,37.4,39.083333,Turkey,TR,Şanlıurfa,minor,,
Sülüklü,38.881111,32.3425,Turkey,TR,Konya,minor,,
Varto,39.173748,41.45402,Turkey,TR,Muş,minor,,
Muradiye,38.985683,43.753096,Turkey,TR,Van,minor,,
Muradiye,38.660252,27.338362,Turkey,TR,Manisa,minor,,
Simav,39.088204,28.977673,Turkey,TR,Kütahya,minor,,
Feke,37.814461,35.912325,Turkey,TR,Adana,minor,,
Büyükorhan,39.771021,28.886145,Turkey,TR,Bursa,minor,,
Danişment,39.869167,27.633056,Turkey,TR,Balıkesir,minor,,
Artvin,41.181611,41.821722,Turkey,TR,Artvin,admin,,
Kırobası,36.722398,33.867108,Turkey,TR,Mersin,minor,,
Hilvan,37.586865,38.955049,Turkey,TR,Şanlıurfa,minor,,
Hamur,39.605613,42.984997,Turkey,TR,Ağrı,minor,,
Honaz,37.757301,29.26996,Turkey,TR,Denizli,minor,,
Fındık,37.513172,41.964178,Turkey,TR,Şırnak,minor,,
Keçiborlu,37.942496,30.302218,Turkey,TR,Isparta,minor,,
Akçasır,38.447222,41.265127,Turkey,TR,Diyarbakır,minor,,
Mordoğan,38.51648,26.624469,Turkey,TR,İzmir,minor,,
Kayapa,39.492706,27.445468,Turkey,TR,Balıkesir,minor,,
Karasu,41.104416,30.696638,Turkey,TR,Sakarya,minor,,
Hadımköy,41.155889,28.617697,Turkey,TR,İstanbul,minor,,
Bayat,40.645833,34.261389,Turkey,TR,Çorum,minor,,
Tahtaköprü,39.95,29.65,Turkey,TR,Bursa,minor,,
Çığlı,37.322901,43.374819,Turkey,TR,Hakkâri,minor,,
Sur,37.913511,40.228586,Turkey,TR,Diyarbakır,minor,,
Gördes,38.932778,28.289423,Turkey,TR,Manisa,minor,,
İnhisar,40.049319,30.385206,Turkey,TR,Bilecik,minor,,
Tepebaşı,36.666283,32.722136,Turkey,TR,Karaman,minor,,
Kadirli,37.373889,36.096111,Turkey,TR,Osmaniye,minor,,
Bismil,37.845142,40.659305,Turkey,TR,Diyarbakır,minor,,
Burç,37.013619,37.179127,Turkey,TR,Gaziantep,minor,,
Sarıkaya,39.493611,35.376944,Turkey,TR,Yozgat,minor,,
Şerefiye,40.111948,37.756236,Turkey,TR,Sivas,minor,,
Doğanhisar,38.146297,31.676481,Turkey,TR,Konya,minor,,
Şirvan,38.06251,42.025174,Turkey,TR,Siirt,minor,,
Dağlıca,37.366581,44.085284,Turkey,TR,Hakkâri,minor,,
Gencek,37.449843,31.545884,Turkey,TR,Konya,minor,,
Davutlar,37.733919,27.292826,Turkey,TR,Aydın,minor,,
Delice,39.953711,34.025873,Turkey,TR,Kırıkkale,minor,,
Araklı,40.933682,40.045251,Turkey,TR,Trabzon,minor,,
Göynücek,40.399167,35.525,Turkey,TR,Amasya,minor,,
Çatakköprü,38.151618,41.202559,Turkey,TR,Diyarbakır,minor,,
Sağınlı,38.057308,42.583748,Turkey,TR,Bitlis,minor,,
Ahmetli,38.519602,27.938651,Turkey,TR,Manisa,minor,,
Ahmetli,38.178167,39.85627,Turkey,TR,Diyarbakır,minor,,
Karabiga,40.403611,27.303889,Turkey,TR,Çanakkale,minor,,
Beypazarı,40.1675,31.921111,Turkey,TR,Ankara,minor,,
Yağcılar,39.417122,28.381091,Turkey,TR,Balıkesir,minor,,
Kabahaydar,37.31338,39.009953,Turkey,TR,Şanlıurfa,minor,,
Yenice,39.275278,32.680278,Turkey,TR,Ankara,minor,,
Sındırgı,39.241281,28.178416,Turkey,TR,Balıkesir,minor,,
Kayadibi,39.479929,36.712452,Turkey,TR,Sivas,minor,,
Şebin Karahisar,40.288333,38.423611,Turkey,TR,Giresun,minor,,
Ağın,38.937923,38.711554,Turkey,TR,Elazığ,minor,,
Erkilet,38.820426,35.440112,Turkey,TR,Kayseri,minor,,
Dadaşköy,39.944889,41.254646,Turkey,TR,Erzurum,minor,,
Kızıltepe,37.188357,40.577232,Turkey,TR,Mardin,minor,,
Kalkım,39.811667,27.215,Turkey,TR,Çanakkale,minor,,
Gölova,40.061944,38.606667,Turkey,TR,Sivas,minor,,
Bahçecik,40.668098,29.914776,Turkey,TR,Kocaeli,minor,,
Osmaneli,40.357222,30.014167,Turkey,TR,Bilecik,minor,,
Bozova,37.3625,38.526667,Turkey,TR,Şanlıurfa,minor,,
Osmancık,40.978184,34.804697,Turkey,TR,Çorum,minor,,
Kılıç,40.633056,29.394722,Turkey,TR,Yalova,minor,,
Bozova,37.216111,30.285833,Turkey,TR,Antalya,minor,,
Taşköprü,41.509802,34.21414,Turkey,TR,Kastamonu,minor,,
Topçam,40.616584,37.770567,Turkey,TR,Ordu,minor,,
Kızılin,37.546931,38.07595,Turkey,TR,Adıyaman,minor,,
Hınıs,39.35766,41.692531,Turkey,TR,Erzurum,minor,,
Eruh,37.741827,42.174218,Turkey,TR,Siirt,minor,,
Sorgun,39.810125,35.185959,Turkey,TR,Yozgat,minor,,
Uzunkuyu,38.278585,26.543146,Turkey,TR,İzmir,minor,,
Elbaşı,38.673513,35.967535,Turkey,TR,Kayseri,minor,,
Değirmendere,38.113611,27.141389,Turkey,TR,İzmir,minor,,
Keles,39.913611,29.229444,Turkey,TR,Bursa,minor,,
Harput,38.703734,39.241502,Turkey,TR,Elazığ,minor,,
Harran,36.86,39.031389,Turkey,TR,Şanlıurfa,minor,,
Kelekçi,37.240726,29.304247,Turkey,TR,Denizli,minor,,
Alpu,39.769028,30.960598,Turkey,TR,Eskişehir,minor,,
Alpköy,39.613931,39.186388,Turkey,TR,Erzincan,minor,,
Danişment,39.171531,38.198509,Turkey,TR,Sivas,minor,,
Yiğitler,39.8675,26.611111,Turkey,TR,Çanakkale,minor,,
Ovakent,38.107222,28.021111,Turkey,TR,İzmir,minor,,
Ovacuma,41.448499,32.75361,Turkey,TR,Karabük,minor,,
Kemerhisar,37.823881,34.57145,Turkey,TR,Niğde,minor,,
Bozcaada,39.835,26.069722,Turkey,TR,Çanakkale,minor,,
Beyazköy,41.348333,27.703889,Turkey,TR,Tekirdağ,minor,,
Servi,38.570376,40.320039,Turkey,TR,Bingöl,minor,,
Çandarlı,38.935026,26.934001,Turkey,TR,İzmir,minor,,
Kemerburgaz,41.159019,28.915719,Turkey,TR,İstanbul,minor,,
Çağlarca,39.037319,39.138648,Turkey,TR,Tunceli,minor,,
Çağış,39.518805,28.012242,Turkey,TR,Balıkesir,minor,,
Pınarlar,38.874244,39.472628,Turkey,TR,Tunceli,minor,,
Kırcasalih,41.390187,26.794962,Turkey,TR,Edirne,minor,,
Bulancak,40.93805,38.231476,Turkey,TR,Giresun,minor,,
Zeytindağ,38.967222,27.072222,Turkey,TR,İzmir,minor,,
Kumdanlı,38.323896,30.976401,Turkey,TR,Isparta,minor,,
Hankendi,38.568794,39.057393,Turkey,TR,Elazığ,minor,,
Han,39.159167,30.861389,Turkey,TR,Eskişehir,minor,,
Doğanbey,37.800498,31.891099,Turkey,TR,Konya,minor,,
Gökçeyazı,39.627117,27.631386,Turkey,TR,Balıkesir,minor,,
İspir,40.479807,40.993728,Turkey,TR,Erzurum,minor,,
Alacahan,39.106667,37.575556,Turkey,TR,Sivas,minor,,
Karakurt,40.165912,42.604532,Turkey,TR,Kars,minor,,
Tutak,39.538542,42.765872,Turkey,TR,Ağrı,minor,,
Tut,37.795288,37.916098,Turkey,TR,Adıyaman,minor,,
Yenice,41.199625,32.331334,Turkey,TR,Karabük,minor,,
Güce,40.893203,38.798198,Turkey,TR,Giresun,minor,,
Bakacak,40.204994,27.083173,Turkey,TR,Çanakkale,minor,,
Emiralem,38.609706,27.145884,Turkey,TR,İzmir,minor,,
Bozüyük,39.907778,30.036667,Turkey,TR,Bilecik,minor,,
Geyikli,39.804722,26.2075,Turkey,TR,Çanakkale,minor,,
Havza,40.970556,35.662222,Turkey,TR,Samsun,minor,,
Halfeti,37.245287,37.868737,Turkey,TR,Şanlıurfa,minor,,
Ortaklar,37.887884,27.502341,Turkey,TR,Aydın,minor,,
Şehitkamil,37.079624,37.380028,Turkey,TR,Gaziantep,minor,,
Şahinbey,37.048357,37.343713,Turkey,TR,Gaziantep,minor,,
Gündoğdu,40.264077,27.092878,Turkey,TR,Çanakkale,minor,,
Pozantı,37.427778,34.871667,Turkey,TR,Adana,minor,,
Polateli,36.841369,37.144072,Turkey,TR,Kilis,minor,,
Kulu,39.095135,33.079893,Turkey,TR,Konya,minor,,
Ödemiş,38.227805,27.969551,Turkey,TR,İzmir,minor,,
Asarcık,41.035556,36.235556,Turkey,TR,Samsun,minor,,
Bağlıca,37.86974,41.751102,Turkey,TR,Siirt,minor,,
Yahyalı,38.102276,35.357039,Turkey,TR,Kayseri,minor,,
Narlı,37.39148,37.136139,Turkey,TR,Kahramanmaraş,minor,,
Siirt,37.90242,41.72223,Turkey,TR,Siirt,admin,,
Karaçayır,39.912037,36.992238,Turkey,TR,Sivas,minor,,
Boğazkaya,41.45,35.866667,Turkey,TR,Samsun,minor,,
Elmadağ,39.920833,33.230833,Turkey,TR,Ankara,minor,,
Akıncılar,40.071718,38.343297,Turkey,TR,Sivas,minor,,
Akıncılar,37.764444,38.823085,Turkey,TR,Adıyaman,minor,,
Evciler,38.041389,29.886667,Turkey,TR,Afyonkarahisar,minor,,
Arslanköy,37.018842,34.287412,Turkey,TR,Mersin,minor,,
Karaköprü,39.315121,41.964577,Turkey,TR,Erzurum,minor,,
Karaköprü,37.203611,38.799444,Turkey,TR,Şanlıurfa,minor,,
Kozaklı,39.221389,34.850556,Turkey,TR,Nevşehir,minor,,
Eminbey,41.547553,42.781988,Turkey,TR,Ardahan,minor,,
Pasinler,39.979749,41.66997,Turkey,TR,Erzurum,minor,,
Fatsa,41.027778,37.501389,Turkey,TR,Ordu,minor,,
Uluborlu,38.078253,30.450194,Turkey,TR,Isparta,minor,,
Ulubey,40.868633,37.754051,Turkey,TR,Ordu,minor,,
Akkışla,39.002217,36.173808,Turkey,TR,Kayseri,minor,,
Eşme,38.399762,28.969049,Turkey,TR,Uşak,minor,,
Horsunlu,37.914406,28.591508,Turkey,TR,Aydın,minor,,
Karamanlı,37.373011,29.823083,Turkey,TR,Burdur,minor,,
Derince,40.756944,29.814722,Turkey,TR,Kocaeli,minor,,
Maçka,40.810721,39.604654,Turkey,TR,Trabzon,minor,,
İnebolu,41.974722,33.760833,Turkey,TR,Kastamonu,minor,,
İnecik,40.935176,27.281181,Turkey,TR,Tekirdağ,minor,,
İnece,41.677473,27.067859,Turkey,TR,Kırklareli,minor,,
Alacakaya,38.457513,39.859562,Turkey,TR,Diyarbakır,minor,,
Akseki,37.048611,31.79,Turkey,TR,Antalya,minor,,
Kâmil,41.10364,34.762983,Turkey,TR,Çorum,minor,,
Çağlayan,39.585019,39.687018,Turkey,TR,Erzincan,minor,,
Yenikonak,41.873191,34.603077,Turkey,TR,Sinop,minor,,
Beylikova,39.686944,31.205556,Turkey,TR,Eskişehir,minor,,
Eflani,41.422889,32.95761,Turkey,TR,Karabük,minor,,
Kocasinan,38.771466,35.572505,Turkey,TR,Kayseri,minor,,
Söylemez,39.760454,41.801533,Turkey,TR,Erzurum,minor,,
Sincik,38.036451,38.612571,Turkey,TR,Adıyaman,minor,,
Murat,39.672815,43.239521,Turkey,TR,Ağrı,minor,,
Maden,38.386689,39.664082,Turkey,TR,Elazığ,minor,,
Kösefakılı,39.593862,34.136254,Turkey,TR,Kırşehir,minor,,
Bayburt,40.256313,40.222887,Turkey,TR,Bayburt,admin,,
Hizan,38.224984,42.418304,Turkey,TR,Bitlis,minor,,
Yapraklı,40.757852,33.778193,Turkey,TR,Çankırı,minor,,
Etimesgut,39.953282,32.632849,Turkey,TR,Ankara,minor,,
Gaziler,40.081252,43.451869,Turkey,TR,Iğdır,minor,,
Keban,38.793798,38.735165,Turkey,TR,Elazığ,minor,,
Kızılcadağ,37.017222,29.963056,Turkey,TR,Antalya,minor,,
Kızılcabölük,37.61191,29.018381,Turkey,TR,Denizli,minor,,
Karacabey,40.213229,28.361202,Turkey,TR,Bursa,minor,,
Bigadiç,39.3925,28.131111,Turkey,TR,Balıkesir,minor,,
Arapgir,39.041173,38.495156,Turkey,TR,Malatya,minor,,
Güroymak,38.575797,42.015582,Turkey,TR,Bitlis,minor,,
Gürpınar,38.323717,43.409912,Turkey,TR,Van,minor,,
Babatorun,36.077433,36.290508,Turkey,TR,Hatay,minor,,
Bolayır,40.515738,26.755325,Turkey,TR,Çanakkale,minor,,
Güvem,40.590692,32.66111,Turkey,TR,Ankara,minor,,
Beşikdüzü,41.052021,39.232941,Turkey,TR,Trabzon,minor,,
Sultanhisar,37.889722,28.1575,Turkey,TR,Aydın,minor,,
Çakırbeyli,37.735012,27.823878,Turkey,TR,Aydın,minor,,
Çakıralan,41.168237,35.760169,Turkey,TR,Samsun,minor,,
Dodurga,39.799722,29.917222,Turkey,TR,Bilecik,minor,,
Güneyce,40.820951,40.470346,Turkey,TR,Rize,minor,,
Çiğil,37.479231,33.318049,Turkey,TR,Konya,minor,,
Yarbasan,38.988889,28.808056,Turkey,TR,Manisa,minor,,
Çiftlikköy,40.660278,29.323611,Turkey,TR,Yalova,minor,,
Kozlu,41.431944,31.745833,Turkey,TR,Zonguldak,minor,,
Kozlu,40.608781,36.47858,Turkey,TR,Tokat,minor,,
Ayrancı,37.361274,33.6883,Turkey,TR,Karaman,minor,,
Andırın,37.57757,36.354923,Turkey,TR,Kahramanmaraş,minor,,
Yumurtalık,36.77386,35.792973,Turkey,TR,Adana,minor,,
Yunak,38.814177,31.732235,Turkey,TR,Konya,minor,,
Yeşilüzümlü,36.733611,29.233333,Turkey,TR,Muğla,minor,,
Dumlu,40.058615,41.356536,Turkey,TR,Erzurum,minor,,
Üzümlü,37.540573,31.6038,Turkey,TR,Konya,minor,,
Karaoğlan,39.226444,39.208529,Turkey,TR,Tunceli,minor,,
Akcakışla,39.538182,36.336258,Turkey,TR,Sivas,minor,,
Borlu,38.752914,28.467438,Turkey,TR,Manisa,minor,,
Ceyhan,37.024722,35.8175,Turkey,TR,Adana,minor,,
Akçapınar,38.947276,38.942303,Turkey,TR,Tunceli,minor,,
Serinyol,36.361389,36.213611,Turkey,TR,Hatay,minor,,
Hatunsaray,37.587528,32.348018,Turkey,TR,Konya,minor,,
Hayrat,40.885302,40.36495,Turkey,TR,Trabzon,minor,,
Tepehan,38.117883,38.726217,Turkey,TR,Malatya,minor,,
Saray,41.444314,27.921944,Turkey,TR,Tekirdağ,minor,,
Keskin,39.673056,33.613611,Turkey,TR,Kırıkkale,minor,,
Ortabağ,37.396712,42.910096,Turkey,TR,Şırnak,minor,,
Orta,40.624196,33.10928,Turkey,TR,Çankırı,minor,,
Meram,37.829851,32.467771,Turkey,TR,Konya,minor,,
Hasançelebi,38.950934,37.880639,Turkey,TR,Malatya,minor,,
Konakpınar,38.905833,37.296944,Turkey,TR,Sivas,minor,,
Arpaçay,40.84522,43.327473,Turkey,TR,Kars,minor,,
Safranbolu,41.250833,32.694167,Turkey,TR,Karabük,minor,,
Çınar,37.722256,40.406955,Turkey,TR,Diyarbakır,minor,,
Topaklı,39.005551,34.82644,Turkey,TR,Nevşehir,minor,,
Yavuzkemal,40.693294,38.337233,Turkey,TR,Giresun,minor,,
Yavuzeli,37.317718,37.568239,Turkey,TR,Gaziantep,minor,,
Kocapınar,39.095533,43.196157,Turkey,TR,Van,minor,,
Şeyhli,40.921944,36.063333,Turkey,TR,Samsun,minor,,
İkizce,41.058333,37.080278,Turkey,TR,Ordu,minor,,
İkizce,39.595156,32.660974,Turkey,TR,Ankara,minor,,
Celâlli,39.6925,37.423889,Turkey,TR,Sivas,minor,,
Çameli,37.076111,29.344722,Turkey,TR,Denizli,minor,,
Dazkırı,37.918611,29.860556,Turkey,TR,Afyonkarahisar,minor,,
Çerçiler,41.394503,35.236651,Turkey,TR,Sinop,minor,,
Selçuklu,37.884199,32.492222,Turkey,TR,Konya,minor,,
Damlacık,37.914196,38.653919,Turkey,TR,Adıyaman,minor,,
Karahasan,38.958403,42.588046,Turkey,TR,Muş,minor,,
Kırmızıköprü,39.385901,39.824394,Turkey,TR,Tunceli,minor,,
Mezraa,41.197644,35.116843,Turkey,TR,Samsun,minor,,
Besni,37.692778,37.861111,Turkey,TR,Adıyaman,minor,,
Bağpınar,37.591389,38.3191,Turkey,TR,Adıyaman,minor,,
Mollafeneri,40.886111,29.494444,Turkey,TR,Kocaeli,minor,,
Çavdarhisar,39.193443,29.619148,Turkey,TR,Kütahya,minor,,
Saruhanlı,38.734547,27.568113,Turkey,TR,Manisa,minor,,
Emet,39.342995,29.258469,Turkey,TR,Kütahya,minor,,
Reyhanlı,36.267907,36.567472,Turkey,TR,Hatay,minor,,
Dargeçit,37.546164,41.716525,Turkey,TR,Mardin,minor,,
Darende,38.545833,37.505833,Turkey,TR,Malatya,minor,,
Tecirli,37.161834,36.109779,Turkey,TR,Osmaniye,minor,,
Susuzmüsellim,41.098889,27.0675,Turkey,TR,Tekirdağ,minor,,
Himmetdede,38.910281,35.09607,Turkey,TR,Kayseri,minor,,
Payamlı,37.036507,38.613366,Turkey,TR,Şanlıurfa,minor,,
Gümüşhacıköy,40.873056,35.214722,Turkey,TR,Amasya,minor,,
Karaçay,36.135506,36.077426,Turkey,TR,Hatay,minor,,
Akdemir,38.983253,39.138542,Turkey,TR,Tunceli,minor,,
Çamiçi,40.6181,37.001687,Turkey,TR,Tokat,minor,,
Oyalı,37.221262,41.738624,Turkey,TR,Mardin,minor,,
Ürgüp,38.629604,34.911985,Turkey,TR,Nevşehir,minor,,
Başpınar,39.190168,38.687368,Turkey,TR,Erzincan,minor,,
Çaybaşı,41.017107,37.097962,Turkey,TR,Ordu,minor,,
Sumbas,37.451298,36.023493,Turkey,TR,Osmaniye,minor,,
Kurşunlu,38.65328,37.850812,Turkey,TR,Malatya,minor,,
Çokak,37.736134,36.328648,Turkey,TR,Kahramanmaraş,minor,,
Mursal,39.167778,37.956944,Turkey,TR,Sivas,minor,,
Kuşsarayı,38.451215,38.679122,Turkey,TR,Elazığ,minor,,
Mudurnu,40.473001,31.20755,Turkey,TR,Bolu,minor,,
Mudanya,40.375278,28.882222,Turkey,TR,Bursa,minor,,
Destek,40.846667,36.183056,Turkey,TR,Amasya,minor,,
Manyas,40.046389,27.97,Turkey,TR,Balıkesir,minor,,
Pamukova,40.5081,30.167319,Turkey,TR,Sakarya,minor,,
Yenişehir,37.941459,40.138013,Turkey,TR,Diyarbakır,minor,,
Meydancık,41.409645,42.236399,Turkey,TR,Artvin,minor,,
Sulakyurt,40.157333,33.716001,Turkey,TR,Kırıkkale,minor,,
Karakoyunlu,39.870356,43.630136,Turkey,TR,Iğdır,minor,,
Çeltikçi,37.529469,30.480283,Turkey,TR,Burdur,minor,,
Büyükçekmece,41.012837,28.538239,Turkey,TR,İstanbul,minor,,
Sarayönü,38.26201,32.404567,Turkey,TR,Konya,minor,,
Kürtün,40.695158,39.094684,Turkey,TR,Gümüşhane,minor,,
Kamışlı,37.555191,34.9472,Turkey,TR,Adana,minor,,
Şenköy,36.048414,36.143655,Turkey,TR,Hatay,minor,,
Şavşat,41.25022,42.350533,Turkey,TR,Artvin,minor,,
Hopa,41.395978,41.42205,Turkey,TR,Artvin,minor,,
Gökçeada,40.201074,25.909017,Turkey,TR,Çanakkale,minor,,
Ortaköy,38.737281,34.038658,Turkey,TR,Aksaray,minor,,
Çatalzeytin,41.953141,34.216274,Turkey,TR,Kastamonu,minor,,
Geyve,40.5075,30.2925,Turkey,TR,Sakarya,minor,,
Pütürge,38.199234,38.862956,Turkey,TR,Malatya,minor,,
Karaisalı,37.256667,35.058889,Turkey,TR,Adana,minor,,
Üçpınar,38.734233,27.361636,Turkey,TR,Manisa,minor,,
Osmaniye,37.074167,36.247778,Turkey,TR,Osmaniye,admin,,
Kocaaliler,37.316944,30.74,Turkey,TR,Burdur,minor,,
Kocaali,41.05336,30.852775,Turkey,TR,Sakarya,minor,,
Yakapınar,36.973422,35.620427,Turkey,TR,Adana,minor,,
Alucra,40.316565,38.752848,Turkey,TR,Giresun,minor,,
Savaştepe,39.383189,27.656121,Turkey,TR,Balıkesir,minor,,
Sivaslı,38.499444,29.683611,Turkey,TR,Uşak,minor,,
Kızılsu,37.454021,42.196393,Turkey,TR,Şırnak,minor,,
Davulga,38.979167,31.371389,Turkey,TR,Afyonkarahisar,minor,,
Çınarcık,40.645382,29.1245,Turkey,TR,Yalova,minor,,
Eldivan,40.529746,33.499035,Turkey,TR,Çankırı,minor,,
Mazıdağı,37.478005,40.481523,Turkey,TR,Mardin,minor,,
Mazgirt,39.017833,39.600641,Turkey,TR,Tunceli,minor,,
Cevizlik,38.175545,42.226018,Turkey,TR,Siirt,minor,,
İscehisar,38.861944,30.750278,Turkey,TR,Afyonkarahisar,minor,,
Köşk,37.853333,28.051667,Turkey,TR,Aydın,minor,,
Çayeli,41.086092,40.722133,Turkey,TR,Rize,minor,,
Kağızman,40.156692,43.134239,Turkey,TR,Kars,minor,,
Yaylak,37.382678,38.338917,Turkey,TR,Şanlıurfa,minor,,
Almus,40.375833,36.904444,Turkey,TR,Tokat,minor,,
Çayırova,40.834444,29.4,Turkey,TR,Kocaeli,minor,,
Karşıyaka,38.457333,27.110621,Turkey,TR,İzmir,minor,,
Söğütlü,38.800189,40.669712,Turkey,TR,Bingöl,minor,,
Sivrihisar,39.450369,31.534088,Turkey,TR,Eskişehir,minor,,
Biga,40.228056,27.242222,Turkey,TR,Çanakkale,minor,,
Sarısu,39.01887,42.920917,Turkey,TR,Ağrı,minor,,
Başköy,39.872313,39.84188,Turkey,TR,Erzincan,minor,,
Kelkit,40.126822,39.434244,Turkey,TR,Gümüşhane,minor,,
Hasayaz,40.240673,33.328003,Turkey,TR,Ankara,minor,,
Ekinözü,38.059738,37.187864,Turkey,TR,Kahramanmaraş,minor,,
Köyceğiz,36.962473,28.690938,Turkey,TR,Muğla,minor,,
Özpınar,38.004775,42.243856,Turkey,TR,Siirt,minor,,
Hisarcık,39.250573,29.231164,Turkey,TR,Kütahya,minor,,
Ören,37.03609,27.967228,Turkey,TR,Muğla,minor,,
Kaynar,38.899167,36.454167,Turkey,TR,Kayseri,minor,,
Gürsu,40.218757,29.194872,Turkey,TR,Bursa,minor,,
Erbaa,40.668889,36.5675,Turkey,TR,Tokat,minor,,
Yalvaç,38.295556,31.177778,Turkey,TR,Isparta,minor,,
Yalova,40.655015,29.276933,Turkey,TR,Yalova,admin,,
Başyayla,36.75337,32.680176,Turkey,TR,Karaman,minor,,
Kalecik,40.097222,33.408333,Turkey,TR,Ankara,minor,,
Oğuzlar,40.753534,34.702748,Turkey,TR,Çorum,minor,,
Dere,38.982949,39.300174,Turkey,TR,Tunceli,minor,,
Tütüncü,40.066944,27.719722,Turkey,TR,Balıkesir,minor,,
Yenice,36.977438,35.051965,Turkey,TR,Mersin,minor,,
Tanyeri,39.601609,39.896827,Turkey,TR,Erzincan,minor,,
Ovacık,37.513426,38.779326,Turkey,TR,Şanlıurfa,minor,,
Başgedikler,40.640692,43.521792,Turkey,TR,Kars,minor,,
Kılıçkaya,40.704714,41.473854,Turkey,TR,Artvin,minor,,
Üzümlü,39.709475,39.70015,Turkey,TR,Erzincan,minor,,
Çekerek,40.073056,35.494722,Turkey,TR,Yozgat,minor,,
Eğil,38.257481,40.074352,Turkey,TR,Diyarbakır,minor,,
Bağlar,37.913746,40.205839,Turkey,TR,Diyarbakır,minor,,
Akarsu,37.226156,41.051376,Turkey,TR,Mardin,minor,,
Didim,37.375556,27.267778,Turkey,TR,Aydın,minor,,
İbriktepe,41.010366,26.503428,Turkey,TR,Edirne,minor,,
Kırka,39.279444,30.526389,Turkey,TR,Eskişehir,minor,,
Lice,38.458213,40.638877,Turkey,TR,Diyarbakır,minor,,
Güdül,40.210049,32.243233,Turkey,TR,Ankara,minor,,
Devrekani,41.603026,33.839222,Turkey,TR,Kastamonu,minor,,
Devrek,41.219167,31.955833,Turkey,TR,Zonguldak,minor,,
Gökçen,38.113672,27.871444,Turkey,TR,İzmir,minor,,
Patnos,39.224933,42.856933,Turkey,TR,Ağrı,minor,,
Kavakbaşı,38.483371,41.819671,Turkey,TR,Bitlis,minor,,
Üçpınar,37.134128,32.261457,Turkey,TR,Konya,minor,,
Kızılyaka,36.983014,29.52847,Turkey,TR,Burdur,minor,,
Kireç,39.555172,28.365057,Turkey,TR,Balıkesir,minor,,
Tekkiraz,40.985881,37.160281,Turkey,TR,Ordu,minor,,
Alaplı,41.181402,31.385143,Turkey,TR,Zonguldak,minor,,
Anamur,36.075081,32.836907,Turkey,TR,Mersin,minor,,
Soma,39.185535,27.609449,Turkey,TR,Manisa,minor,,
Çiftlik,38.175798,34.485354,Turkey,TR,Niğde,minor,,
Melikgazi,38.75,35.45,Turkey,TR,Kayseri,minor,,
Elmalı,36.735833,29.917754,Turkey,TR,Antalya,minor,,
Mahmut Şevket Paşa,41.152805,29.189678,Turkey,TR,İstanbul,minor,,
Başyurt,38.83505,39.979294,Turkey,TR,Elazığ,minor,,
Dutluca,39.135859,38.606618,Turkey,TR,Erzincan,minor,,
Dumlupınar,38.854078,29.977202,Turkey,TR,Kütahya,minor,,
Doğruyol,41.061321,43.322008,Turkey,TR,Ardahan,minor,,
Seydişehir,37.419256,31.845269,Turkey,TR,Konya,minor,,
Seydiler,41.620052,33.718154,Turkey,TR,Kastamonu,minor,,
Dinek,37.324814,32.616023,Turkey,TR,Konya,minor,,
Gerze,41.803611,35.201111,Turkey,TR,Sinop,minor,,
Gevaş,38.292102,43.101894,Turkey,TR,Van,minor,,
Gesi,38.7918,35.659226,Turkey,TR,Kayseri,minor,,
İkizören,40.688333,33.883333,Turkey,TR,Çankırı,minor,,
Gölhisar,37.145896,29.508763,Turkey,TR,Burdur,minor,,
Güney,38.154444,29.067778,Turkey,TR,Denizli,minor,,
Yamaç,38.776227,40.438936,Turkey,TR,Bingöl,minor,,
Pınarbaşı,41.603875,33.110991,Turkey,TR,Kastamonu,minor,,
Niksar,40.591667,36.951667,Turkey,TR,Tokat,minor,,
Ayvacık,40.991111,36.631389,Turkey,TR,Samsun,minor,,
Ayvacık,39.601111,26.404722,Turkey,TR,Çanakkale,minor,,
Kolay,41.418237,35.801355,Turkey,TR,Samsun,minor,,
İğdir,40.266331,35.626449,Turkey,TR,Tokat,minor,,
Cengerli,39.794258,38.848141,Turkey,TR,Erzincan,minor,,
Viranşehir,37.223491,39.755188,Turkey,TR,Şanlıurfa,minor,,
Altınözü,36.115535,36.248268,Turkey,TR,Hatay,minor,,
Altınova,40.694946,29.509857,Turkey,TR,Yalova,minor,,
Şarkîkaraağaç,38.079444,31.366389,Turkey,TR,Isparta,minor,,
Şarkışla,39.351857,36.409764,Turkey,TR,Sivas,minor,,
Şarköy,40.613952,27.115634,Turkey,TR,Tekirdağ,minor,,
Yomra,40.953262,39.855461,Turkey,TR,Trabzon,minor,,
Bayındır,38.218176,27.647196,Turkey,TR,İzmir,minor,,
Dinar,38.065001,30.165569,Turkey,TR,Afyonkarahisar,minor,,
Gülağaç,38.395756,34.345756,Turkey,TR,Aksaray,minor,,
Bor,37.890556,34.558889,Turkey,TR,Niğde,minor,,
Sason,38.327673,41.413768,Turkey,TR,Batman,minor,,
Göksu,39.489063,42.151269,Turkey,TR,Erzurum,minor,,
Hasankeyf,37.706119,41.404799,Turkey,TR,Batman,minor,,
Gözeli,38.424604,39.057279,Turkey,TR,Elazığ,minor,,
Yürük,40.935529,27.066312,Turkey,TR,Tekirdağ,minor,,
Altınoluk,39.579444,26.737222,Turkey,TR,Balıkesir,minor,,
Suluova,40.831285,35.647882,Turkey,TR,Amasya,minor,,
Sulusaray,39.993892,36.084037,Turkey,TR,Tokat,minor,,
Hacılar,38.646312,35.449369,Turkey,TR,Kayseri,minor,,
Bekirhan,38.140865,41.293509,Turkey,TR,Batman,minor,,
Yücebağ,38.393674,41.26713,Turkey,TR,Batman,minor,,
Yiğityolu,35.996944,36.264444,Turkey,TR,Hatay,minor,,
Merzifon,40.873333,35.463056,Turkey,TR,Amasya,minor,,
Yenibaşak,38.804144,40.992223,Turkey,TR,Bingöl,minor,,
Salat,37.841721,40.886501,Turkey,TR,Diyarbakır,minor,,
Atkaracalar,40.81593,33.075556,Turkey,TR,Çankırı,minor,,
Eceabat,40.184163,26.357395,Turkey,TR,Çanakkale,minor,,
Kocatepe,37.229221,40.161036,Turkey,TR,Mardin,minor,,
Çivril,38.301389,29.738611,Turkey,TR,Denizli,minor,,
Akarsu,39.928784,38.61382,Turkey,TR,Erzincan,minor,,
Çelebi,39.46418,33.524096,Turkey,TR,Kırıkkale,minor,,
Güneysu,40.981298,40.604646,Turkey,TR,Rize,minor,,
Marmara Ereğlisi,40.970034,27.955279,Turkey,TR,Tekirdağ,minor,,
Marmaris,36.855,28.274167,Turkey,TR,Muğla,minor,,
Çerkeş,40.811639,32.893583,Turkey,TR,Çankırı,minor,,
Emirgazi,37.902222,33.837222,Turkey,TR,Konya,minor,,
Çakmak,37.623162,34.286777,Turkey,TR,Konya,minor,,
Şabanözü,40.482489,33.283523,Turkey,TR,Çankırı,minor,,
Kavaklıdere,37.44463,28.362765,Turkey,TR,Muğla,minor,,
Foça,38.670299,26.756559,Turkey,TR,İzmir,minor,,
Evciler,39.775556,26.771667,Turkey,TR,Çanakkale,minor,,
Kızılören,38.258056,30.151667,Turkey,TR,Afyonkarahisar,minor,,
Kızılören,37.868474,32.116181,Turkey,TR,Konya,minor,,
Tepe,37.789434,40.771615,Turkey,TR,Diyarbakır,minor,,
Kalkan,36.265102,29.413689,Turkey,TR,Antalya,minor,,
Geyikpınar,38.317591,41.820649,Turkey,TR,Bitlis,minor,,
Kandilli,39.90587,40.836617,Turkey,TR,Erzurum,minor,,
Ardahan,41.108711,42.702222,Turkey,TR,Ardahan,admin,,
Ardanuç,41.127381,42.062918,Turkey,TR,Artvin,minor,,
Tanır,38.419444,36.912222,Turkey,TR,Kahramanmaraş,minor,,
Beşiri,37.915731,41.286497,Turkey,TR,Batman,minor,,
Çankaya,39.887454,32.856738,Turkey,TR,Ankara,minor,,
Nurdağı,37.168213,36.73623,Turkey,TR,Gaziantep,minor,,
Silifke,36.377778,33.934444,Turkey,TR,Mersin,minor,,
Silivri,41.073927,28.24644,Turkey,TR,İstanbul,minor,,
Esiroğlu,40.873309,39.688293,Turkey,TR,Trabzon,minor,,
Darıkent,38.962516,39.807923,Turkey,TR,Tunceli,minor,,
Bucakkışla,36.954433,33.021961,Turkey,TR,Karaman,minor,,
Kösreli,37.1625,35.978336,Turkey,TR,Adana,minor,,
Tefenni,37.309678,29.775385,Turkey,TR,Burdur,minor,,
Kılbasan,37.324877,33.18634,Turkey,TR,Karaman,minor,,
Kofçaz,41.944811,27.158292,Turkey,TR,Kırklareli,minor,,
Kavacık,39.675505,28.49446,Turkey,TR,Balıkesir,minor,,
İpsala,40.921146,26.382731,Turkey,TR,Edirne,minor,,
Araklı,40.938544,40.05842,Turkey,TR,Trabzon,minor,,
Arıcak,38.563404,40.124801,Turkey,TR,Elazığ,minor,,
Baklan,37.976944,29.608611,Turkey,TR,Denizli,minor,,
Yeşilvadi,41.123001,29.476955,Turkey,TR,İstanbul,minor,,
Yıldızeli,39.866389,36.598889,Turkey,TR,Sivas,minor,,
Tuzlagözü,38.180218,41.5687,Turkey,TR,Batman,minor,,
Çandır,40.257173,33.468676,Turkey,TR,Ankara,minor,,
Siverek,37.755025,39.316667,Turkey,TR,Şanlıurfa,minor,,
Gemlik,40.430937,29.159694,Turkey,TR,Bursa,minor,,
Eskil,38.401667,33.413056,Turkey,TR,Aksaray,minor,,
Ormanlı,41.164722,31.614167,Turkey,TR,Zonguldak,minor,,
Sağkaya,37.178519,35.688432,Turkey,TR,Adana,minor,,
Hıdırbey,36.208021,36.127867,Turkey,TR,Hatay,minor,,
Hıdırbaba,38.767062,38.976979,Turkey,TR,Elazığ,minor,,
Divriği,39.371002,38.113703,Turkey,TR,Sivas,minor,,
Ula,37.104912,28.416667,Turkey,TR,Muğla,minor,,
Marmara,40.586329,27.555408,Turkey,TR,Balıkesir,minor,,
Yuntdağ,38.931667,27.213611,Turkey,TR,İzmir,minor,,
Balışeyh,39.914111,33.723331,Turkey,TR,Kırıkkale,minor,,
Elmalıdere,39.63721,42.319956,Turkey,TR,Erzurum,minor,,
Seferhisar,38.197501,26.838805,Turkey,TR,İzmir,minor,,
Şefaatlı,39.5043,34.756303,Turkey,TR,Yozgat,minor,,
Ağabeyli,37.733624,37.116246,Turkey,TR,Kahramanmaraş,minor,,
Yolboyu,37.897643,40.000861,Turkey,TR,Diyarbakır,minor,,
Ağlı,41.68602,33.553831,Turkey,TR,Kastamonu,minor,,
Ağlasun,37.649444,30.534167,Turkey,TR,Burdur,minor,,
Demirci,39.046072,28.65889,Turkey,TR,Manisa,minor,,
Narman,40.344493,41.860883,Turkey,TR,Erzurum,minor,,
Doğanyurt,42.004566,33.460289,Turkey,TR,Kastamonu,minor,,
Doğanyurt,40.688056,36.716389,Turkey,TR,Tokat,minor,,
Deliçay,39.081631,43.485517,Turkey,TR,Van,minor,,
Termal,40.607792,29.1736,Turkey,TR,Yalova,minor,,
Dombay,38.154212,30.208762,Turkey,TR,Afyonkarahisar,minor,,
Domaniç,39.80194,29.609179,Turkey,TR,Kütahya,minor,,
Cumaçay,39.915243,43.186531,Turkey,TR,Ağrı,minor,,
Gölova,36.799167,30.038889,Turkey,TR,Antalya,minor,,
Arsin,40.952711,39.92674,Turkey,TR,Trabzon,minor,,
Mamak,39.94044,32.910121,Turkey,TR,Ankara,minor,,
Karadirek,38.568342,30.184168,Turkey,TR,Afyonkarahisar,minor,,
Beytüşşebap,37.563178,43.165831,Turkey,TR,Şırnak,minor,,
Ovacık,40.200494,40.997268,Turkey,TR,Erzurum,minor,,
Barla,38.017778,30.782778,Turkey,TR,Isparta,minor,,
Bartın,41.635833,32.3375,Turkey,TR,Bartın,admin,,
Çamoluk,40.127321,38.730062,Turkey,TR,Giresun,minor,,
Seki,36.803781,29.651549,Turkey,TR,Muğla,minor,,
Çiftlik,39.782764,40.634835,Turkey,TR,Erzurum,minor,,
Hacıhamza,41.074303,34.449,Turkey,TR,Çorum,minor,,
Samsat,37.581944,38.474167,Turkey,TR,Adıyaman,minor,,
Kula,38.547261,28.649761,Turkey,TR,Manisa,minor,,
Felahiye,39.090556,35.567222,Turkey,TR,Kayseri,minor,,
Dörtyol,36.839171,36.230251,Turkey,TR,Hatay,minor,,
Mut,36.643887,33.438847,Turkey,TR,Mersin,minor,,
Mutki,38.406243,41.920179,Turkey,TR,Bitlis,minor,,
Ömerli,37.39903,40.954417,Turkey,TR,Mardin,minor,,
Çüngüş,38.207979,39.285542,Turkey,TR,Diyarbakır,minor,,
Deliktaş,39.341572,37.203778,Turkey,TR,Sivas,minor,,
Sarıkonak,38.243092,41.95933,Turkey,TR,Bitlis,minor,,
Sarıveliler,36.697052,32.612027,Turkey,TR,Karaman,minor,,
Aybastı,40.686667,37.399167,Turkey,TR,Ordu,minor,,
Urla,38.322919,26.76403,Turkey,TR,İzmir,minor,,
Eğirdir,37.874323,30.83267,Turkey,TR,Isparta,minor,,
Sarız,38.479167,36.498982,Turkey,TR,Kayseri,minor,,
Buldan,38.045,28.830556,Turkey,TR,Denizli,minor,,
Susuz,40.779097,43.127691,Turkey,TR,Kars,minor,,
Akçaabat,41.021205,39.571457,Turkey,TR,Trabzon,minor,,
Ladik,40.910556,35.891944,Turkey,TR,Samsun,minor,,
Derik,37.363356,40.264726,Turkey,TR,Mardin,minor,,
İbradı,37.096944,31.599167,Turkey,TR,Antalya,minor,,
Kaynarca,41.030833,30.3075,Turkey,TR,Sakarya,minor,,
Özvatan,39.106902,35.69994,Turkey,TR,Kayseri,minor,,
Alaca,40.168333,34.8425,Turkey,TR,Çorum,minor,,
Balcı,38.725318,34.101227,Turkey,TR,Aksaray,minor,,
Erzin,36.953478,36.198388,Turkey,TR,Hatay,minor,,
Kayapınar,37.937328,40.177563,Turkey,TR,Diyarbakır,minor,,
Aras,39.988207,42.30628,Turkey,TR,Erzurum,minor,,
Düzce,40.838889,31.163889,Turkey,TR,Düzce,admin,,
Cumayeri,40.873887,30.950906,Turkey,TR,Düzce,minor,,
Çaybağı,38.694008,39.620216,Turkey,TR,Elazığ,minor,,
İmamoğlu,37.265061,35.657166,Turkey,TR,Adana,minor,,
Demirkent,40.879084,41.729533,Turkey,TR,Artvin,minor,,
Çavuş,37.609628,31.931353,Turkey,TR,Konya,minor,,
Gaziler,40.421534,42.347987,Turkey,TR,Erzurum,minor,,
Turhal,40.3875,36.081111,Turkey,TR,Tokat,minor,,
Dikili,39.071004,26.89017,Turkey,TR,İzmir,minor,,
Kavak,39.292046,37.48127,Turkey,TR,Sivas,minor,,
Karayazı,39.69604,42.142773,Turkey,TR,Erzurum,minor,,
Kemer,36.648103,29.359102,Turkey,TR,Muğla,minor,,
Kemer,36.597778,30.560556,Turkey,TR,Antalya,minor,,
Kemer,37.352222,30.063056,Turkey,TR,Burdur,minor,,
Yahşihan,39.850278,33.452945,Turkey,TR,Kırıkkale,minor,,
Yayladağı,35.9025,36.062721,Turkey,TR,Hatay,minor,,
Karacadağ,37.72894,39.635469,Turkey,TR,Şanlıurfa,minor,,
Savur,37.53544,40.878756,Turkey,TR,Mardin,minor,,
Terme,41.209167,36.973889,Turkey,TR,Samsun,minor,,
Bozburun,36.694947,28.043359,Turkey,TR,Muğla,minor,,
Salıpazarı,41.083984,36.830401,Turkey,TR,Samsun,minor,,
Böğürtlen,37.166323,38.081104,Turkey,TR,Şanlıurfa,minor,,
Göçbeyli,39.223278,27.403864,Turkey,TR,İzmir,minor,,
Sapanca,40.691407,30.267384,Turkey,TR,Sakarya,minor,,
Direkli,39.711667,36.651667,Turkey,TR,Sivas,minor,,
Kömürlü,40.735393,42.288193,Turkey,TR,Erzurum,minor,,
Kocakoç,39.116636,39.659312,Turkey,TR,Tunceli,minor,,
Küçüksu,38.438994,42.319053,Turkey,TR,Bitlis,minor,,
Pervari,37.935734,42.549274,Turkey,TR,Siirt,minor,,
Uzunisa,40.914651,37.84818,Turkey,TR,Ordu,minor,,
Azdavay,41.642671,33.3,Turkey,TR,Kastamonu,minor,,
Evreşe,40.666667,26.883333,Turkey,TR,Çanakkale,minor,,
Akköy,37.491389,27.269444,Turkey,TR,Aydın,minor,,
Akköy,37.956944,29.078135,Turkey,TR,Denizli,minor,,
Yenimahalle,39.958264,32.755185,Turkey,TR,Ankara,minor,,
Çaltılıbük,39.955896,28.599104,Turkey,TR,Bursa,minor,,
Aydıntepe,40.383255,40.142718,Turkey,TR,Bayburt,minor,,
Baykan,38.157541,41.773299,Turkey,TR,Siirt,minor,,
Derepazarı,41.023977,40.423316,Turkey,TR,Rize,minor,,
Akçakent,39.622778,34.095833,Turkey,TR,Kırşehir,minor,,
Mermer,38.118281,40.448741,Turkey,TR,Diyarbakır,minor,,
Çeşme,38.326144,26.305738,Turkey,TR,İzmir,minor,,
Kovancılar,38.718824,39.862683,Turkey,TR,Elazığ,minor,,
Gelembe,39.178718,27.848482,Turkey,TR,Manisa,minor,,
Çatalpınar,40.878993,37.453513,Turkey,TR,Ordu,minor,,
Kargı,41.133726,34.487436,Turkey,TR,Çorum,minor,,
Filyos,41.553833,32.023889,Turkey,TR,Zonguldak,minor,,
Korkuteli,37.064976,30.195646,Turkey,TR,Antalya,minor,,
Korkut,38.733899,41.783959,Turkey,TR,Muş,minor,,
Akşar,40.646509,42.339096,Turkey,TR,Erzurum,minor,,
Aksaray,38.37255,34.02537,Turkey,TR,Aksaray,admin,,
Gümüşsu,38.239272,29.986506,Turkey,TR,Denizli,minor,,
Dicle,38.365713,40.064504,Turkey,TR,Diyarbakır,minor,,
Obruk,38.184439,33.180954,Turkey,TR,Konya,minor,,
Edremit,39.596111,27.024444,Turkey,TR,Balıkesir,minor,,
Yatağan,37.340255,28.142794,Turkey,TR,Muğla,minor,,
Ovabağ,37.708495,39.986968,Turkey,TR,Diyarbakır,minor,,
İkizdere,40.774839,40.552272,Turkey,TR,Rize,minor,,
Mecitözü,40.52,35.295278,Turkey,TR,Çorum,minor,,
Mecidiye,40.638889,26.539173,Turkey,TR,Edirne,minor,,
Babaeski,41.4325,27.093056,Turkey,TR,Kırklareli,minor,,
Kurucaşile,41.837806,32.716212,Turkey,TR,Bartın,minor,,
Bozkurt,37.824167,29.609722,Turkey,TR,Denizli,minor,,
Hamzalı,38.341588,41.162539,Turkey,TR,Diyarbakır,minor,,
Gülyalı,40.961525,38.049371,Turkey,TR,Ordu,minor,,
Pazaryolu,40.41142,40.7678,Turkey,TR,Erzurum,minor,,
Pazaryeri,39.993947,29.904237,Turkey,TR,Bilecik,minor,,
Beydağ,38.086691,28.210498,Turkey,TR,Kayseri,minor,,
Güzeloluk,36.794444,34.082737,Turkey,TR,Mersin,minor,,
Karabulduk,40.820434,38.549407,Turkey,TR,Giresun,minor,,
Balpayam,39.42006,40.057128,Turkey,TR,Tunceli,minor,,
Tufanbeyli,38.263333,36.220556,Turkey,TR,Adana,minor,,
Albayrak,38.142523,44.201203,Turkey,TR,Van,minor,,
Acıpınar,38.526712,33.852245,Turkey,TR,Aksaray,minor,,
Acıpayam,37.423854,29.34941,Turkey,TR,Denizli,minor,,
Yedisu,39.432772,40.533677,Turkey,TR,Bingöl,minor,,
Yeditepe,35.967527,36.014525,Turkey,TR,Hatay,minor,,
Atabey,37.950833,30.638611,Turkey,TR,Isparta,minor,,
İğneada,41.874444,27.983889,Turkey,TR,Kırklareli,minor,,
Selim,40.45772,42.782869,Turkey,TR,Kars,minor,,
Posof,41.501381,42.723665,Turkey,TR,Ardahan,minor,,
Durak,39.706583,28.271757,Turkey,TR,Balıkesir,minor,,
Küplü,40.098374,30.0001,Turkey,TR,Bilecik,minor,,
Küplü,41.106944,26.351944,Turkey,TR,Edirne,minor,,
Gazipaşa,36.269422,32.317917,Turkey,TR,Antalya,minor,,
Köprüören,39.508315,29.762329,Turkey,TR,Kütahya,minor,,
Görele,41.030833,39.003056,Turkey,TR,Giresun,minor,,
Tuzlukçu,38.477778,31.626389,Turkey,TR,Konya,minor,,
Serinhisar,37.581045,29.266388,Turkey,TR,Denizli,minor,,
Turgut,37.375,28.031111,Turkey,TR,Muğla,minor,,
Kanlıavşar,37.216461,38.309358,Turkey,TR,Şanlıurfa,minor,,
Kale,37.439167,28.845278,Turkey,TR,Denizli,minor,,
Boztepe,40.187778,35.8875,Turkey,TR,Tokat,minor,,
Adalar,40.867778,29.133056,Turkey,TR,İstanbul,minor,,
Tavşanlı,39.542371,29.498657,Turkey,TR,Kütahya,minor,,
Serdivan,40.773765,30.380065,Turkey,TR,Sakarya,minor,,
Genç,38.747729,40.553427,Turkey,TR,Bingöl,minor,,
Güre,38.651111,29.166944,Turkey,TR,Uşak,minor,,
Aladağ,37.548499,35.396027,Turkey,TR,Adana,minor,,
Birecik,37.025771,37.978406,Turkey,TR,Şanlıurfa,minor,,
Bahşılı,39.800167,33.437008,Turkey,TR,Kırıkkale,minor,,
Ovacık,41.076611,32.919945,Turkey,TR,Karabük,minor,,
Demirözü,40.160234,39.892393,Turkey,TR,Bayburt,minor,,
Bağarası,37.707103,27.548746,Turkey,TR,Aydın,minor,,
Koçali,37.923056,38.257884,Turkey,TR,Adıyaman,minor,,
Meydan,38.355848,41.769411,Turkey,TR,Bitlis,minor,,
Sinekçi,40.270727,27.406668,Turkey,TR,Çanakkale,minor,,
Seben,40.411339,31.573587,Turkey,TR,Bolu,minor,,
Oltu,40.539448,41.987222,Turkey,TR,Erzurum,minor,,
Çağlayan,40.900187,39.712315,Turkey,TR,Trabzon,minor,,
Çorlu,41.159167,27.8,Turkey,TR,Tekirdağ,minor,,
Gerede,40.800833,32.196944,Turkey,TR,Bolu,minor,,
Hadim,36.987762,32.456741,Turkey,TR,Konya,minor,,
Dallıbahçe,39.133206,39.879286,Turkey,TR,Tunceli,minor,,
Gölören,37.849492,33.859704,Turkey,TR,Konya,minor,,
Gölmarmara,38.713889,27.914167,Turkey,TR,Manisa,minor,,
Sürgücü,37.573726,40.732523,Turkey,TR,Mardin,minor,,
Şehit Nusretbey,36.846667,38.735833,Turkey,TR,Şanlıurfa,minor,,
Haberli,37.305102,41.617579,Turkey,TR,Mardin,minor,,
Karadere,40.731744,30.839916,Turkey,TR,Sakarya,minor,,
Osmancalı,38.7625,27.253056,Turkey,TR,Manisa,minor,,
Aşkale,39.917185,40.684825,Turkey,TR,Erzurum,minor,,
Örenşehir,38.998432,36.649287,Turkey,TR,Kayseri,minor,,
Beşpınar,41.138222,35.217236,Turkey,TR,Samsun,minor,,
Akören,37.453453,32.370704,Turkey,TR,Konya,minor,,
Datça,36.727374,27.684798,Turkey,TR,Muğla,minor,,
Pazar,41.179167,40.884167,Turkey,TR,Rize,minor,,
Pazar,40.330271,32.748204,Turkey,TR,Ankara,minor,,
Pazarcık,37.483962,37.292171,Turkey,TR,Kahramanmaraş,minor,,
Hotamış,37.640042,33.318616,Turkey,TR,Konya,minor,,
Gölbaşı,39.790429,32.809027,Turkey,TR,Ankara,minor,,
Gölbaşı,37.783611,37.636667,Turkey,TR,Adıyaman,minor,,
Dörtdivan,40.720518,32.063135,Turkey,TR,Bolu,minor,,
Gümüşkent,38.82556,34.532116,Turkey,TR,Nevşehir,minor,,
Yalınca,37.856574,43.522298,Turkey,TR,Van,minor,,
Yazıhan,38.592923,38.173272,Turkey,TR,Malatya,minor,,
Çaycuma,41.426389,32.075556,Turkey,TR,Zonguldak,minor,,
Ünye,41.131389,37.2825,Turkey,TR,Ordu,minor,,
Yardımcı,37.020911,39.005333,Turkey,TR,Şanlıurfa,minor,,
Beyçayırı,38.014121,41.32372,Turkey,TR,Batman,minor,,
Beyçayırı,40.255146,26.924418,Turkey,TR,Çanakkale,minor,,
Söğütlü,40.905902,30.47448,Turkey,TR,Sakarya,minor,,
Çiçekli,39.054682,39.416045,Turkey,TR,Tunceli,minor,,
Muratlı,41.17216,27.499201,Turkey,TR,Tekirdağ,minor,,
Şırnak,37.51393,42.454324,Turkey,TR,Şırnak,admin,,
Sırpsındığı,41.78124,26.478882,Turkey,TR,Edirne,minor,,
Çatak,38.002933,43.052434,Turkey,TR,Van,minor,,
Karaağıl,39.136085,42.084588,Turkey,TR,Muş,minor,,
Kasımlar,37.528749,31.192699,Turkey,TR,Isparta,minor,,
Suruç,36.976116,38.425329,Turkey,TR,Şanlıurfa,minor,,
Dikmen,41.65,35.266667,Turkey,TR,Sinop,minor,,
Pınarhisar,41.624167,27.52,Turkey,TR,Kırklareli,minor,,
Yenisu,38.752011,40.875708,Turkey,TR,Bingöl,minor,,
Çağlayancerit,37.74523,37.286184,Turkey,TR,Kahramanmaraş,minor,,
Kuşadası,37.855619,27.256597,Turkey,TR,İzmir,minor,,
Lapseki,40.344167,26.685556,Turkey,TR,Çanakkale,minor,,
Dodurga,40.854889,34.807028,Turkey,TR,Çorum,minor,,
Palu,38.691354,39.919842,Turkey,TR,Elazığ,minor,,
Ereğli,41.282615,31.418056,Turkey,TR,Zonguldak,minor,,
Karacaköy,41.151256,29.769348,Turkey,TR,İstanbul,minor,,
Düziçi,37.242164,36.454844,Turkey,TR,Osmaniye,minor,,
Gökoğlan,39.546481,41.304024,Turkey,TR,Erzurum,minor,,
Yoğuntaş,41.83081,27.069712,Turkey,TR,Kırklareli,minor,,
Çal,38.083611,29.398889,Turkey,TR,Denizli,minor,,
Bahçe,37.20112,36.577528,Turkey,TR,Osmaniye,minor,,
Çermik,38.135384,39.445003,Turkey,TR,Diyarbakır,minor,,
Ulus,41.584167,32.641389,Turkey,TR,Bartın,minor,,
Aralık,39.872778,44.519167,Turkey,TR,Adıyaman,minor,,
Veliköy,41.306102,42.431876,Turkey,TR,Artvin,minor,,
Aslanapa,39.215811,29.869904,Turkey,TR,Kütahya,minor,,
Doğruyol,40.979856,43.470983,Turkey,TR,Kars,minor,,
Doğubayazıt,39.546944,44.084167,Turkey,TR,Ağrı,minor,,
Çakırlar,36.871448,30.562076,Turkey,TR,Antalya,minor,,
Kurtkale,41.265458,43.125798,Turkey,TR,Ardahan,minor,,
Talas,38.690805,35.553801,Turkey,TR,Kayseri,minor,,
Türkeli,41.947644,34.338614,Turkey,TR,Sinop,minor,,
Digor,40.36896,43.409971,Turkey,TR,Kars,minor,,
Nilüfer,40.284297,28.950403,Turkey,TR,Bursa,minor,,
Banarlı,41.067024,27.335754,Turkey,TR,Tekirdağ,minor,,
Banaz,38.737069,29.75194,Turkey,TR,Uşak,minor,,
Yerköy,39.638056,34.467222,Turkey,TR,Yozgat,minor,,
Yerkesik,37.136247,28.284028,Turkey,TR,Muğla,minor,,
Söğütpınar,40.337873,28.649449,Turkey,TR,Bursa,minor,,
Büyükköy,41.014889,40.67302,Turkey,TR,Rize,minor,,
Laçin,40.774859,34.880685,Turkey,TR,Çorum,minor,,
Boğazkale,40.021906,34.609471,Turkey,TR,Çorum,minor,,
Boğazlıyan,39.188775,35.245373,Turkey,TR,Yozgat,minor,,
Kurşunlu,40.841007,33.260278,Turkey,TR,Çankırı,minor,,
Bünyan,38.846296,35.860325,Turkey,TR,Kayseri,minor,,
Çay,38.591667,31.028611,Turkey,TR,Afyonkarahisar,minor,,
Hamidiye,41.151281,26.664106,Turkey,TR,Edirne,minor,,
Karaköy,39.115694,41.637035,Turkey,TR,Muş,minor,,
Derbent,38.014224,32.016389,Turkey,TR,Konya,minor,,
Göldüzü,38.813346,43.019037,Turkey,TR,Bitlis,minor,,
Göle,40.787464,42.606028,Turkey,TR,Ardahan,minor,,
Kurthasanlı,38.326111,32.175278,Turkey,TR,Konya,minor,,
Kozcağız,41.483333,32.333333,Turkey,TR,Bartın,minor,,
Kozluk,38.191184,41.477754,Turkey,TR,Batman,minor,,
Kartal,40.901929,29.173745,Turkey,TR,İstanbul,minor,,
Aliağa,38.79975,26.972026,Turkey,TR,İzmir,minor,,
Ayancık,41.944722,34.586111,Turkey,TR,Sinop,minor,,
Ulubey,38.419871,29.29129,Turkey,TR,Uşak,minor,,
Düvertepe,39.237344,28.440007,Turkey,TR,Balıkesir,minor,,
Sarıyahşi,38.983491,33.841355,Turkey,TR,Aksaray,minor,,
Eymir,40.019273,35.20788,Turkey,TR,Yozgat,minor,,
Çamlıbel,40.086389,36.477222,Turkey,TR,Tokat,minor,,
Kale,38.415382,38.770915,Turkey,TR,Malatya,minor,,
Göksun,38.020959,36.497303,Turkey,TR,Kahramanmaraş,minor,,
Kaymaz,39.516667,31.179722,Turkey,TR,Eskişehir,minor,,
Dağyolu,39.538455,39.90765,Turkey,TR,Tunceli,minor,,
Çukurca,37.248056,43.613611,Turkey,TR,Hakkâri,minor,,
Yeşilli,37.338129,40.817393,Turkey,TR,Mardin,minor,,
Başçiftlik,40.546944,37.169167,Turkey,TR,Tokat,minor,,
Bozkurt,41.957691,34.010865,Turkey,TR,Kastamonu,minor,,
Veliköy,41.315278,42.4325,Turkey,TR,Artvin,minor,,
Toklar,38.418056,36.015,Turkey,TR,Kayseri,minor,,
Yavu,39.792021,36.206028,Turkey,TR,Sivas,minor,,
Bağgöze,37.712612,41.915404,Turkey,TR,Siirt,minor,,
Çilimli,40.893611,31.049167,Turkey,TR,Düzce,minor,,
Umurbey,40.233726,26.606319,Turkey,TR,Çanakkale,minor,,
Atça,37.885833,28.215556,Turkey,TR,Aydın,minor,,
Büyükderbent,40.707526,30.114339,Turkey,TR,Kocaeli,minor,,
Atburgazı,37.636389,27.246111,Turkey,TR,Aydın,minor,,
Yenifoça,38.739924,26.83731,Turkey,TR,İzmir,minor,,
Yenifakılı,39.211421,35.000357,Turkey,TR,Yozgat,minor,,
Güçlükonak,37.469568,41.905931,Turkey,TR,Şırnak,minor,,
Gücük,38.193603,37.481201,Turkey,TR,Kahramanmaraş,minor,,
Maden,40.181389,40.404167,Turkey,TR,Bayburt,minor,,
Demre,36.244444,29.985,Turkey,TR,Antalya,minor,,
Dokurcun,40.573204,30.867838,Turkey,TR,Sakarya,minor,,
Tahir,39.85586,42.428343,Turkey,TR,Ağrı,minor,,
Derecik,40.945898,39.594006,Turkey,TR,Trabzon,minor,,
Kaman,39.3575,33.723889,Turkey,TR,Kırşehir,minor,,
Ortaköy,40.973049,30.676862,Turkey,TR,Sakarya,minor,,
Kuşkayası,39.060762,37.079287,Turkey,TR,Sivas,minor,,
Karataş,36.5624,35.381118,Turkey,TR,Adana,minor,,
Babadağ,37.807636,28.856651,Turkey,TR,Denizli,minor,,
Çifteler,39.383056,31.039167,Turkey,TR,Eskişehir,minor,,
Şahin,41.021667,26.8425,Turkey,TR,Tekirdağ,minor,,
Fevzipaşa,37.094183,36.637186,Turkey,TR,Gaziantep,minor,,
Seyhan,36.987474,35.305918,Turkey,TR,Adana,minor,,
Kaymas,40.9231,30.265969,Turkey,TR,Kocaeli,minor,,
Hasbek,39.549453,35.547721,Turkey,TR,Yozgat,minor,,
Akçaova,41.036602,29.901799,Turkey,TR,Kocaeli,minor,,
Kıyıköy,41.63476,28.094588,Turkey,TR,Kırklareli,minor,,
Yeniceoba,38.869722,32.788333,Turkey,TR,Konya,minor,,
Sütlüce,39.162285,39.543996,Turkey,TR,Tunceli,minor,,
Tepecikören,37.36135,35.626272,Turkey,TR,Adana,minor,,
Daday,41.478659,33.466667,Turkey,TR,Kastamonu,minor,,
Saraycık,40.950173,35.111649,Turkey,TR,Amasya,minor,,
Vize,41.5725,27.765833,Turkey,TR,Kırklareli,minor,,
Abana,41.978581,34.010996,Turkey,TR,Kastamonu,minor,,
Bornova,38.479213,27.239904,Turkey,TR,İzmir,minor,,
Ceylanpınar,36.847222,40.05,Turkey,TR,Şanlıurfa,minor,,
Kuzyaka,41.232001,33.722673,Turkey,TR,Kastamonu,minor,,
Çayırlı,39.807746,40.027998,Turkey,TR,Erzincan,minor,,
İncesu,38.622399,35.182607,Turkey,TR,Kayseri,minor,,
Doğançay,40.62647,30.335574,Turkey,TR,Sakarya,minor,,
Konakpınar,39.433887,27.83623,Turkey,TR,Balıkesir,minor,,
Hozat,39.100293,39.208157,Turkey,TR,Tunceli,minor,,
Altındağ,39.947676,32.863906,Turkey,TR,Ankara,minor,,
Altınekin,38.307778,32.868611,Turkey,TR,Konya,minor,,
Kızılağaç,38.780195,41.313854,Turkey,TR,Muş,minor,,
Yarhisar,40.216733,29.870875,Turkey,TR,Bilecik,minor,,
Tavas,37.573507,29.07058,Turkey,TR,Denizli,minor,,
Pendik,40.8775,29.272499,Turkey,TR,İstanbul,minor,,
Ahlat,38.748902,42.480065,Turkey,TR,Bitlis,minor,,
Uğurludağ,40.446315,34.452587,Turkey,TR,Çorum,minor,,
Bademli,38.081667,28.057778,Turkey,TR,İzmir,minor,,
Koçarlı,37.761133,27.705825,Turkey,TR,Aydın,minor,,
Kapaklı,41.329119,27.980637,Turkey,TR,Tekirdağ,minor,,
Camili,41.478376,41.898247,Turkey,TR,Artvin,minor,,
Günyüzü,39.383446,31.809949,Turkey,TR,Eskişehir,minor,,
Üçdam,39.563082,40.1757,Turkey,TR,Tunceli,minor,,
Tekke,40.715555,36.192474,Turkey,TR,Amasya,minor,,
Sarıbeyler,39.398333,27.577222,Turkey,TR,Balıkesir,minor,,
Devecikonağı,39.914865,28.561755,Turkey,TR,Bursa,minor,,
Güzelbağ,36.733627,31.898367,Turkey,TR,Antalya,minor,,
Karaşar,40.32573,31.986824,Turkey,TR,Ankara,minor,,
Akyazı,40.685,30.622222,Turkey,TR,Sakarya,minor,,
Suşehri,40.160051,38.084126,Turkey,TR,Sivas,minor,,
Çayırbaşı,40.877958,42.626501,Turkey,TR,Ardahan,minor,,
Toprakkale,37.068553,36.146611,Turkey,TR,Osmaniye,minor,,
Selimiye,37.400345,27.655428,Turkey,TR,Muğla,minor,,
Beşkonak,37.144444,31.199167,Turkey,TR,Antalya,minor,,
Büyükyurt,39.25042,39.86916,Turkey,TR,Tunceli,minor,,
Kınık,39.087222,27.383333,Turkey,TR,İzmir,minor,,
Darıca,40.020601,27.863739,Turkey,TR,Balıkesir,minor,,
Darıca,40.779726,29.394537,Turkey,TR,Kocaeli,minor,,
Şenyurt,40.426453,41.428264,Turkey,TR,Erzurum,minor,,
Musabeyli,36.886389,36.918611,Turkey,TR,Kilis,minor,,
Musabeyli,39.833056,34.623056,Turkey,TR,Yozgat,minor,,
Hacıbektaş,38.940774,34.557695,Turkey,TR,Nevşehir,minor,,
Turgutlu,38.495332,27.699697,Turkey,TR,Manisa,minor,,
Harmancık,39.676111,29.155278,Turkey,TR,Bursa,minor,,
Sütçüler,37.497371,30.977269,Turkey,TR,Isparta,minor,,
Karlıova,39.290443,41.005936,Turkey,TR,Bingöl,minor,,
Kiğı,39.313611,40.350278,Turkey,TR,Bingöl,minor,,
Ovacık,36.171323,33.555809,Turkey,TR,Mersin,minor,,
Saltukova,41.520224,32.096212,Turkey,TR,Zonguldak,minor,,
İnönü,39.815342,30.145489,Turkey,TR,Eskişehir,minor,,
Bulucan,39.7025,37.759722,Turkey,TR,Sivas,minor,,
Doğanbeyli,39.695166,39.034989,Turkey,TR,Erzincan,minor,,
Halkapınar,37.433936,34.187428,Turkey,TR,Konya,minor,,
Akçaova,37.502778,28.026667,Turkey,TR,Aydın,minor,,
Gedikler,39.082291,38.803458,Turkey,TR,Tunceli,minor,,
Bereketli,40.512732,37.288621,Turkey,TR,Tokat,minor,,
Çalı,40.168611,28.920833,Turkey,TR,Bursa,minor,,
Şaphane,39.027301,29.222182,Turkey,TR,Kütahya,minor,,
Çayıralan,39.302778,35.643889,Turkey,TR,Yozgat,minor,,
Armutlu,39.575505,38.427216,Turkey,TR,Erzincan,minor,,
Akçakoca,41.086627,31.116226,Turkey,TR,Düzce,minor,,
Hazar,38.387804,39.423646,Turkey,TR,Elazığ,minor,,
Kemalpaşa,41.478394,41.515041,Turkey,TR,Artvin,minor,,
Gemerek,39.183423,36.07189,Turkey,TR,Sivas,minor,,
Dereli,40.738896,38.443369,Turkey,TR,Giresun,minor,,
Gülpınar,39.532778,26.120556,Turkey,TR,Çanakkale,minor,,
Mürşitpınar,36.902999,38.347465,Turkey,TR,Şanlıurfa,minor,,
Mucur,39.061468,34.382856,Turkey,TR,Kırşehir,minor,,
Hereke,40.786111,29.614722,Turkey,TR,Kocaeli,minor,,
Sarıgöl,40.947452,41.494775,Turkey,TR,Artvin,minor,,
Uzundere,40.532176,41.538324,Turkey,TR,Erzurum,minor,,
Akçadağ,38.338988,37.970212,Turkey,TR,Malatya,minor,,
Gediksaray,40.445289,35.626266,Turkey,TR,Amasya,minor,,
Yağlıdere,40.856722,38.620346,Turkey,TR,Giresun,minor,,
Alaçatı,38.282457,26.374594,Turkey,TR,İzmir,minor,,
Gercüş,37.562493,41.377533,Turkey,TR,Batman,minor,,
Aşağı Irmaklar,41.182987,42.174431,Turkey,TR,Artvin,minor,,
Çeltik,39.024444,31.790556,Turkey,TR,Konya,minor,,
Elvanlı,36.704014,34.37374,Turkey,TR,Mersin,minor,,
Akdağ,40.712348,35.976051,Turkey,TR,Amasya,minor,,
Şenpazar,41.808904,33.231354,Turkey,TR,Kastamonu,minor,,
Şenyurt,37.079315,40.642463,Turkey,TR,Mardin,minor,,
Haydarlı,38.259722,30.385833,Turkey,TR,Afyonkarahisar,minor,,
Doğanşar,40.208409,37.531227,Turkey,TR,Sivas,minor,,
Doğanşehir,38.085742,37.871156,Turkey,TR,Malatya,minor,,
Doğansu,39.132482,42.732494,Turkey,TR,Ağrı,minor,,
Güzelyurt,38.277222,34.371944,Turkey,TR,Aksaray,minor,,
Ortaköy,39.42153,36.234027,Turkey,TR,Sivas,minor,,
Gölyaka,40.7769,30.995869,Turkey,TR,Düzce,minor,,
Hüyük,37.953881,31.596387,Turkey,TR,Konya,minor,,
İdil,37.334815,41.889443,Turkey,TR,Şırnak,minor,,
Aksu,36.953889,30.847778,Turkey,TR,Antalya,minor,,
Türkoğlu,37.386488,36.842617,Turkey,TR,Kahramanmaraş,minor,,
Taşlıçay,39.629656,43.368776,Turkey,TR,Ağrı,minor,,
Kemaliye,39.262882,38.49674,Turkey,TR,Erzincan,minor,,
Bağkonak,38.2175,31.272222,Turkey,TR,Isparta,minor,,
Cemilbey,40.345289,35.051355,Turkey,TR,Çorum,minor,,
Çemişgezek,39.055387,38.907544,Turkey,TR,Tunceli,minor,,
Beypınarı,39.506404,37.706905,Turkey,TR,Sivas,minor,,
Yakakent,41.6325,35.528889,Turkey,TR,Samsun,minor,,
Kabalı,41.852105,35.062489,Turkey,TR,Sinop,minor,,
Küçük Yerlisu,40.724877,26.730977,Turkey,TR,Edirne,minor,,
Savcılı,39.228889,33.681389,Turkey,TR,Kırşehir,minor,,
Kayacık,38.341422,40.613359,Turkey,TR,Diyarbakır,minor,,
Hendek,40.799444,30.748056,Turkey,TR,Sakarya,minor,,
Taraksu,38.154158,39.148373,Turkey,TR,Adıyaman,minor,,
Buğdaylı,40.218889,27.770556,Turkey,TR,Balıkesir,minor,,
Meriç,41.191829,26.420969,Turkey,TR,Edirne,minor,,
Kiraz,38.230556,28.204444,Turkey,TR,İzmir,minor,,
Hamamözü,40.784761,35.025804,Turkey,TR,Amasya,minor,,
Gölcük,39.313093,27.983191,Turkey,TR,Balıkesir,minor,,
İshaklı,38.199722,30.013333,Turkey,TR,Denizli,minor,,
Mustafakemalpaşa,40.038152,28.40866,Turkey,TR,Bursa,minor,,
İliç,39.451057,38.558362,Turkey,TR,Erzincan,minor,,
İhsaniye,39.029162,30.416389,Turkey,TR,Afyonkarahisar,minor,,
Menderes,38.249627,27.134289,Turkey,TR,İzmir,minor,,
Kızılırmak,40.345556,33.986389,Turkey,TR,Çankırı,minor,,
Hasköy,41.63822,26.857455,Turkey,TR,Edirne,minor,,
Diyadin,39.540556,43.671349,Turkey,TR,Ağrı,minor,,
Balaban,38.461057,37.578809,Turkey,TR,Malatya,minor,,
Ayaş,40.015431,32.33249,Turkey,TR,Ankara,minor,,
Çanakçı,40.911395,38.988126,Turkey,TR,Giresun,minor,,
Ulaş,39.444915,37.038996,Turkey,TR,Sivas,minor,,
Yarma,37.811487,32.882779,Turkey,TR,Konya,minor,,
Şiran,40.190641,39.117473,Turkey,TR,Gümüşhane,minor,,
Sivrice,38.442234,39.309379,Turkey,TR,Elazığ,minor,,
Yenişarbademli,37.707778,31.386389,Turkey,TR,Isparta,minor,,
Aksu,37.798889,31.071111,Turkey,TR,Isparta,minor,,
Uzungöl,40.61594,40.288527,Turkey,TR,Trabzon,minor,,
Çamlıyayla,37.166524,34.592956,Turkey,TR,Mersin,minor,,
Kumluca,41.447244,32.467586,Turkey,TR,Bartın,minor,,
Korucu,39.470278,27.365278,Turkey,TR,Balıkesir,minor,,
Özonak,38.81213,34.840964,Turkey,TR,Nevşehir,minor,,
Erçek,38.651065,43.644008,Turkey,TR,Van,minor,,
Erciş,39.025866,43.359644,Turkey,TR,Van,minor,,
Tercan,39.777091,40.377829,Turkey,TR,Erzincan,minor,,
Karapınar,37.715958,33.550643,Turkey,TR,Konya,minor,,
Adilcevaz,38.799106,42.731588,Turkey,TR,Bitlis,minor,,
Yeşildere,37.156683,33.51447,Turkey,TR,Karaman,minor,,
Taşdelen,38.838105,38.504568,Turkey,TR,Malatya,minor,,
Ovacık,39.352592,39.208903,Turkey,TR,Tunceli,minor,,
Köprübaşı,41.047543,35.51687,Turkey,TR,Samsun,minor,,
Kuyucak,37.863056,38.343651,Turkey,TR,Adıyaman,minor,,
Çıldır,41.121413,43.129903,Turkey,TR,Ardahan,minor,,
Esendere,37.711441,44.60099,Turkey,TR,Hakkâri,minor,,
Çöpköy,41.219722,26.822778,Turkey,TR,Edirne,minor,,
Kırkağaç,39.106377,27.669254,Turkey,TR,Manisa,minor,,
Kırık,40.327941,40.918631,Turkey,TR,Erzurum,minor,,
Küçükçekmece,40.996044,28.774839,Turkey,TR,İstanbul,minor,,
Ardanuç,41.11703,42.058174,Turkey,TR,Artvin,minor,,
Tanyeri,39.611372,39.831513,Turkey,TR,Erzincan,minor,,
Gediz,38.993894,29.391306,Turkey,TR,Kütahya,minor,,
Gökçeören,38.575278,28.488889,Turkey,TR,Manisa,minor,,
İslahiye,37.025,36.630556,Turkey,TR,Gaziantep,minor,,
Samandıra,40.998995,29.22565,Turkey,TR,İstanbul,minor,,
Tire,38.088769,27.73508,Turkey,TR,İzmir,minor,,
Tirebolu,41.006944,38.813889,Turkey,TR,Giresun,minor,,
Tekkeköy,41.211667,36.46,Turkey,TR,Samsun,minor,,
Solhan,38.965247,41.054433,Turkey,TR,Bingöl,minor,,
Keşap,40.910317,38.501303,Turkey,TR,Giresun,minor,,
Keşan,40.855833,26.630278,Turkey,TR,Edirne,minor,,
Doğankent,40.803258,38.905163,Turkey,TR,Giresun,minor,,
Akhisar,38.918524,27.840065,Turkey,TR,Manisa,minor,,
Sarıoğlan,39.076941,35.966714,Turkey,TR,Kayseri,minor,,
Buharkent,37.963965,28.7427,Turkey,TR,Aydın,minor,,
Burhaniye,39.500407,26.972693,Turkey,TR,Balıkesir,minor,,
Çatalçam,39.974375,38.847767,Turkey,TR,Erzincan,minor,,
Çatalca,41.142019,28.463817,Turkey,TR,İstanbul,minor,,
Gümüşova,40.846944,30.941111,Turkey,TR,Düzce,minor,,
Çardak,38.091709,36.823559,Turkey,TR,Kahramanmaraş,minor,,
Çardak,37.826944,29.668333,Turkey,TR,Denizli,minor,,
Şevketiye,40.093472,27.846668,Turkey,TR,Balıkesir,minor,,
Dorutay,38.799387,44.067255,Turkey,TR,Van,minor,,
Dağbaşı,37.898252,39.333659,Turkey,TR,Şanlıurfa,minor,,
Dağardı,39.430805,28.995583,Turkey,TR,Kütahya,minor,,
Değirmendere,40.72,29.780833,Turkey,TR,Kocaeli,minor,,
Yoncalı,39.009128,38.253199,Turkey,TR,Malatya,minor,,
Köprülü,36.732304,32.18497,Turkey,TR,Antalya,minor,,
Köprüköy,39.965996,41.868443,Turkey,TR,Erzurum,minor,,
Oğuz,37.814872,41.374249,Turkey,TR,Batman,minor,,
Pınarbaşı,38.722848,36.393136,Turkey,TR,Kayseri,minor,,
Edincik,40.342292,27.861286,Turkey,TR,Balıkesir,minor,,
Uludere,37.440736,42.852362,Turkey,TR,Şırnak,minor,,
Göllü,39.449898,34.300109,Turkey,TR,Kırşehir,minor,,
Yüksekova,37.573624,44.287159,Turkey,TR,Hakkâri,minor,,
Edremit,38.420694,43.258886,Turkey,TR,Van,minor,,
Çamlıdere,37.154397,39.066965,Turkey,TR,Şanlıurfa,minor,,
Tuzluca,40.03871,43.652081,Turkey,TR,Iğdır,minor,,
Çetinkaya,39.261782,37.626028,Turkey,TR,Sivas,minor,,
Üsküp,41.735833,27.405278,Turkey,TR,Kırklareli,minor,,
Sarıçam,37.151721,35.507691,Turkey,TR,Adana,minor,,
Göbel,40.019722,28.145556,Turkey,TR,Balıkesir,minor,,
Menemen,38.607536,27.069382,Turkey,TR,İzmir,minor,,
Küre,41.805779,33.711611,Turkey,TR,Kastamonu,minor,,
Altınova,39.217304,26.790076,Turkey,TR,Balıkesir,minor,,
Doğanpınar,36.843211,37.617592,Turkey,TR,Gaziantep,minor,,
Horasan,40.038847,42.163661,Turkey,TR,Erzurum,minor,,
Tomarza,38.447222,35.799167,Turkey,TR,Kayseri,minor,,
Umraniye,39.175,31.234444,Turkey,TR,Afyonkarahisar,minor,,
Çaylarbaşı,37.700104,39.009654,Turkey,TR,Şanlıurfa,minor,,
Cizre,37.327446,42.178539,Turkey,TR,Şırnak,minor,,
Gözne,36.995278,34.573056,Turkey,TR,Mersin,minor,,
Manavgat,36.786667,31.443056,Turkey,TR,Antalya,minor,,
Kağızman,40.13924,43.110164,Turkey,TR,Kars,minor,,
Çerkezköy,41.285,28.000278,Turkey,TR,Tekirdağ,minor,,
Emirdağ,39.019722,31.15,Turkey,TR,Afyonkarahisar,minor,,
Develi,38.390556,35.492222,Turkey,TR,Kayseri,minor,,
Finike,36.295,30.140556,Turkey,TR,Antalya,minor,,
Torbalı,38.159182,27.357213,Turkey,TR,İzmir,minor,,
Narlıdere,38.226799,41.890142,Turkey,TR,Bitlis,minor,,
Akziyaret,37.353282,38.796093,Turkey,TR,Şanlıurfa,minor,,
Karaburun,38.636396,26.510942,Turkey,TR,İzmir,minor,,
Balya,39.748611,27.578889,Turkey,TR,Balıkesir,minor,,
Bağışlı,37.717695,44.035601,Turkey,TR,Hakkâri,minor,,
Kalkandere,40.920458,40.436924,Turkey,TR,Rize,minor,,
Aktuzla,39.33012,42.285327,Turkey,TR,Muş,minor,,
Yenimehmetli,39.42,32.168889,Turkey,TR,Ankara,minor,,
Çandır,39.244461,35.51396,Turkey,TR,Yozgat,minor,,
Kayapınar,37.557622,41.162309,Turkey,TR,Batman,minor,,
Mahmutbey,41.053611,28.825556,Turkey,TR,İstanbul,minor,,
Osmanpaşa,39.624722,34.964722,Turkey,TR,Yozgat,minor,,
Büyükkarıştıran,41.300278,27.545278,Turkey,TR,Kırklareli,minor,,
Selçuk,37.948564,27.372747,Turkey,TR,İzmir,minor,,
Bölükyazı,38.32748,42.174483,Turkey,TR,Bitlis,minor,,
Taflan,41.409444,36.128889,Turkey,TR,Samsun,minor,,
Dicle,37.288695,42.067213,Turkey,TR,Şırnak,minor,,
Bucak,37.459167,30.595,Turkey,TR,Burdur,minor,,
Buca,38.3983,27.166617,Turkey,TR,İzmir,minor,,
Harbiye,36.136849,36.132925,Turkey,TR,Hatay,minor,,
Suvarlı,37.538674,37.632101,Turkey,TR,Adıyaman,minor,,
Gölcük,40.715012,29.818241,Turkey,TR,Kocaeli,minor,,
Boyalı,41.027097,33.304096,Turkey,TR,Kastamonu,minor,,
Gelendost,38.120833,31.015278,Turkey,TR,Isparta,minor,,
Karamürsel,40.691437,29.615681,Turkey,TR,Kocaeli,minor,,
Bergama,39.119323,27.179971,Turkey,TR,İzmir,minor,,
Başmakçı,37.897222,30.011667,Turkey,TR,Afyonkarahisar,minor,,
Şereflikoçhisar,38.945099,33.542998,Turkey,TR,Ankara,minor,,
Çırçır,40.055,36.775,Turkey,TR,Sivas,minor,,
Hatip,37.754474,32.422196,Turkey,TR,Konya,minor,,
Doğankent,40.8075,38.917222,Turkey,TR,Giresun,minor,,
Doğankent,36.844316,35.343964,Turkey,TR,Adana,minor,,
Dalaman,36.765908,28.802805,Turkey,TR,Muğla,minor,,
Göynük,39.13947,40.87438,Turkey,TR,Bingöl,minor,,
Göynük,40.400278,30.788333,Turkey,TR,Bolu,minor,,
Gülşehir,38.745936,34.625237,Turkey,TR,Nevşehir,minor,,
Yıldırım,40.211211,29.139064,Turkey,TR,Bursa,minor,,
Karahasanlı,39.296931,34.721591,Turkey,TR,Nevşehir,minor,,
Beyşehir,37.677348,31.724577,Turkey,TR,Konya,minor,,
Taşucu,36.321404,33.881651,Turkey,TR,Mersin,minor,,
Kocaköy,38.288885,40.497861,Turkey,TR,Diyarbakır,minor,,
Balıklıçeşme,40.31029,27.081715,Turkey,TR,Çanakkale,minor,,
Yağmurdere,40.574866,39.862436,Turkey,TR,Gümüşhane,minor,,
Karacaoğlan,41.534727,27.076299,Turkey,TR,Kırklareli,minor,,
Çırpı,38.164444,27.4975,Turkey,TR,İzmir,minor,,
Ezine,39.785606,26.340826,Turkey,TR,Çanakkale,minor,,
Havsa,41.548977,26.822067,Turkey,TR,Edirne,minor,,
Çamaş,40.901998,37.52786,Turkey,TR,Ordu,minor,,
Çamardı,37.832222,34.981389,Turkey,TR,Niğde,minor,,
Akdağmadeni,39.660278,35.883611,Turkey,TR,Yozgat,minor,,
Koyulhisar,40.301836,37.823357,Turkey,TR,Sivas,minor,,
Hayrabolu,41.213112,27.106876,Turkey,TR,Tekirdağ,minor,,
Haymana,39.432116,32.497315,Turkey,TR,Ankara,minor,,
Sur,37.913511,40.228586,Turkey,TR,Diyarbakır,minor,,
Hemşin,41.047771,40.898402,Turkey,TR,Rize,minor,,
Gölpazarı,40.284722,30.317222,Turkey,TR,Bilecik,minor,,
Taraklı,40.396944,30.492778,Turkey,TR,Sakarya,minor,,
Taraksu,38.016667,39.083333,Turkey,TR,Adıyaman,minor,,
Kaş,36.201758,29.637665,Turkey,TR,Antalya,minor,,
Orhangazi,40.489167,29.308889,Turkey,TR,Bursa,minor,,
Yaygın,38.897475,41.306127,Turkey,TR,Muş,minor,,
Akpınar,39.45005,33.964843,Turkey,TR,Kırşehir,minor,,
Yakutiye,39.89821,41.26916,Turkey,TR,Erzurum,minor,,
Palandöken,39.888978,41.28055,Turkey,TR,Erzurum,minor,,
Kazımkarabekir,39.915985,41.281446,Turkey,TR,Erzurum,minor,,
Espiye,40.947045,38.702992,Turkey,TR,Giresun,minor,,
Bayramören,40.94329,33.202998,Turkey,TR,Çankırı,minor,,
Uzunköprü,41.265975,26.688496,Turkey,TR,Edirne,minor,,
Elbistan,38.205909,37.198295,Turkey,TR,Kahramanmaraş,minor,,
Elbeyli,36.674167,37.466666,Turkey,TR,Kilis,minor,,
Kuyucak,37.913303,28.459167,Turkey,TR,Aydın,minor,,
Dilektepe,38.075167,41.827172,Turkey,TR,Siirt,minor,,
İğdir,41.226171,33.136988,Turkey,TR,Kastamonu,minor,,
Aşağıpınarbaşı,38.038333,32.600833,Turkey,TR,Konya,minor,,
Arifiye,40.700356,30.350765,Turkey,TR,Sakarya,minor,,
Ovakışla,38.817332,42.316433,Turkey,TR,Bitlis,minor,,
Yarpuzlu,38.05414,38.521296,Turkey,TR,Adıyaman,minor,,
Yarpuz,37.048239,36.430659,Turkey,TR,Osmaniye,minor,,
Beyağaç,37.23526,28.896121,Turkey,TR,Denizli,minor,,
Çine,37.611667,28.061389,Turkey,TR,Aydın,minor,,
Sinekli,41.22798,28.190432,Turkey,TR,İstanbul,minor,,
Çat,39.606411,40.968439,Turkey,TR,Erzurum,minor,,
Borçka,41.357918,41.665786,Turkey,TR,Artvin,minor,,
Piraziz,40.952992,38.108899,Turkey,TR,Ordu,minor,,
Suluçem,39.693858,43.81472,Turkey,TR,Ağrı,minor,,
Lâlapaşa,41.839512,26.73561,Turkey,TR,Edirne,minor,,
Zeytinbağı,40.390833,28.796389,Turkey,TR,Bursa,minor,,
Levent,38.43704,37.854249,Turkey,TR,Malatya,minor,,
Hani,38.407413,40.385783,Turkey,TR,Diyarbakır,minor,,
Perşembe,41.065556,37.771389,Turkey,TR,Ordu,minor,,
Erdemli,36.604981,34.308359,Turkey,TR,Mersin,minor,,
Tillo,37.944927,42.007171,Turkey,TR,Siirt,minor,,
Örencik,39.2625,29.543889,Turkey,TR,Kütahya,minor,,
Armutlu,40.519444,28.828056,Turkey,TR,Yalova,minor,,
Yenice,39.930833,27.258056,Turkey,TR,Çanakkale,minor,,
Boztepe,39.269722,34.261111,Turkey,TR,Kırşehir,minor,,
Avanos,38.715,34.846667,Turkey,TR,Nevşehir,minor,,
Keçiören,40.006708,32.856248,Turkey,TR,Ankara,minor,,
Kürecik,38.336755,37.741417,Turkey,TR,Kahramanmaraş,minor,,
Tonya,40.884019,39.284857,Turkey,TR,Trabzon,minor,,
Eşen,36.454797,29.281541,Turkey,TR,Muğla,minor,,
Ortyakent Yahşi,37.049444,27.348333,Turkey,TR,Muğla,minor,,
Mihalıçcık,39.865944,31.495722,Turkey,TR,Eskişehir,minor,,
Mihalgazi,40.026207,30.577073,Turkey,TR,Eskişehir,minor,,
Gündoğdu,41.053192,40.606639,Turkey,TR,Rize,minor,,
Gündoğmuş,36.813387,31.99971,Turkey,TR,Antalya,minor,,
Posof,41.511111,42.729167,Turkey,TR,Ardahan,minor,,
Pülümür,39.48449,39.895321,Turkey,TR,Tunceli,minor,,
Karakasım,41.517175,26.643805,Turkey,TR,Edirne,minor,,
Kuluncak,38.876555,37.662787,Turkey,TR,Malatya,minor,,
Turgut,38.626944,31.810833,Turkey,TR,Konya,minor,,
Of,40.940552,40.259179,Turkey,TR,Trabzon,minor,,
Kemalpaşa,38.426206,27.41731,Turkey,TR,İzmir,minor,,
Kabadüz,40.860963,37.884705,Turkey,TR,Ordu,minor,,
Şile,41.175403,29.61333,Turkey,TR,İstanbul,minor,,
Refahiye,39.893152,38.766072,Turkey,TR,Erzincan,minor,,
Baskil,38.568664,38.816343,Turkey,TR,Elazığ,minor,,
Vakfıkebir,41.045833,39.276389,Turkey,TR,Trabzon,minor,,
Cide,41.89211,33.004389,Turkey,TR,Kastamonu,minor,,
Akıncı,37.166431,40.847057,Turkey,TR,Mardin,minor,,
Çatalarmut,39.802862,39.315389,Turkey,TR,Erzincan,minor,,
Cihanbeyli,38.660721,32.924367,Turkey,TR,Konya,minor,,
Geriş,36.9625,31.733056,Turkey,TR,Antalya,minor,,
Kepsut,39.688889,28.152222,Turkey,TR,Balıkesir,minor,,
Gökçedağ,39.558318,28.91911,Turkey,TR,Balıkesir,minor,,
Gökçebey,41.305834,32.142335,Turkey,TR,Zonguldak,minor,,
Köprübaşı,38.749722,28.404722,Turkey,TR,Manisa,minor,,
Köprübaşı,40.806923,40.11439,Turkey,TR,Trabzon,minor,,
Kışlak,35.967502,36.15749,Turkey,TR,Hatay,minor,,
Kozan,37.455167,35.81573,Turkey,TR,Adana,minor,,
Karpuzlu,37.558611,27.835277,Turkey,TR,Aydın,minor,,
Belen,36.488659,36.194891,Turkey,TR,Hatay,minor,,
Yenipazar,40.178333,30.52,Turkey,TR,Bilecik,minor,,
Yenipazar,37.824193,28.197169,Turkey,TR,Aydın,minor,,
Yenipazar,39.463611,35.083056,Turkey,TR,Yozgat,minor,,
Kaptanpaşa,40.960672,40.782377,Turkey,TR,Rize,minor,,
Yeniköy,39.778739,28.002986,Turkey,TR,Balıkesir,minor,,
Yalıhüyük,37.300771,32.085479,Turkey,TR,Konya,minor,,
Eynesil,41.064359,39.14274,Turkey,TR,Giresun,minor,,
Evren,39.024023,33.806261,Turkey,TR,Ankara,minor,,
Derinkuyu,38.375101,34.734189,Turkey,TR,Nevşehir,minor,,
Halitpaşa,38.68541,27.678358,Turkey,TR,Manisa,minor,,
Havran,39.558333,27.098333,Turkey,TR,Balıkesir,minor,,
Sakçagöz,37.171518,36.916317,Turkey,TR,Gaziantep,minor,,
Kaymakçı,38.167778,28.115278,Turkey,TR,İzmir,minor,,
İçme,38.612568,39.551305,Turkey,TR,Elazığ,minor,,
Akşehir,38.3575,31.416389,Turkey,TR,Konya,minor,,
Yusufeli,40.820424,41.537431,Turkey,TR,Artvin,minor,,
Afyonkarahisar,38.756667,30.543333,Turkey,TR,Afyonkarahisar,admin,,
Afşin,38.247693,36.91399,Turkey,TR,Kahramanmaraş,minor,,
Altınyaka,36.558611,30.348333,Turkey,TR,Antalya,minor,,
Altınyayla,39.272494,36.750984,Turkey,TR,Sivas,minor,,
Altınyayla,36.997217,29.545787,Turkey,TR,Burdur,minor,,
Sungurlu,40.1675,34.373889,Turkey,TR,Çorum,minor,,
Otlukbeli,39.969998,40.018715,Turkey,TR,Erzincan,minor,,
Bozkır,37.189631,32.247359,Turkey,TR,Konya,minor,,
Ahırlı,37.238742,32.118812,Turkey,TR,Konya,minor,,
Nurhak,37.963662,37.440474,Turkey,TR,Kahramanmaraş,minor,,
Nurettin,39.228832,42.418316,Turkey,TR,Muş,minor,,
Nurettin,39.281038,42.507463,Turkey,TR,Muş,minor,,
Kuruçay,39.640241,38.474216,Turkey,TR,Erzincan,minor,,
Sincan,39.972301,32.584142,Turkey,TR,Ankara,minor,,
Sincan,39.471667,37.870833,Turkey,TR,Sivas,minor,,
Battalgazi,38.422862,38.358498,Turkey,TR,Malatya,minor,,
Güvenç,36.685383,36.423115,Turkey,TR,Hatay,minor,,
Çelikhan,38.025598,38.236653,Turkey,TR,Adıyaman,minor,,
Kırıkhan,36.499389,36.357553,Turkey,TR,Hatay,minor,,
Köse,40.206915,39.646256,Turkey,TR,Gümüşhane,minor,,
Gökçekent,40.286438,38.117713,Turkey,TR,Sivas,minor,,
Pazarören,38.673889,36.159444,Turkey,TR,Kayseri,minor,,
Pazarköy,40.925546,32.180704,Turkey,TR,Bolu,minor,,
Pazarlar,38.995,29.125833,Turkey,TR,Kütahya,minor,,
Pazarköy,39.853203,27.402992,Turkey,TR,Çanakkale,minor,,
Fındıklı,41.268997,41.140016,Turkey,TR,Rize,minor,,
Narince,37.88253,38.759196,Turkey,TR,Adıyaman,minor,,
Çobanlar,38.701389,30.782778,Turkey,TR,Afyonkarahisar,minor,,
Etili,39.985556,26.896667,Turkey,TR,Çanakkale,minor,,
Kazımkarabekir,37.230278,32.958889,Turkey,TR,Karaman,minor,,
Güzelsu,36.894722,31.856389,Turkey,TR,Antalya,minor,,
Güzelsu,38.310325,43.79906,Turkey,TR,Van,minor,,
Kızılcahamam,40.469722,32.650556,Turkey,TR,Ankara,minor,,
Kale,40.386882,39.683316,Turkey,TR,Gümüşhane,minor,,
Kırkgeçit,38.135582,43.493869,Turkey,TR,Van,minor,,
Yüreğir,36.97439,35.359157,Turkey,TR,Adana,minor,,
Malkara,40.89,26.901111,Turkey,TR,Tekirdağ,minor,,
Özalp,38.654553,43.988693,Turkey,TR,Van,minor,,
Boğaziçi,38.034722,27.559444,Turkey,TR,İzmir,minor,,
Mersin,36.800392,34.612812,Turkey,TR,Mersin,admin,,
Selendi,38.744444,28.867778,Turkey,TR,Manisa,minor,,
Durağan,41.415833,35.054444,Turkey,TR,Sinop,minor,,
Sultanhanı,38.2471,33.549613,Turkey,TR,Aksaray,minor,,
Sultandağı,38.531111,31.228056,Turkey,TR,Afyonkarahisar,minor,,
Ilgın,38.279167,31.913889,Turkey,TR,Konya,minor,,
Ilgaz,40.925112,33.625857,Turkey,TR,Çankırı,minor,,
Narlı,37.884494,42.975969,Turkey,TR,Siirt,minor,,
Yanarsu,38.036411,41.552274,Turkey,TR,Siirt,minor,,
Karakeçi,37.452342,39.442846,Turkey,TR,Şanlıurfa,minor,,
Karakeçili,39.594167,33.377778,Turkey,TR,Kırıkkale,minor,,
Karayün,39.681944,37.305278,Turkey,TR,Sivas,minor,,
Hekimhan,38.816222,37.928822,Turkey,TR,Malatya,minor,,
Hekimdağ,39.909038,30.564597,Turkey,TR,Eskişehir,minor,,
Güzelkent,41.94843,34.394503,Turkey,TR,Sinop,minor,,
Geçitli,37.58669,43.561626,Turkey,TR,Hakkâri,minor,,
Saimbeyli,37.986318,36.090555,Turkey,TR,Adana,minor,,
Gönen,40.104901,27.653991,Turkey,TR,Balıkesir,minor,,
Gönen,37.956387,30.511403,Turkey,TR,Isparta,minor,,
Bolvadin,38.711111,31.048611,Turkey,TR,Afyonkarahisar,minor,,
Akmeşe,40.849292,30.198217,Turkey,TR,Kocaeli,minor,,
Çayırkent,41.171281,36.328826,Turkey,TR,Samsun,minor,,
Çiçekdağı,39.606944,34.408611,Turkey,TR,Kırşehir,minor,,
Çamlıkaya,40.639102,41.152178,Turkey,TR,Erzurum,minor,,
Cevizli,37.196944,31.763333,Turkey,TR,Antalya,minor,,
Çayırhan,40.098056,31.673191,Turkey,TR,Ankara,minor,,
Çaykara,40.742674,40.231752,Turkey,TR,Trabzon,minor,,
Hassa,36.799444,36.517778,Turkey,TR,Hatay,minor,,
Ortaca,36.839147,28.764567,Turkey,TR,Muğla,minor,,
Hasanbeyli,37.128379,36.546085,Turkey,TR,Osmaniye,minor,,
Ilıcalar,38.980338,40.673936,Turkey,TR,Bingöl,minor,,
Gümüş,40.840185,35.171947,Turkey,TR,Amasya,minor,,
Germencik,37.870556,27.60283,Turkey,TR,Aydın,minor,,
Akpazar,38.846255,39.668332,Turkey,TR,Tunceli,minor,,
Taşova,40.759722,36.3225,Turkey,TR,Amasya,minor,,
Taşpınar,38.179626,34.024988,Turkey,TR,Aksaray,minor,,
Bodrum,37.038333,27.429167,Turkey,TR,Muğla,minor,,
Turanlı,39.276823,27.324601,Turkey,TR,İzmir,minor,,
Karaçoban,39.343643,42.09918,Turkey,TR,Erzurum,minor,,
Tuzla,36.700737,35.087263,Turkey,TR,Adana,minor,,
Hafik,39.856389,37.386389,Turkey,TR,Sivas,minor,,
Saray,38.646906,44.161161,Turkey,TR,Van,minor,,
Kazancı,36.501882,32.86128,Turkey,TR,Karaman,minor,,
Kazan,40.231667,32.683889,Turkey,TR,Ankara,minor,,
Sandıklı,38.464717,30.269458,Turkey,TR,Afyonkarahisar,minor,,
Akyurt,40.131334,33.090673,Turkey,TR,Ankara,minor,,
Sürmene,40.905879,40.127922,Turkey,TR,Trabzon,minor,,
Öğdem,40.917285,41.63612,Turkey,TR,Artvin,minor,,
Orhaneli,39.903333,28.990556,Turkey,TR,Bursa,minor,,
Bayat,38.983056,30.924722,Turkey,TR,Afyonkarahisar,minor,,
Beşpınar,37.837086,41.602193,Turkey,TR,Batman,minor,,
Kabataş,40.75,37.45,Turkey,TR,Ordu,minor,,
Yenişehir,37.941459,40.138013,Turkey,TR,Diyarbakır,minor,,
Yeniçağa,40.771147,32.03375,Turkey,TR,Bolu,minor,,
Girmeli,37.111061,41.419599,Turkey,TR,Mardin,minor,,
Perşembe,41.418666,32.159838,Turkey,TR,Zonguldak,minor,,
Osmangazi,40.225902,29.04392,Turkey,TR,Bursa,minor,,
Kıbrıscık,40.407778,31.851944,Turkey,TR,Bolu,minor,,
Fethiye,36.640384,29.127583,Turkey,TR,Muğla,minor,,
Harmanlı,37.838116,37.744278,Turkey,TR,Adıyaman,minor,,
Demirtaş,40.271944,29.098333,Turkey,TR,Bursa,minor,,
Olur,40.821646,42.130554,Turkey,TR,Erzurum,minor,,
Altunhisar,37.991589,34.373336,Turkey,TR,Niğde,minor,,
Karacaören,39.730618,38.115266,Turkey,TR,Sivas,minor,,
Pamukören,37.923174,28.541746,Turkey,TR,Aydın,minor,,
Salmanlı,39.902222,34.254722,Turkey,TR,Yozgat,minor,,
Yığılca,40.959833,31.443555,Turkey,TR,Düzce,minor,,
Bozdoğan,37.671336,28.313954,Turkey,TR,Aydın,minor,,
Gökdere,40.472916,36.752497,Turkey,TR,Tokat,minor,,
Körfez,40.767037,29.782748,Turkey,TR,Kocaeli,minor,,
Dereköy,41.93008,27.370522,Turkey,TR,Kırklareli,minor,,
Güllük,37.239722,27.600278,Turkey,TR,Muğla,minor,,
Kırbaşı,40.013785,31.831968,Turkey,TR,Ankara,minor,,
Menteşe,37.116667,28.266667,Turkey,TR,Muğla,minor,,
Mürefte,40.669067,27.241019,Turkey,TR,Nevşehir,minor,,
Zeytinliova,38.991182,27.676346,Turkey,TR,Manisa,minor,,
Zeytinlik,41.110132,41.858164,Turkey,TR,Artvin,minor,,
Kumluca,36.370278,30.286944,Turkey,TR,Antalya,minor,,
Kumlu,36.363526,36.455022,Turkey,TR,Hatay,minor,,
Küçükbahçe,38.557338,26.393052,Turkey,TR,İzmir,minor,,
Hanönü,41.627051,34.466667,Turkey,TR,Kastamonu,minor,,
Çaybağı,38.828548,39.610567,Turkey,TR,Tunceli,minor,,
İncirliova,37.852222,27.723611,Turkey,TR,Aydın,minor,,
Alaçam,41.605556,35.598056,Turkey,TR,Samsun,minor,,
Şuhut,38.531111,30.545833,Turkey,TR,Afyonkarahisar,minor,,
Karapürçek,40.641944,30.539444,Turkey,TR,Sakarya,minor,,
Şenkaya,40.55652,42.342665,Turkey,TR,Erzurum,minor,,
Senirkent,38.104444,30.548611,Turkey,TR,Isparta,minor,,
Sancak,39.092222,40.387526,Turkey,TR,Bingöl,minor,,
Dökmetepe,40.312245,36.291795,Turkey,TR,Tokat,minor,,
İmranlı,39.875435,38.113582,Turkey,TR,Sivas,minor,,
Gömeç,39.390159,26.841269,Turkey,TR,Balıkesir,minor,,
Poyraz,38.685958,39.022995,Turkey,TR,Elazığ,minor,,
Malazgirt,39.146496,42.535357,Turkey,TR,Muş,minor,,
Bozoğlak,39.622921,38.801937,Turkey,TR,Erzincan,minor,,
Karaköy,39.091011,41.68301,Turkey,TR,Muş,minor,,
Bandırma,40.352222,27.976667,Turkey,TR,Balıkesir,minor,,
Yakacık,36.756003,36.214322,Turkey,TR,Hatay,minor,,
Çeltikçi,40.321944,32.455686,Turkey,TR,Ankara,minor,,
Mercimekkale,38.929451,41.503246,Turkey,TR,Muş,minor,,
Sarıcakaya,40.036856,30.626749,Turkey,TR,Eskişehir,minor,,
Hamdibey,39.849444,27.248056,Turkey,TR,Çanakkale,minor,,
Kadışehri,39.995681,35.791933,Turkey,TR,Yozgat,minor,,
Zara,39.897778,37.758333,Turkey,TR,Sivas,minor,,
Nazimiye,39.179861,39.828426,Turkey,TR,Tunceli,minor,,
Nazilli,37.916309,28.322249,Turkey,TR,Aydın,minor,,
Artova,40.115784,36.300097,Turkey,TR,Tokat,minor,,
Söğüt,40.0143,30.184865,Turkey,TR,Bilecik,minor,,
İnegöl,40.078056,29.513333,Turkey,TR,Bursa,minor,,
Kadınhanı,38.239722,32.211389,Turkey,TR,Konya,minor,,
Demirtaş,36.426111,32.1925,Turkey,TR,Antalya,minor,,
Eğerci,41.099219,31.817387,Turkey,TR,Zonguldak,minor,,
Çatalan,37.248573,35.291096,Turkey,TR,Adana,minor,,
Dernekpazarı,40.796584,40.244601,Turkey,TR,Trabzon,minor,,
Murgul,41.279373,41.555136,Turkey,TR,Artvin,minor,,
Gürün,38.722254,37.270968,Turkey,TR,Sivas,minor,,
Salihli,38.482581,28.147737,Turkey,TR,Manisa,minor,,
Ballı,40.830279,27.055484,Turkey,TR,Tekirdağ,minor,,
Yenice,37.828373,28.571151,Turkey,TR,Aydın,minor,,
Yeşilova,37.508056,29.754722,Turkey,TR,Burdur,minor,,
Yeşilova,38.409503,33.838043,Turkey,TR,Aksaray,minor,,
Bakırdağı,38.215968,35.790213,Turkey,TR,Kayseri,minor,,
Yoğun,38.099056,39.513211,Turkey,TR,Diyarbakır,minor,,
Boyabat,41.468889,34.766667,Turkey,TR,Sinop,minor,,
Bağdere,38.114419,40.733816,Turkey,TR,Diyarbakır,minor,,
Sinanpaşa,38.744444,30.242778,Turkey,TR,Afyonkarahisar,minor,,
Pertek,38.865743,39.322733,Turkey,TR,Tunceli,minor,,
Belören,37.637232,37.580301,Turkey,TR,Adıyaman,minor,,
Belören,40.861564,33.495574,Turkey,TR,Çankırı,minor,,
Mollakendi,38.577347,39.332918,Turkey,TR,Elazığ,minor,,
Söğütalan,40.060887,28.572312,Turkey,TR,Bursa,minor,,
Küçükdere,40.807481,40.055124,Turkey,TR,Trabzon,minor,,
Şambayat,37.684414,38.046758,Turkey,TR,Adıyaman,minor,,
Karaurgan,40.239637,42.272827,Turkey,TR,Kars,minor,,
Turgutreis,37.004947,27.259537,Turkey,TR,Muğla,minor,,
Pazar,40.276517,36.283467,Turkey,TR,Tokat,minor,,
Ondokuzmayıs,41.501097,36.068873,Turkey,TR,Samsun,minor,,
Alaşehir,38.350833,28.517175,Turkey,TR,Manisa,minor,,
Uruş,40.249027,32.137854,Turkey,TR,Ankara,minor,,
Yazyurdu,38.799257,36.9319,Turkey,TR,Sivas,minor,,
Maden,40.182262,40.397737,Turkey,TR,Bayburt,minor,,
Çiftehan,37.512329,34.769531,Turkey,TR,Niğde,minor,,
Hanak,41.233436,42.840368,Turkey,TR,Ardahan,minor,,
Sarıköy,40.2075,27.596111,Turkey,TR,Balıkesir,minor,,
Süloğlu,41.769011,26.909993,Turkey,TR,Edirne,minor,,
Dedeli,39.174355,43.055243,Turkey,TR,Ağrı,minor,,
Reis,38.271389,31.571389,Turkey,TR,Konya,minor,,
Gerger,38.028072,39.034181,Turkey,TR,Adıyaman,minor,,
Karayaka,40.744017,36.59018,Turkey,TR,Tokat,minor,,
Gebze,40.802758,29.430684,Turkey,TR,Kocaeli,minor,,
Gebiz,37.104167,30.937778,Turkey,TR,Antalya,minor,,
Şalpazarı,40.938263,39.19006,Turkey,TR,Trabzon,minor,,
Ayvalık,39.319049,26.695397,Turkey,TR,Balıkesir,minor,,
Ertuğrul,39.57578,27.70672,Turkey,TR,Balıkesir,minor,,
Dambaslar,41.224167,27.248056,Turkey,TR,Tekirdağ,minor,,
Gallipoli,40.410278,26.670833,Turkey,TR,Çanakkale,minor,,
Mesudiye,40.454465,37.773527,Turkey,TR,Ordu,minor,,
Ağaçlı,38.517278,40.904006,Turkey,TR,Diyarbakır,minor,,
Yalnızçam,41.064444,42.500806,Turkey,TR,Ardahan,minor,,
Kuzucubelen,36.839964,34.437649,Turkey,TR,Mersin,minor,,
Timar,38.828648,43.433296,Turkey,TR,Van,minor,,
Halilçavuş,39.247199,41.792571,Turkey,TR,Erzurum,minor,,
Akçakale,36.711111,38.9475,Turkey,TR,Şanlıurfa,minor,,
Pehlivanköy,41.348116,26.925224,Turkey,TR,Kırklareli,minor,,
Sergen,41.705278,27.708333,Turkey,TR,Kırklareli,minor,,
Kötek,40.218502,43.002204,Turkey,TR,Kars,minor,,
Serik,36.916944,31.098889,Turkey,TR,Antalya,minor,,
Adala,38.577571,28.268474,Turkey,TR,Manisa,minor,,
Doğanca,37.799547,42.330992,Turkey,TR,Siirt,minor,,
Çiftlik,40.072341,42.25617,Turkey,TR,Erzurum,minor,,
Bekilli,38.231051,29.419703,Turkey,TR,Denizli,minor,,
Nizip,37.009722,37.794167,Turkey,TR,Gaziantep,minor,,
Tekman,39.64111,41.505421,Turkey,TR,Erzurum,minor,,
Aşağıçiğil,38.051499,31.863795,Turkey,TR,Konya,minor,,
Dağkızılca,38.311001,27.390811,Turkey,TR,İzmir,minor,,
İvrindi,39.583889,27.486389,Turkey,TR,Balıkesir,minor,,
İyidere,41.011923,40.361846,Turkey,TR,Rize,minor,,
Mansurlu,37.848531,35.654356,Turkey,TR,Adana,minor,,
Iğdır,39.923708,44.044999,Turkey,TR,Iğdır,admin,,
Aydınlar,38.621976,38.540519,Turkey,TR,Elazığ,minor,,
Sabuncu,39.56131,30.18813,Turkey,TR,Kütahya,minor,,
Hocalar,38.578241,29.967676,Turkey,TR,Afyonkarahisar,minor,,
Torul,40.550712,39.28344,Turkey,TR,Gümüşhane,minor,,
Nallıhan,40.185931,31.351793,Turkey,TR,Ankara,minor,,
Tortum,40.288917,41.540957,Turkey,TR,Erzurum,minor,,
Ergani,38.268986,39.754457,Turkey,TR,Diyarbakır,minor,,
Erfelek,41.879261,34.918379,Turkey,TR,Sinop,minor,,
Erentepe,39.008933,42.043635,Turkey,TR,Muş,minor,,
Gaziemir,38.323919,27.129175,Turkey,TR,İzmir,minor,,
Sarıbuğday,40.748056,35.459722,Turkey,TR,Amasya,minor,,
Akyaka,40.740928,43.614319,Turkey,TR,Kars,minor,,
Susurluk,39.913611,28.157778,Turkey,TR,Balıkesir,minor,,
Adaklı,39.226202,40.482834,Turkey,TR,Bingöl,minor,,
Ardeşen,41.191111,40.9875,Turkey,TR,Rize,minor,,
Dursunbey,39.585962,28.625684,Turkey,TR,Balıkesir,minor,,
