city,lat,lng,country,iso2,admin,capital,population,population_proper
Kawaala,0.338863,32.554064,Uganda,UG,Kampala,,1420000,1353189
Mbale,1.074804,34.177352,Uganda,UG,Mbale,admin,402368,91800
Jinja,0.424444,33.204167,Uganda,UG,Jinja,admin,301619,89700
Arua,3.020129,30.911052,Uganda,UG,Arua,admin,250000,59400
Old Entebbe,0.028056,32.445278,Uganda,UG,Wakiso,,175128,79700
Tororo,0.692991,34.180853,Uganda,UG,Tororo,admin,150000,43700
Gulu,2.774569,32.29899,Uganda,UG,Gulu,admin,146858,142003
Lira,2.235,32.909722,Uganda,UG,Lira,admin,135445,119323
Mbarara,-0.630583,30.658179,Uganda,UG,Mbarara,admin,83700,83700
Bembe,0.616667,32.55,Uganda,UG,Luwero,,75000,21000
Kasese,0.23,29.988333,Uganda,UG,Kasese,admin,67269,67269
Masaka,-0.312724,31.715937,Uganda,UG,Masaka,admin,65373,65373
Kitgum,3.292284,32.877828,Uganda,UG,Kitgum,admin,56891,8680
Busia,0.454444,34.075833,Uganda,UG,Busia,admin,47100,47100
Iganga,0.609167,33.468611,Uganda,UG,Iganga,admin,45024,45024
Kabale,-1.326111,30.003889,Uganda,UG,Kabale,admin,44600,44600
Fort Portal,0.661959,30.282684,Uganda,UG,Kabarole,admin,42670,42670
Mityana,0.4175,32.022778,Uganda,UG,Mityana,admin,41131,33710
Adjumani,3.377862,31.790897,Uganda,UG,Adjumani,admin,34700,34700
Masindi,1.674444,31.715,Uganda,UG,Masindi,admin,31486,31486
Pallisa,1.145,33.709444,Uganda,UG,Pallisa,admin,30745,30745
Nebbi,2.478259,31.088935,Uganda,UG,Nebbi,admin,30354,30354
Moyo,3.660883,31.724736,Uganda,UG,Moyo,admin,22434,22434
Kayunga,0.7025,32.888611,Uganda,UG,Kayunga,admin,21704,21704
Mubende,0.589167,31.36,Uganda,UG,Mubende,admin,18936,176
Pakwach,2.460932,31.494934,Uganda,UG,Nebbi,,17541,17541
Ntungamo,-0.879444,30.264167,Uganda,UG,Ntungamo,admin,16400,16400
Kiboga,0.916111,31.774167,Uganda,UG,Kiboga,admin,14512,14512
Sironko,1.234913,34.256757,Uganda,UG,Sironko,admin,14100,14100
Kumi,1.460833,33.936111,Uganda,UG,Kumi,admin,13000,13000
Kisoro,-1.283639,29.688249,Uganda,UG,Kisoro,admin,12900,12900
Kamuli,0.947222,33.119722,Uganda,UG,Kamuli,admin,12764,12764
Mpami,0.216667,32.333333,Uganda,UG,Mpigi,,11082,11082
Katakwi,1.891111,33.966111,Uganda,UG,Katakwi,admin,8400,8400
Masindi Port,1.696058,32.086081,Uganda,UG,Kiryandongo,,8319,7828
Nakasongola,1.308889,32.456389,Uganda,UG,Nakasongola,admin,6921,6921
Kibale,0.790833,31.063333,Uganda,UG,Kibaale,,5200,5200
Kalangala,-0.308889,32.225,Uganda,UG,Kalangala,admin,5200,5200
Kaberamaido,1.738889,33.159444,Uganda,UG,Kaberamaido,admin,3400,3400
Katwe,-0.141667,29.830278,Uganda,UG,Kasese,,1957,1957
Kaabong,3.483611,34.149167,Uganda,UG,Kaabong,admin,1137,1137
Soroti,1.685556,33.616389,Uganda,UG,Soroti,admin,1038,1038
Moroto,2.52922,34.659753,Uganda,UG,Moroto,admin,371,371
Kyenjojo,0.632778,30.621389,Uganda,UG,Kyenjojo,admin,,
Bulisa,2.117807,31.411633,Uganda,UG,Buliisa,admin,,
Lyantonde,-0.403056,31.157222,Uganda,UG,Lyantonde,admin,,
Dokolo,1.898333,33.1775,Uganda,UG,Dokolo,admin,,
Butaleja,0.916554,33.956315,Uganda,UG,Butaleja,admin,,
Kole,2.400151,32.800343,Uganda,UG,Kole,admin,,
Kyankwanzi,1.200615,31.800625,Uganda,UG,Kyankwanzi,admin,,
Wakiso,0.404444,32.459444,Uganda,UG,Wakiso,admin,,
Kampala,0.315556,32.565556,Uganda,UG,Kampala,primary,,
Bukomansimbi,-0.157778,31.604167,Uganda,UG,Bukomansimbi,admin,,
Mpigi,0.225,32.313611,Uganda,UG,Mpigi,admin,,
Amolatar,1.615556,32.839722,Uganda,UG,Amolatar,admin,,
Zombo,2.51355,30.909094,Uganda,UG,Zombo,admin,,
Amuru,2.813879,31.938684,Uganda,UG,Amuru,admin,,
Bundibugyo,0.708474,30.063418,Uganda,UG,Bundibugyo,admin,,
Mayuge,0.457812,33.480622,Uganda,UG,Mayuge,admin,,
Binyin,1.416667,34.533333,Uganda,UG,Kween,admin,,
Isingiro,-0.868637,30.830189,Uganda,UG,Isingiro,admin,,
Apac,1.975556,32.538611,Uganda,UG,Apac,admin,,
Buikwe,0.3375,33.010556,Uganda,UG,Buikwe,admin,,
Nwoya,2.634225,32.001065,Uganda,UG,Nwoya,admin,,
Buyende,1.151667,33.155,Uganda,UG,Buyende,admin,,
Serere,1.494167,33.455278,Uganda,UG,Serere,admin,,
Ngora,1.431389,33.777222,Uganda,UG,Ngora,admin,,
Nakaseke,0.751667,32.385,Uganda,UG,Nakaseke,admin,,
Kibale,0.8,31.066667,Uganda,UG,Kibaale,admin,,
Kibingo,-0.626019,30.435935,Uganda,UG,Sheema,admin,,
Kitamilo,0.222155,33.206081,Uganda,UG,Buvuma,admin,,
Namayingo,0.239833,33.884908,Uganda,UG,Namayingo,admin,,
Kaliro,0.894873,33.504792,Uganda,UG,Kaliro,admin,,
Mitoma,-0.684167,30.07,Uganda,UG,Mitooma,admin,,
Mukono,0.353333,32.755278,Uganda,UG,Mukono,admin,,
Nakapiripirit,1.916667,34.783333,Uganda,UG,Nakapiripirit,admin,,
Bududa,1.011178,34.331123,Uganda,UG,Bududa,admin,,
Namutumba,0.836305,33.685763,Uganda,UG,Namutumba,admin,,
Gombe,0.203333,32.088056,Uganda,UG,Butambala,admin,,
Kamwenge,0.211111,30.420833,Uganda,UG,Kamwenge,admin,,
Alebtong,2.244722,33.254722,Uganda,UG,Alebtong,admin,,
Bulambuli,1.166667,34.383333,Uganda,UG,Bulambuli,admin,,
Kyegegwa,0.502222,31.041389,Uganda,UG,Kyegegwa,admin,,
Koboko,3.413637,30.959935,Uganda,UG,Koboko,admin,,
Lamwo,3.529719,32.801604,Uganda,UG,Lamwo,admin,,
Agago,2.833825,33.33361,Uganda,UG,Agago,admin,,
Bukwa,1.259167,34.753889,Uganda,UG,Bukwa,admin,,
Manafwa,0.978421,34.374301,Uganda,UG,Manafwa,admin,,
Oyam,2.235002,32.38495,Uganda,UG,Oyam,admin,,
Otuke,2.500375,33.50065,Uganda,UG,Otuke,admin,,
Maracha,3.270421,30.955322,Uganda,UG,Maracha,admin,,
Kotido,2.980556,34.133056,Uganda,UG,Kotido,admin,,
Amudat,1.95,34.95,Uganda,UG,Amudat,admin,,
Rubirizi,-0.298889,30.133611,Uganda,UG,Rubirizi,admin,,
Luwero,0.849167,32.473056,Uganda,UG,Luwero,admin,,
Kalungu,-0.166667,31.756944,Uganda,UG,Kalungu,admin,,
Sembabule,-0.077222,31.456667,Uganda,UG,Sembabule,admin,,
Ibanda,-0.153889,30.531944,Uganda,UG,Ibanda,admin,,
Buhweju,-0.350269,30.300291,Uganda,UG,Buhweju,admin,,
Rukungiri,-0.841111,29.941944,Uganda,UG,Rukungiri,admin,,
Kapchorwa,1.396509,34.450929,Uganda,UG,Kapchorwa,admin,,
Kiruhura,-0.235556,30.8725,Uganda,UG,Kiruhura,admin,,
Bugiri,0.571389,33.741667,Uganda,UG,Bugiri,admin,,
Hoima,1.435556,31.343611,Uganda,UG,Hoima,admin,,
Ntoroko,1.041111,30.481111,Uganda,UG,Ntoroko,admin,,
Bukedea,1.316944,34.050556,Uganda,UG,Bukedea,admin,,
Pader,3.05,33.216667,Uganda,UG,Pader,admin,,
Yumbe,3.465057,31.246893,Uganda,UG,Yumbe,admin,,
Kanungu,-0.9575,29.789722,Uganda,UG,Kanungu,admin,,
Amuria,2.003611,33.651111,Uganda,UG,Amuria,admin,,
Lwengo,-0.416111,31.408056,Uganda,UG,Lwengo,admin,,
Kiryandongo,1.876334,32.062246,Uganda,UG,Kiryandongo,admin,,
Bushenyi,-0.585278,30.211389,Uganda,UG,Bushenyi,admin,,
Abim,2.701667,33.676111,Uganda,UG,Abim,admin,,
Kanoni,0.177222,31.881111,Uganda,UG,Gomba,admin,,
Napak,2.251391,34.250124,Uganda,UG,Napak,admin,,
Kibuku,1.043333,33.7975,Uganda,UG,Kibuku,admin,,
Rakai,-0.72,31.483889,Uganda,UG,Rakai,admin,,
Luuka Town,0.700756,33.300202,Uganda,UG,Luuka,admin,,
