city,lat,lng,country,iso2,admin,capital,population,population_proper
Ho Chi Minh City,10.776577,106.70085,Vietnam,VN,Hồ Chí Minh,admin,5314000,3467331
Hanoi,21.028167,105.854152,Vietnam,VN,Hà Nội,primary,4378000,1431270
Haiphong,20.864807,106.683449,Vietnam,VN,Hải Phòng,admin,1969000,602695
Cần Thơ,10.037105,105.788249,Vietnam,VN,Cần Thơ,admin,1121000,259598
Đà Nẵng,16.074806,108.223958,Vietnam,VN,Đà Nẵng,admin,1000000,887069
Huế,16.461901,107.595458,Vietnam,VN,Thừa Thiên-Huế,admin,950000,340000
Quy Nhơn,13.768898,109.228563,Vietnam,VN,Bình Định,admin,805290,280900
Hiệp Hòa,10.933333,106.833333,Vietnam,VN,Đồng Nai,,652646,652646
Phú Vinh,18.716667,105.7,Vietnam,VN,Nghệ An,,593645,435208
Thành Phố Thái Nguyên,21.59422,105.848172,Vietnam,VN,Thái Nguyên,admin,500000,330000
Nha Trang,12.248089,109.19436,Vietnam,VN,Khánh Hòa,admin,411556,283441
Cà Mau,9.176817,105.152421,Vietnam,VN,Cà Mau,admin,356636,204895
Việt Trì,21.32274,105.401981,Vietnam,VN,Phú Thọ,admin,350000,260288
Long Xuyên,10.386392,105.435178,Vietnam,VN,An Giang,admin,350000,158153
Buôn Ma Thuột,12.674192,108.043542,Vietnam,VN,Đắk Lắk,admin,349945,146975
Phan Thiết,10.928888,108.102078,Vietnam,VN,Bình Thuận,admin,336846,160652
Xóm Rạch Giồng,10.033333,105.066667,Vietnam,VN,Kiến Giang,,300000,205660
Sóc Trăng,9.599946,105.971932,Vietnam,VN,Sóc Trăng,admin,300000,173922
Đà Lạt,11.935883,108.442891,Vietnam,VN,Lâm Đồng,admin,256019,131377
Quảng Ngãi,15.120467,108.792318,Vietnam,VN,Quảng Ngãi,admin,250000,119251
Vũng Tàu,10.35,107.066667,Vietnam,VN,Bà Rịa-Vũng Tàu,admin,248767,209683
Thủ Dầu Một,10.980396,106.651905,Vietnam,VN,Bình Dương,admin,244277,244277
Thành Phố Nam Định,20.433886,106.177286,Vietnam,VN,Nam Định,admin,243186,243186
Thành phố Bạc Liêu,9.294141,105.727764,Vietnam,VN,Bạc Liêu,admin,225000,150000
Thành Phố Thái Bình,20.45,106.340018,Vietnam,VN,Thái Bình,admin,210000,210000
Tinh Xa,19.8,105.783333,Vietnam,VN,Thanh Hóa,,197551,197551
Sơn Vi,21.116667,105.533333,Vietnam,VN,Hà Nội,,189547,40636
Động Hỏi,17.5,106.633333,Vietnam,VN,Quảng Bình,,189265,31040
Phan Rang-Tháp Chàm,11.564315,108.988581,Vietnam,VN,Ninh Thuận,admin,179773,91520
Hà Tĩnh,18.34282,105.905695,Vietnam,VN,Hà Tĩnh,admin,165396,165396
Cao Lãnh,10.460171,105.632944,Vietnam,VN,Đồng Tháp,admin,149837,149837
Thành Phố Lạng Sơn,21.852639,106.76101,Vietnam,VN,Lạng Sơn,admin,148000,148000
Cam Ranh,11.9,109.216667,Vietnam,VN,Khánh Hòa,,146771,23883
Plei Khưn,13.95,108.033333,Vietnam,VN,Gia Lai,,142900,114225
Tân An,10.535893,106.41366,Vietnam,VN,Long An,admin,137498,64801
Cẩm Phả Mines,21.016667,107.3,Vietnam,VN,Quảng Ninh,,135477,16374
Trà Vinh,9.947188,106.342249,Vietnam,VN,Trà Vinh,admin,131360,131360
Thành Phố Ninh Bình,20.258085,105.979651,Vietnam,VN,Ninh Bình,admin,130517,130517
Tây Ninh,11.310043,106.098275,Vietnam,VN,Tây Ninh,admin,126370,126370
Mỹ Hòa,10.37886,106.382463,Vietnam,VN,Tiền Giang,,124143,122310
Kon Tum,14.383333,107.983333,Vietnam,VN,Kon Tum,,105489,47409
Thành Phố Hòa Bình,20.817166,105.33759,Vietnam,VN,Hòa Bình,admin,105260,99502
An Long,10.284465,105.94246,Vietnam,VN,Vĩnh Long,,103314,103314
Yên Bái,21.722881,104.911296,Vietnam,VN,Yên Bái,admin,96540,96540
Quảng Trị,16.75,107.2,Vietnam,VN,Quảng Trị,,72722,72722
Châu Phong,10.716667,105.133333,Vietnam,VN,An Giang,,70239,70239
Tuy Hòa,13.095457,109.320939,Vietnam,VN,Phú Yên,admin,69596,69596
Lào Cai,22.485555,103.970661,Vietnam,VN,Lào Cai,admin,67206,36502
Hàn Thượng,20.95,106.316667,Vietnam,VN,Hải Dương,,58030,58030
Bắc Giang,21.273073,106.194597,Vietnam,VN,Bắc Giang,admin,53728,53728
Nà Hoàng,22.65,106.25,Vietnam,VN,Cao Bằng,,41112,41112
Thành Phố Hà Giang,22.823333,104.983572,Vietnam,VN,Hà Giang,admin,38362,32690
Thành Phố Tuyên Quang,21.823559,105.21424,Vietnam,VN,Tuyên Quang,admin,36430,36430
Bắc Kạn,22.147009,105.83481,Vietnam,VN,Bắc Kạn,admin,29227,29227
Bản Lân,21.333333,103.9,Vietnam,VN,Sơn La,,19054,19054
Đông Hà,16.817615,107.100772,Vietnam,VN,Quảng Trị,admin,17662,17662
Luân Châu,21.733333,103.316667,Vietnam,VN,Điện Biên,,7335,7335
Kiến Đức,11.992172,107.510893,Vietnam,VN,Đắk Nông,minor,,
Kẻ Sặt,20.910072,106.147705,Vietnam,VN,Hải Dương,minor,,
Lộc Bình,21.758733,106.923346,Vietnam,VN,Lạng Sơn,minor,,
Phú Hòa,14.100048,107.96896,Vietnam,VN,Gia Lai,minor,,
Đại Nghĩa,20.68667,105.744712,Vietnam,VN,Hà Nội,minor,,
Cẩm Xuyên,18.250291,106.00132,Vietnam,VN,Hà Tĩnh,minor,,
Neo,21.20048,106.247387,Vietnam,VN,Bắc Giang,minor,,
Thị Trấn Hùng Quốc,22.828977,106.323352,Vietnam,VN,Cao Bằng,minor,,
Tam Đảo,21.393237,105.614412,Vietnam,VN,Vĩnh Phúc,minor,,
Tân Thạnh,10.606662,106.047142,Vietnam,VN,Long An,minor,,
Phố Mới,21.153281,106.151644,Vietnam,VN,Bắc Ninh,minor,,
Phát Diệm,20.090538,106.083226,Vietnam,VN,Ninh Bình,minor,,
Vũng Liêm,10.095755,106.185479,Vietnam,VN,Vĩnh Long,minor,,
Triệu Sơn,19.819128,105.603916,Vietnam,VN,Thanh Hóa,minor,,
Quảng Phú,12.819647,108.077381,Vietnam,VN,Đắk Lắk,minor,,
Rừng Thông,19.81906,105.732795,Vietnam,VN,Thanh Hóa,minor,,
Mường Nhé,22.192362,102.457901,Vietnam,VN,Điện Biên,minor,,
Sa Thầy,14.413773,107.793393,Vietnam,VN,Kon Tum,minor,,
Gia Ray,10.926149,107.401722,Vietnam,VN,Đồng Nai,minor,,
Ngọc Lặc,20.091891,105.367607,Vietnam,VN,Thanh Hóa,minor,,
Đạ Tẻh,11.511481,107.490921,Vietnam,VN,Lâm Đồng,minor,,
Kỳ Sơn,20.886679,105.352438,Vietnam,VN,Hòa Bình,minor,,
Thị Trấn Vĩnh Lộc,22.143598,105.271918,Vietnam,VN,Tuyên Quang,minor,,
Tô Hạp,12.005815,108.94868,Vietnam,VN,Khánh Hòa,minor,,
Khe Sanh,16.628248,106.73884,Vietnam,VN,Quảng Trị,minor,,
Cái Nước,8.942308,105.014105,Vietnam,VN,Cà Mau,minor,,
Khánh Vĩnh,12.283545,108.904703,Vietnam,VN,Khánh Hòa,minor,,
Cầu Diễn,21.03929,105.766593,Vietnam,VN,Hà Nội,minor,,
Chờ,21.194911,105.954715,Vietnam,VN,Bắc Ninh,minor,,
Tiên Lãng,20.724645,106.553906,Vietnam,VN,Hải Phòng,minor,,
Gò Quao,9.733196,105.273935,Vietnam,VN,Kiến Giang,minor,,
Phú Quốc,10.216063,103.958709,Vietnam,VN,Kiến Giang,minor,,
Vân Tùng,22.430819,105.996873,Vietnam,VN,Bắc Kạn,minor,,
Quận Chín,10.839702,106.77093,Vietnam,VN,Hồ Chí Minh,minor,,
Ba Tri,10.044273,106.590203,Vietnam,VN,Bến Tre,minor,,
Trà Ôn,9.962606,105.921679,Vietnam,VN,Vĩnh Long,minor,,
Khoái Châu,20.839116,105.977553,Vietnam,VN,Hưng Yên,minor,,
Nhà Bàng,10.625024,105.008545,Vietnam,VN,An Giang,minor,,
Thị Trấn Long Điền,10.485573,107.212256,Vietnam,VN,Bà Rịa-Vũng Tàu,minor,,
Anh Sơn,18.932492,105.076012,Vietnam,VN,Nghệ An,minor,,
Thị Trấn Ngan Dừa,9.567033,105.450185,Vietnam,VN,Bạc Liêu,minor,,
Văn Quan,21.865156,106.539253,Vietnam,VN,Lạng Sơn,minor,,
Lạc Dương,12.004052,108.419051,Vietnam,VN,Lâm Đồng,minor,,
Chí Thạnh,13.308446,109.215217,Vietnam,VN,Phú Yên,minor,,
Đống Đa,21.020087,105.830967,Vietnam,VN,Hà Nội,minor,,
Ba Đình,21.034072,105.814525,Vietnam,VN,Hà Nội,minor,,
Tân Trụ,10.512708,106.507623,Vietnam,VN,Long An,minor,,
Bến Tre,10.241466,106.375852,Vietnam,VN,Bến Tre,admin,,
Thốt Nốt,10.272133,105.533802,Vietnam,VN,Cần Thơ,minor,,
Cầu Kè,9.872403,106.054974,Vietnam,VN,Trà Vinh,minor,,
Cầu Giát,19.146003,105.630889,Vietnam,VN,Nghệ An,minor,,
Nàng Mau,9.751292,105.534475,Vietnam,VN,Hậu Giang,minor,,
Tân Việt,22.864075,105.459045,Vietnam,VN,Cao Bằng,minor,,
Pác Miầu,22.829681,105.49334,Vietnam,VN,Cao Bằng,minor,,
Phú Thọ,21.399629,105.222208,Vietnam,VN,Phú Thọ,minor,,
Mường Chiên,21.842399,103.566077,Vietnam,VN,Sơn La,minor,,
Chợ Chu,21.907235,105.642194,Vietnam,VN,Thái Nguyên,minor,,
Hậu Lộc,19.914441,105.886149,Vietnam,VN,Thanh Hóa,minor,,
Yên Thành,18.998557,105.471158,Vietnam,VN,Nghệ An,minor,,
Cam Lâm,12.053979,109.160038,Vietnam,VN,Khánh Hòa,minor,,
Gia Lộc,20.867828,106.300001,Vietnam,VN,Hải Dương,minor,,
Phú Lộc,9.428382,105.741112,Vietnam,VN,Sóc Trăng,minor,,
Lộc Ninh,11.844756,106.590729,Vietnam,VN,Bình Phước,minor,,
Gio Linh,16.924802,107.084385,Vietnam,VN,Quảng Trị,minor,,
Điện Biên Đông,21.296732,103.220093,Vietnam,VN,Điện Biên,minor,,
Tam Điệp,20.156348,105.917367,Vietnam,VN,Ninh Bình,minor,,
Đức Phổ,14.813554,108.959312,Vietnam,VN,Quảng Ngãi,minor,,
Đức Phong,11.813462,107.24433,Vietnam,VN,Bình Phước,minor,,
Mộ Đức,14.95513,108.885863,Vietnam,VN,Quảng Ngãi,minor,,
Nam Giang,20.333221,106.17754,Vietnam,VN,Nam Định,minor,,
Đô Lương,18.898524,105.30797,Vietnam,VN,Nghệ An,minor,,
Vũ Thư,20.43671,106.29116,Vietnam,VN,Thái Bình,minor,,
Thị Trấn Yên Thế,22.11075,104.767475,Vietnam,VN,Yên Bái,minor,,
Ea Drăng,13.204497,108.21029,Vietnam,VN,Đắk Lắk,minor,,
Bình Minh,10.068206,105.822212,Vietnam,VN,Vĩnh Long,minor,,
An Phú,10.815913,105.090382,Vietnam,VN,An Giang,minor,,
An Lão,14.612405,108.889897,Vietnam,VN,Bình Định,minor,,
Đồng Lê,17.883889,106.025362,Vietnam,VN,Quảng Bình,minor,,
Lũng Hồ,22.984788,105.239832,Vietnam,VN,Hà Giang,minor,,
Thị Trấn Yên Minh,23.117924,105.141593,Vietnam,VN,Hà Giang,minor,,
Thị Trấn Đất Đỏ,10.490934,107.270145,Vietnam,VN,Bà Rịa-Vũng Tàu,minor,,
Ea T’ling,12.589036,107.895784,Vietnam,VN,Đắk Nông,minor,,
Bút Sơn,19.857967,105.854818,Vietnam,VN,Thanh Hóa,minor,,
Bích Động,21.274211,106.100689,Vietnam,VN,Bắc Giang,minor,,
Phù Cát,14.003158,109.058039,Vietnam,VN,Bình Định,minor,,
Phùng,21.089025,105.659013,Vietnam,VN,Hà Nội,minor,,
Tam Bình,10.048114,106.000171,Vietnam,VN,Vĩnh Long,minor,,
Tĩnh Gia,19.44645,105.778613,Vietnam,VN,Thanh Hóa,minor,,
Phước Vĩnh,11.294661,106.795328,Vietnam,VN,Bình Dương,minor,,
Long Thành,10.789087,106.950295,Vietnam,VN,Đồng Nai,minor,,
Đầm Dơi,8.992138,105.196023,Vietnam,VN,Cà Mau,minor,,
Thành Phố Hải Dương,20.940994,106.333016,Vietnam,VN,Hải Dương,admin,,
Thị Trấn Na Hang,22.349175,105.382414,Vietnam,VN,Tuyên Quang,minor,,
Đăk Đoa,13.995006,108.112065,Vietnam,VN,Gia Lai,minor,,
Bắc Sơn,21.899988,106.32077,Vietnam,VN,Lạng Sơn,minor,,
Ia Pa,13.533615,108.455285,Vietnam,VN,Gia Lai,minor,,
Châu Thành,11.311674,106.029503,Vietnam,VN,Tây Ninh,minor,,
Me,20.346972,105.836149,Vietnam,VN,Ninh Bình,minor,,
Trới,21.031409,106.991013,Vietnam,VN,Quảng Ninh,minor,,
Cái Nhum,10.174121,106.110506,Vietnam,VN,Vĩnh Long,minor,,
Pleiku,13.983333,108.0,Vietnam,VN,Gia Lai,admin,,
Sơn Tây,21.140534,105.506856,Vietnam,VN,Hà Nội,minor,,
Yên Định,20.201454,106.295785,Vietnam,VN,Nam Định,minor,,
Lắk,12.410865,108.176816,Vietnam,VN,Đắk Lắk,minor,,
A Lưới,16.272282,107.233849,Vietnam,VN,Thừa Thiên-Huế,minor,,
Thạnh Mỹ,15.748889,107.836776,Vietnam,VN,Quảng Nam,minor,,
Chư Ty,13.805068,107.6961,Vietnam,VN,Gia Lai,minor,,
Thanh Lưu,20.473979,105.952682,Vietnam,VN,Hà Nam,minor,,
Ô Môn,10.10974,105.623181,Vietnam,VN,Cần Thơ,minor,,
Thị Trấn Quảng Uyên,22.694988,106.44235,Vietnam,VN,Cao Bằng,minor,,
Phụng Hiệp,9.779723,105.733801,Vietnam,VN,Hậu Giang,minor,,
Cù Lao Dung,9.673137,106.148744,Vietnam,VN,Sóc Trăng,minor,,
Dương Minh Châu,11.38414,106.230776,Vietnam,VN,Tây Ninh,minor,,
Giồng Trôm,10.150212,106.506057,Vietnam,VN,Bến Tre,minor,,
Nam Sách,20.992053,106.336128,Vietnam,VN,Hải Dương,minor,,
Thanh Hóa,19.8,105.766667,Vietnam,VN,Thanh Hóa,admin,,
Đinh Văn,11.786241,108.242819,Vietnam,VN,Lâm Đồng,minor,,
Quảng Hà,21.4506,107.755918,Vietnam,VN,Quảng Ninh,minor,,
Minh Long,14.93218,108.703279,Vietnam,VN,Quảng Ngãi,minor,,
Thị Trấn Thất Khê,22.255252,106.473593,Vietnam,VN,Lạng Sơn,minor,,
Vĩnh Thạnh,14.108837,108.78381,Vietnam,VN,Bình Định,minor,,
Trà Bồng,15.255691,108.517225,Vietnam,VN,Quảng Ngãi,minor,,
Cầu Gồ,21.476786,106.126531,Vietnam,VN,Bắc Giang,minor,,
Thành Phố Sơn La,21.325598,103.91882,Vietnam,VN,Sơn La,admin,,
Thị Trấn Na Sầm,22.056392,106.6151,Vietnam,VN,Lạng Sơn,minor,,
Hương Sơn,21.460142,105.978142,Vietnam,VN,Thái Nguyên,minor,,
Quan Sơn,20.259092,104.945212,Vietnam,VN,Thanh Hóa,minor,,
An Dương,20.863816,106.613301,Vietnam,VN,Hải Phòng,minor,,
Đông Thành,10.892205,106.306136,Vietnam,VN,Long An,minor,,
Gia Bình,21.059381,106.174684,Vietnam,VN,Bắc Ninh,minor,,
Ba Đồn,17.753527,106.423547,Vietnam,VN,Quảng Bình,minor,,
Biên Hòa,10.944689,106.824317,Vietnam,VN,Đồng Nai,admin,,
Hưng Yên,20.646366,106.05112,Vietnam,VN,Hưng Yên,admin,,
Thủ Thừa,10.602317,106.402073,Vietnam,VN,Long An,minor,,
Hồ Xá,17.068362,107.005198,Vietnam,VN,Quảng Trị,minor,,
Thị Trấn Bảo Lạc,22.949239,105.68046,Vietnam,VN,Cao Bằng,minor,,
Kiên Lương,10.286239,104.646159,Vietnam,VN,Kiến Giang,minor,,
Quốc Oai,20.990187,105.640876,Vietnam,VN,Hà Nội,minor,,
Thị Trấn Xuân Hoà,22.902427,106.077366,Vietnam,VN,Cao Bằng,minor,,
Thiên Tồn,20.299047,105.951976,Vietnam,VN,Ninh Bình,minor,,
Liên Hương,11.227614,108.723664,Vietnam,VN,Bình Thuận,minor,,
Hương Trà,16.525395,107.475501,Vietnam,VN,Thừa Thiên-Huế,minor,,
Hòa Mạc,20.641726,105.989001,Vietnam,VN,Hà Nam,minor,,
Tri Tôn,10.420202,105.000733,Vietnam,VN,An Giang,minor,,
Nghi Xuân,18.662059,105.755745,Vietnam,VN,Hà Tĩnh,minor,,
Thứ Mười Một,9.611445,104.946502,Vietnam,VN,Kiến Giang,minor,,
Chợ Mới,10.551234,105.404406,Vietnam,VN,An Giang,minor,,
Chợ Lách,10.260322,106.118918,Vietnam,VN,Bến Tre,minor,,
Bắc Ninh,21.18608,106.076315,Vietnam,VN,Bắc Ninh,admin,,
Kon Dơng,14.038863,108.250113,Vietnam,VN,Gia Lai,minor,,
Tân Phú,11.272209,107.436547,Vietnam,VN,Đồng Nai,minor,,
Quận Mười Một,10.763829,106.643552,Vietnam,VN,Hồ Chí Minh,minor,,
Quận Mười,10.768234,106.666324,Vietnam,VN,Hồ Chí Minh,minor,,
Quận Tân Phú,10.783786,106.63704,Vietnam,VN,Hồ Chí Minh,minor,,
Quận Ba,10.774943,106.68628,Vietnam,VN,Hồ Chí Minh,minor,,
Quận Bình Thạnh,10.803251,106.696665,Vietnam,VN,Hồ Chí Minh,minor,,
Kim Tân,20.130533,105.674535,Vietnam,VN,Thanh Hóa,minor,,
Ngô Đồng,20.282961,106.443473,Vietnam,VN,Nam Định,minor,,
Mù Cang Chải,21.851254,104.08954,Vietnam,VN,Yên Bái,minor,,
Thị Trấn Nguyên Bình,22.649952,105.959845,Vietnam,VN,Cao Bằng,minor,,
Tánh Linh,11.084206,107.68095,Vietnam,VN,Bình Thuận,minor,,
Đắk Mâm,12.457886,107.862461,Vietnam,VN,Đắk Nông,minor,,
Thành Phố Cao Bằng,22.665678,106.257858,Vietnam,VN,Cao Bằng,admin,,
Vĩnh Trụ,20.560195,106.028121,Vietnam,VN,Hà Nam,minor,,
Phước Dân,11.526956,108.929958,Vietnam,VN,Ninh Thuận,minor,,
Tứ Kỳ,20.819141,106.406614,Vietnam,VN,Hải Dương,minor,,
Tân Châu,11.552017,106.172454,Vietnam,VN,Tây Ninh,minor,,
Mường Xén,19.397954,104.152392,Vietnam,VN,Nghệ An,minor,,
Sông Thao,21.421304,105.133744,Vietnam,VN,Phú Thọ,minor,,
Phú Vang,16.439108,107.714376,Vietnam,VN,Thừa Thiên-Huế,minor,,
Hải Lăng,16.693474,107.251245,Vietnam,VN,Quảng Trị,minor,,
Núi Sập,10.264779,105.266758,Vietnam,VN,An Giang,minor,,
Mỏ Cày,10.133124,106.335189,Vietnam,VN,Bến Tre,minor,,
Trâu Quỳ,21.019507,105.936935,Vietnam,VN,Hà Nội,minor,,
Đình Lập,21.54633,107.098125,Vietnam,VN,Lạng Sơn,minor,,
Tam Kỳ,15.573642,108.474026,Vietnam,VN,Quảng Nam,admin,,
Thị Trấn Thuận Châu,21.43858,103.689932,Vietnam,VN,Sơn La,minor,,
Thị Trấn Thông Nông,22.784099,105.983201,Vietnam,VN,Cao Bằng,minor,,
Krông Năng,12.951698,108.34425,Vietnam,VN,Đắk Lắk,minor,,
Thanh Ba,21.498805,105.141038,Vietnam,VN,Phú Thọ,minor,,
Yên Châu,21.045842,104.301006,Vietnam,VN,Sơn La,minor,,
Vinh,18.673365,105.692317,Vietnam,VN,Nghệ An,admin,,
Sơn Tịnh,15.158558,108.795816,Vietnam,VN,Quảng Ngãi,minor,,
Rạch Giá,10.012447,105.080913,Vietnam,VN,Kiến Giang,admin,,
Thanh Sơn,21.198669,105.178921,Vietnam,VN,Phú Thọ,minor,,
Thuận Nam,10.850039,107.87864,Vietnam,VN,Bình Thuận,minor,,
Vĩnh Lộc,20.054385,105.615675,Vietnam,VN,Thanh Hóa,minor,,
Vạn Giã,12.692028,109.220688,Vietnam,VN,Khánh Hòa,minor,,
Bến Lức,10.636399,106.491036,Vietnam,VN,Long An,minor,,
Châu Thành,9.700703,105.902023,Vietnam,VN,Sóc Trăng,minor,,
Nhơn Trạch,10.722936,106.883411,Vietnam,VN,Đồng Nai,minor,,
Thới Lai,10.065217,105.558626,Vietnam,VN,Cần Thơ,minor,,
Buôn Trấp,12.484783,108.02982,Vietnam,VN,Đắk Lắk,minor,,
M’Đrăk,12.74624,108.742805,Vietnam,VN,Đắk Lắk,minor,,
Thanh Khê,16.070599,108.191021,Vietnam,VN,Đà Nẵng,minor,,
Xuân Trường,20.292273,106.332745,Vietnam,VN,Nam Định,minor,,
Cần Giuộc,10.608571,106.671345,Vietnam,VN,Long An,minor,,
Cần Đước,10.509659,106.603078,Vietnam,VN,Long An,minor,,
Krông Klang,16.689058,106.887397,Vietnam,VN,Quảng Trị,minor,,
Sóc Sơn,21.25782,105.848943,Vietnam,VN,Hà Nội,minor,,
Liên Quan,21.057229,105.579191,Vietnam,VN,Hà Nội,minor,,
Phong Thổ,22.544328,103.297765,Vietnam,VN,Lai Châu,minor,,
Bát Xát,22.543109,103.889887,Vietnam,VN,Lào Cai,minor,,
Dĩ An,10.906818,106.769396,Vietnam,VN,Bình Dương,minor,,
Vĩnh Hưng,10.890667,105.78495,Vietnam,VN,Long An,minor,,
Bình Đại,10.189644,106.691494,Vietnam,VN,Bến Tre,minor,,
Vôi,21.355217,106.261502,Vietnam,VN,Bắc Giang,minor,,
Tân Túc,10.695412,106.591281,Vietnam,VN,Hồ Chí Minh,minor,,
Tân Phú,11.451193,106.868112,Vietnam,VN,Bình Phước,minor,,
Cổ Phúc,21.75585,104.827684,Vietnam,VN,Yên Bái,minor,,
Tầm Vu,10.441137,106.467927,Vietnam,VN,Long An,minor,,
Phúc Yên,21.236954,105.704831,Vietnam,VN,Vĩnh Phúc,minor,,
Cổ Lễ,20.32336,106.265838,Vietnam,VN,Nam Định,minor,,
Thị Trấn Trạm Tấu,21.466594,104.379657,Vietnam,VN,Yên Bái,minor,,
Trà My,15.33965,108.220654,Vietnam,VN,Quảng Nam,minor,,
Kim Sơn,19.604094,104.919033,Vietnam,VN,Nghệ An,minor,,
Quán Hàu,17.404379,106.640715,Vietnam,VN,Quảng Bình,minor,,
Cái Đôi Vàm,8.857065,104.811995,Vietnam,VN,Cà Mau,minor,,
Móng Cái,21.524706,107.966195,Vietnam,VN,Quảng Ninh,minor,,
Châu Thành,9.869888,106.349394,Vietnam,VN,Trà Vinh,minor,,
Lâm,20.327734,106.012083,Vietnam,VN,Nam Định,minor,,
Cam Lộ,16.807971,106.994053,Vietnam,VN,Quảng Trị,minor,,
Vạn Hà,19.886588,105.67879,Vietnam,VN,Thanh Hóa,minor,,
Trần Văn Thời,9.077127,104.979143,Vietnam,VN,Cà Mau,minor,,
Hồ,21.06308,106.085704,Vietnam,VN,Bắc Ninh,minor,,
Mỹ Xuyên,9.560062,105.989839,Vietnam,VN,Sóc Trăng,minor,,
Khâm Đức,15.445076,107.793367,Vietnam,VN,Quảng Nam,minor,,
Phúc Thọ,21.103449,105.545511,Vietnam,VN,Hà Nội,minor,,
Thị Trấn Tà Lùng,22.497904,106.566902,Vietnam,VN,Cao Bằng,minor,,
Đắk Hà,14.513453,107.921022,Vietnam,VN,Kon Tum,minor,,
Thị Trấn Mường Khương,22.761406,104.121556,Vietnam,VN,Lào Cai,minor,,
Quế Sơn,15.673556,108.220096,Vietnam,VN,Quảng Nam,minor,,
Trảng Bàng,11.029873,106.357505,Vietnam,VN,Tây Ninh,minor,,
Di Linh,11.581531,108.076415,Vietnam,VN,Lâm Đồng,minor,,
Khánh Hải,11.591048,109.040519,Vietnam,VN,Ninh Thuận,minor,,
Tân Biên,11.544406,106.011608,Vietnam,VN,Tây Ninh,minor,,
Yên Lạc,21.236463,105.572968,Vietnam,VN,Vĩnh Phúc,minor,,
Yến Lạc,22.23693,106.181489,Vietnam,VN,Bắc Kạn,minor,,
Vĩnh Long,10.253692,105.972201,Vietnam,VN,Vĩnh Long,admin,,
Tân Hiệp,10.117091,105.28578,Vietnam,VN,Kiến Giang,minor,,
Tân Hiệp,10.44905,106.343858,Vietnam,VN,Tiền Giang,minor,,
Bến Cầu,11.110506,106.179235,Vietnam,VN,Tây Ninh,minor,,
Thứa,21.019373,106.200443,Vietnam,VN,Bắc Ninh,minor,,
Sốp Cộp,20.938815,103.597126,Vietnam,VN,Sơn La,minor,,
An Nhơn,13.885787,109.108229,Vietnam,VN,Bình Định,minor,,
Yên Thịnh,20.162451,106.006974,Vietnam,VN,Ninh Bình,minor,,
Cam Ranh,11.927318,109.160821,Vietnam,VN,Khánh Hòa,minor,,
Bù Đốp,11.954861,106.800177,Vietnam,VN,Bình Phước,minor,,
Huyện Chiêm Hóa,22.144131,105.272775,Vietnam,VN,Tuyên Quang,minor,,
Duyên Hải,9.63497,106.492367,Vietnam,VN,Trà Vinh,minor,,
Sơn Dương,21.696756,105.399012,Vietnam,VN,Tuyên Quang,minor,,
Sơn Hà,15.041933,108.469734,Vietnam,VN,Quảng Ngãi,minor,,
Tân Sơn,11.775213,108.784797,Vietnam,VN,Ninh Thuận,minor,,
Châu Thành,10.301218,106.357012,Vietnam,VN,Bến Tre,minor,,
Ba Tơ,14.763595,108.732226,Vietnam,VN,Quảng Ngãi,minor,,
Thị Trấn Mường Tè,22.380671,102.820107,Vietnam,VN,Lai Châu,minor,,
Thị Trấn Phước Bửu,10.53472,107.40202,Vietnam,VN,Bà Rịa-Vũng Tàu,minor,,
Chũ,21.373793,106.566489,Vietnam,VN,Bắc Giang,minor,,
Tân Hưng,10.83476,105.661354,Vietnam,VN,Long An,minor,,
Phước An,12.712981,108.301485,Vietnam,VN,Đắk Lắk,minor,,
Thành Phố Hạ Long,20.950452,107.073361,Vietnam,VN,Quảng Ninh,admin,,
Chư Prông,13.756836,107.886237,Vietnam,VN,Gia Lai,minor,,
Vĩnh Châu,9.32439,105.980065,Vietnam,VN,Sóc Trăng,minor,,
Cát Bà,20.727786,107.048186,Vietnam,VN,Hải Phòng,minor,,
Vũ Quang,18.38385,105.505904,Vietnam,VN,Hà Tĩnh,minor,,
Phú Lộc,16.280351,107.858984,Vietnam,VN,Thừa Thiên-Huế,minor,,
Lấp Vò,10.361613,105.51924,Vietnam,VN,Đồng Tháp,minor,,
Đồng Xuân,13.377324,109.108068,Vietnam,VN,Phú Yên,minor,,
Ea Súp,13.066164,107.885463,Vietnam,VN,Đắk Lắk,minor,,
Cô Tô,20.972681,107.765779,Vietnam,VN,Quảng Ninh,minor,,
Thới Bình,9.355842,105.099292,Vietnam,VN,Cà Mau,minor,,
Ma Đa Gui,11.387022,107.535081,Vietnam,VN,Lâm Đồng,minor,,
Ái Tử,16.768857,107.165043,Vietnam,VN,Quảng Trị,minor,,
Phủ Thông,22.273137,105.879434,Vietnam,VN,Bắc Kạn,minor,,
Quỳnh Côi,20.661918,106.327445,Vietnam,VN,Thái Bình,minor,,
Cần Giờ,10.411149,106.954737,Vietnam,VN,Hồ Chí Minh,minor,,
Hát Lót,21.197329,104.105953,Vietnam,VN,Sơn La,minor,,
Năm Căn,8.758988,104.992851,Vietnam,VN,Cà Mau,minor,,
Trà Cú,9.697741,106.258339,Vietnam,VN,Trà Vinh,minor,,
Hưng Hà,20.5904,106.22445,Vietnam,VN,Thái Bình,minor,,
Mường Khến,20.614414,105.279477,Vietnam,VN,Hòa Bình,minor,,
Sơn Trà,16.060681,108.232563,Vietnam,VN,Đà Nẵng,minor,,
Bẩn Yên Nhân,20.936527,106.057105,Vietnam,VN,Hưng Yên,minor,,
Vĩnh Yên,21.308909,105.604894,Vietnam,VN,Vĩnh Phúc,admin,,
Hưng Hóa,21.254873,105.295304,Vietnam,VN,Phú Thọ,minor,,
Võ Xu,11.186906,107.560251,Vietnam,VN,Bình Thuận,minor,,
Vụ Bản,20.464203,105.443476,Vietnam,VN,Hòa Bình,minor,,
Văn Giang,20.94301,105.931194,Vietnam,VN,Hưng Yên,minor,,
Plei Kần,14.704947,107.686201,Vietnam,VN,Kon Tum,minor,,
Chư Sê,13.69153,108.080232,Vietnam,VN,Gia Lai,minor,,
Phú Thái,20.962781,106.509495,Vietnam,VN,Hải Dương,minor,,
An Châu,10.445591,105.386218,Vietnam,VN,An Giang,minor,,
Quảng Xương,19.729475,105.782731,Vietnam,VN,Thanh Hóa,minor,,
Nông Cống,19.624028,105.649412,Vietnam,VN,Thanh Hóa,minor,,
Quế,20.580637,105.872664,Vietnam,VN,Hà Nam,minor,,
Thạch Hà,18.367877,105.861219,Vietnam,VN,Hà Tĩnh,minor,,
Mỹ Tho,10.360045,106.35996,Vietnam,VN,Tiền Giang,admin,,
Mỹ Thọ,10.442667,105.695075,Vietnam,VN,Đồng Tháp,minor,,
Quỳ Hợp,19.325456,105.182509,Vietnam,VN,Nghệ An,minor,,
Bắc Hà,22.539107,104.293053,Vietnam,VN,Lào Cai,minor,,
Vĩnh Thạnh,10.22263,105.398412,Vietnam,VN,Cần Thơ,minor,,
Cờ Đỏ,10.093769,105.429161,Vietnam,VN,Cần Thơ,minor,,
Đức Thọ,18.539568,105.583024,Vietnam,VN,Hà Tĩnh,minor,,
Chùa Hang,21.623845,105.841682,Vietnam,VN,Thái Nguyên,minor,,
Tuy Phước,13.827381,109.166508,Vietnam,VN,Bình Định,minor,,
Khe Tre,16.169097,107.717933,Vietnam,VN,Thừa Thiên-Huế,minor,,
Lai Cách,20.932525,106.247556,Vietnam,VN,Hải Dương,minor,,
Đắk Rve,14.507174,108.247299,Vietnam,VN,Kon Tum,minor,,
Ít Ong,21.517501,104.027013,Vietnam,VN,Sơn La,minor,,
Diên Khánh,12.254904,109.093316,Vietnam,VN,Khánh Hòa,minor,,
Côn Đảo,8.682279,106.607283,Vietnam,VN,Bà Rịa-Vũng Tàu,minor,,
Đồng Hới,17.468848,106.622264,Vietnam,VN,Quảng Bình,admin,,
Thủ Đức,10.848627,106.772089,Vietnam,VN,Hồ Chí Minh,minor,,
Thị Trấn Phước Long,9.437527,105.462166,Vietnam,VN,Bạc Liêu,minor,,
Trần Cao,20.729521,106.179706,Vietnam,VN,Hưng Yên,minor,,
Kông Chro,13.77532,108.525576,Vietnam,VN,Gia Lai,minor,,
Gò Dầu,11.088502,106.263456,Vietnam,VN,Tây Ninh,minor,,
Bảo Lộc,11.54798,107.807722,Vietnam,VN,Lâm Đồng,minor,,
An Lão,20.822936,106.555753,Vietnam,VN,Hải Phòng,minor,,
Cái Răng,10.000898,105.750951,Vietnam,VN,Cần Thơ,minor,,
Vị Thanh,9.784492,105.470123,Vietnam,VN,Hậu Giang,admin,,
Trảng Bom,10.953579,107.005892,Vietnam,VN,Đồng Nai,minor,,
Tiền Hải,20.405567,106.503651,Vietnam,VN,Thái Bình,minor,,
Cẩm Phả,21.010036,107.273451,Vietnam,VN,Quảng Ninh,minor,,
Nghèn,18.45119,105.77969,Vietnam,VN,Hà Tĩnh,minor,,
Quận Sáu,10.746795,106.649032,Vietnam,VN,Hồ Chí Minh,minor,,
Quận Năm,10.755665,106.667451,Vietnam,VN,Hồ Chí Minh,minor,,
Quận Một,10.780687,106.699444,Vietnam,VN,Hồ Chí Minh,minor,,
Quận Phú Nhuận,10.794752,106.676297,Vietnam,VN,Hồ Chí Minh,minor,,
Lai Vung,10.28701,105.661697,Vietnam,VN,Đồng Tháp,minor,,
Phú Ninh,15.554728,108.411423,Vietnam,VN,Quảng Nam,minor,,
Đắk Glei,15.086417,107.735768,Vietnam,VN,Kon Tum,minor,,
Thành Phố Bà Rịa,10.496292,107.168409,Vietnam,VN,Bà Rịa-Vũng Tàu,admin,,
Tây Đằng,21.198087,105.422172,Vietnam,VN,Hà Nội,minor,,
Tây Hồ,21.068947,105.810526,Vietnam,VN,Hà Nội,minor,,
Bình Sơn,15.297763,108.761237,Vietnam,VN,Quảng Ngãi,minor,,
Ia Kha,13.962419,107.844844,Vietnam,VN,Gia Lai,minor,,
Hữu Lũng,21.505597,106.344594,Vietnam,VN,Lạng Sơn,minor,,
Hà Trung,20.012846,105.853223,Vietnam,VN,Thanh Hóa,minor,,
Bo,20.672638,105.536246,Vietnam,VN,Hòa Bình,minor,,
Đại Lộc,15.882144,108.120918,Vietnam,VN,Quảng Nam,minor,,
Một Ngàn,9.924023,105.62964,Vietnam,VN,Hậu Giang,minor,,
Thị Trấn Việt Quang,22.415088,104.806816,Vietnam,VN,Hà Giang,minor,,
Bác Ái,11.841038,108.903158,Vietnam,VN,Ninh Thuận,minor,,
Thị Trấn Thanh Nhật,22.687495,106.670044,Vietnam,VN,Cao Bằng,minor,,
Ngã Bảy,9.813714,105.820956,Vietnam,VN,Hậu Giang,minor,,
Thống Nhất,10.950546,107.14571,Vietnam,VN,Đồng Nai,minor,,
Đồng Xoài,11.534946,106.88324,Vietnam,VN,Bình Phước,admin,,
Kim Bài,20.852649,105.769629,Vietnam,VN,Hà Nội,minor,,
Đồng Mỏ,21.657006,106.578315,Vietnam,VN,Lạng Sơn,minor,,
Sịa,16.574519,107.510663,Vietnam,VN,Thừa Thiên-Huế,minor,,
Thường Xuân,19.902945,105.347233,Vietnam,VN,Thanh Hóa,minor,,
Hiệp Đức,15.58224,108.114223,Vietnam,VN,Quảng Nam,minor,,
Lái Thiêu,10.905117,106.699487,Vietnam,VN,Bình Dương,minor,,
Tam Đường,22.318124,103.626189,Vietnam,VN,Lai Châu,minor,,
Đắk Tô,14.660919,107.838901,Vietnam,VN,Kon Tum,minor,,
Mê Linh,21.183103,105.720411,Vietnam,VN,Hà Nội,minor,,
Nam Đàn,18.697993,105.498807,Vietnam,VN,Nghệ An,minor,,
Yên Mỹ,20.885573,106.035599,Vietnam,VN,Hưng Yên,minor,,
Bắc Yên,21.246264,104.432807,Vietnam,VN,Sơn La,minor,,
Hậu Nghĩa,10.894344,106.396945,Vietnam,VN,Long An,minor,,
Bộc Bố,22.612057,105.667074,Vietnam,VN,Bắc Kạn,minor,,
Thị Trấn Mèo Vạc,23.164107,105.40993,Vietnam,VN,Hà Giang,minor,,
Thị Trấn Thuận Châu,21.43849,103.689996,Vietnam,VN,Sơn La,minor,,
Kế Sách,9.767432,105.98574,Vietnam,VN,Sóc Trăng,minor,,
Vân Canh,13.619451,108.998054,Vietnam,VN,Bình Định,minor,,
Gia Nghĩa,12.00423,107.690735,Vietnam,VN,Đắk Nông,admin,,
Diêm Điền,20.558315,106.568821,Vietnam,VN,Thái Bình,minor,,
Huỳnh Hữu Nghĩa,9.635372,105.811654,Vietnam,VN,Sóc Trăng,minor,,
Hà Đông,20.97136,105.778758,Vietnam,VN,Hà Nội,minor,,
Lim,21.143881,106.020176,Vietnam,VN,Bắc Ninh,minor,,
Hàng Trạm,20.394723,105.622403,Vietnam,VN,Hòa Bình,minor,,
Liên Chiểu,16.072723,108.158147,Vietnam,VN,Đà Nẵng,minor,,
Liễu Đề,20.220945,106.187471,Vietnam,VN,Nam Định,minor,,
K Bang,14.14453,108.599078,Vietnam,VN,Gia Lai,minor,,
Phú Quý,10.5166,108.93292,Vietnam,VN,Bình Thuận,minor,,
Bình Gia,21.960937,106.364479,Vietnam,VN,Lạng Sơn,minor,,
Giồng Riềng,9.909745,105.31433,Vietnam,VN,Kiến Giang,minor,,
Nga Sơn,20.007221,105.970442,Vietnam,VN,Thanh Hóa,minor,,
An Biên,9.815325,105.063661,Vietnam,VN,Kiến Giang,minor,,
Yên Cát,19.663267,105.428537,Vietnam,VN,Thanh Hóa,minor,,
Lập Thạch,21.415394,105.460813,Vietnam,VN,Vĩnh Phúc,minor,,
Thành Phố Phủ Lý,20.545314,105.912214,Vietnam,VN,Hà Nam,admin,,
Thanh Thủy,21.175482,105.283882,Vietnam,VN,Phú Thọ,minor,,
Quán Hành,18.779274,105.645965,Vietnam,VN,Nghệ An,minor,,
Chơn Thành,11.428207,106.635361,Vietnam,VN,Bình Phước,minor,,
Chợ Mới,21.883742,105.772813,Vietnam,VN,Bắc Kạn,minor,,
Như Quỳnh,20.981671,105.984864,Vietnam,VN,Hưng Yên,minor,,
Phong Điền,9.997528,105.667298,Vietnam,VN,Cần Thơ,minor,,
Phong Điền,16.583211,107.364379,Vietnam,VN,Thừa Thiên-Huế,minor,,
Quận Bốn,10.766838,106.705742,Vietnam,VN,Hồ Chí Minh,minor,,
Prao,15.924377,107.648141,Vietnam,VN,Quảng Nam,minor,,
Hợp Hòa,21.375251,105.54256,Vietnam,VN,Vĩnh Phúc,minor,,
Thị Trấn Khánh Yên,22.089354,104.251485,Vietnam,VN,Lào Cai,minor,,
Long Phú,9.610249,106.11881,Vietnam,VN,Sóc Trăng,minor,,
Lương Sơn,20.871477,105.525676,Vietnam,VN,Hòa Bình,minor,,
Cao Thượng,21.387069,106.129314,Vietnam,VN,Bắc Giang,minor,,
Cái Dầu,10.574275,105.240052,Vietnam,VN,An Giang,minor,,
Mường Chà,21.761718,103.097826,Vietnam,VN,Điện Biên,minor,,
Thị Trấn Phố Ràng,22.234293,104.476425,Vietnam,VN,Lào Cai,minor,,
Đông Anh,21.139616,105.849263,Vietnam,VN,Hà Nội,minor,,
Kon Tum,14.354515,108.007592,Vietnam,VN,Kon Tum,admin,,
Đà Bắc,20.877145,105.254168,Vietnam,VN,Hòa Bình,minor,,
Thanh Miện,20.787139,106.246233,Vietnam,VN,Hải Dương,minor,,
Phú Xuyên,20.745486,105.913627,Vietnam,VN,Hà Nội,minor,,
Núi Đèo,20.915695,106.674396,Vietnam,VN,Hải Phòng,minor,,
Hưng Nguyên,18.671649,105.628817,Vietnam,VN,Nghệ An,minor,,
Thạnh Phú,9.948266,106.516292,Vietnam,VN,Bến Tre,minor,,
Tiên Phước,15.488195,108.307364,Vietnam,VN,Quảng Nam,minor,,
Thị Trấn Vĩnh Tuy,22.274411,104.890906,Vietnam,VN,Hà Giang,minor,,
Mỹ Lộc,20.441111,106.102378,Vietnam,VN,Nam Định,minor,,
Nho Quan,20.322787,105.751892,Vietnam,VN,Ninh Bình,minor,,
Yên Lập,21.34705,105.057393,Vietnam,VN,Phú Thọ,minor,,
Thị Trấn Gành Hào,9.031832,105.421146,Vietnam,VN,Bạc Liêu,minor,,
An Châu,21.334646,106.849344,Vietnam,VN,Bắc Giang,minor,,
Nhà Bè,10.696718,106.740321,Vietnam,VN,Hồ Chí Minh,minor,,
Cầu Giấy,21.032277,105.800734,Vietnam,VN,Hà Nội,minor,,
Minh Lương,9.902484,105.159502,Vietnam,VN,Kiến Giang,minor,,
Lang Chánh,20.156107,105.242233,Vietnam,VN,Thanh Hóa,minor,,
Mai Châu,20.661455,105.082366,Vietnam,VN,Hòa Bình,minor,,
Lương Bằng,20.740032,106.059984,Vietnam,VN,Hưng Yên,minor,,
Si Ma Cai,22.695096,104.278573,Vietnam,VN,Lào Cai,minor,,
Kiến Giang,17.223275,106.790111,Vietnam,VN,Quảng Bình,minor,,
Tân Châu,10.798321,105.238875,Vietnam,VN,An Giang,minor,,
Thạnh Mỹ,11.761653,108.494732,Vietnam,VN,Lâm Đồng,minor,,
Thị Trấn Phú Mỹ,10.603599,107.053996,Vietnam,VN,Bà Rịa-Vũng Tàu,minor,,
Thị Trấn Tam Sơn,23.067402,104.98926,Vietnam,VN,Hà Giang,minor,,
Vĩnh Bình,10.34498,106.580558,Vietnam,VN,Tiền Giang,minor,,
Mường Ảng,21.519928,103.222945,Vietnam,VN,Điện Biên,minor,,
Sông Cầu,13.455595,109.223478,Vietnam,VN,Phú Yên,minor,,
Đưc Trọng,11.735592,108.373303,Vietnam,VN,Lâm Đồng,minor,,
Bến Sung,19.631414,105.578154,Vietnam,VN,Thanh Hóa,minor,,
Đu,21.738473,105.703883,Vietnam,VN,Thái Nguyên,minor,,
Thị Trấn Ngải Giao,10.647101,107.245766,Vietnam,VN,Bà Rịa-Vũng Tàu,minor,,
Chợ Lầu,11.221584,108.507071,Vietnam,VN,Bình Thuận,minor,,
Ma Lâm,11.072972,108.129973,Vietnam,VN,Bình Thuận,minor,,
Mộc Châu,20.851994,104.621773,Vietnam,VN,Sơn La,minor,,
Thanh Hà,20.898162,106.426124,Vietnam,VN,Hải Dương,minor,,
Quán Lào,19.971534,105.651056,Vietnam,VN,Thanh Hóa,minor,,
Ea Kar,12.808161,108.449006,Vietnam,VN,Đắk Lắk,minor,,
Dầu Tiếng,11.274102,106.358793,Vietnam,VN,Bình Dương,minor,,
Thị Trấn Nước Hai,22.737383,106.152165,Vietnam,VN,Cao Bằng,minor,,
Văn Điển,20.946301,105.844998,Vietnam,VN,Hà Nội,minor,,
Vân Đình,20.735142,105.772357,Vietnam,VN,Hà Nội,minor,,
Thanh Chương,18.778767,105.33356,Vietnam,VN,Nghệ An,minor,,
Tràm Chim,10.670013,105.564687,Vietnam,VN,Đồng Tháp,minor,,
Tân Hòa,10.319057,106.711278,Vietnam,VN,Tiền Giang,minor,,
Cẩm Thủy,20.208661,105.469498,Vietnam,VN,Thanh Hóa,minor,,
Long Hồ,10.192812,106.012294,Vietnam,VN,Vĩnh Long,minor,,
Sa Pa,22.339578,103.845615,Vietnam,VN,Lào Cai,minor,,
Tân Kỳ,19.047558,105.268069,Vietnam,VN,Nghệ An,minor,,
Hạ Hòa,21.563015,105.005118,Vietnam,VN,Phú Thọ,minor,,
Sa Rài,10.870164,105.465832,Vietnam,VN,Đồng Tháp,minor,,
Thị Trấn Đông Khê,22.42939,106.431941,Vietnam,VN,Cao Bằng,minor,,
Thị Trấn Trùng Khánh,22.835136,106.524961,Vietnam,VN,Cao Bằng,minor,,
Hòa Thành,11.28696,106.129357,Vietnam,VN,Tây Ninh,minor,,
Củng Sơn,13.049985,108.978946,Vietnam,VN,Phú Yên,minor,,
Duy Xuyên,15.828983,108.259556,Vietnam,VN,Quảng Nam,minor,,
Hà Lam,15.738707,108.350623,Vietnam,VN,Quảng Nam,minor,,
Thanh Nê,20.388098,106.438336,Vietnam,VN,Thái Bình,minor,,
Thanh Xuân,20.994725,105.799768,Vietnam,VN,Hà Nội,minor,,
Hòa Vang,15.987636,108.138927,Vietnam,VN,Đà Nẵng,minor,,
Hoài Ân,14.363517,108.964763,Vietnam,VN,Bình Định,minor,,
Phú Phong,13.909637,108.919026,Vietnam,VN,Bình Định,minor,,
Thị Trấn Hòa Bình,9.28471,105.629162,Vietnam,VN,Bạc Liêu,minor,,
Long Mỹ,9.681412,105.572262,Vietnam,VN,Hậu Giang,minor,,
Hòn Đất,10.184617,104.929594,Vietnam,VN,Kiến Giang,minor,,
Thị Trấn Vị Xuyên,22.667621,104.981907,Vietnam,VN,Hà Giang,minor,,
Thị Trấn Việt Lâm,22.624859,104.959882,Vietnam,VN,Hà Giang,minor,,
Sơn Thịnh,21.56252,104.594798,Vietnam,VN,Yên Bái,minor,,
Tư Nghĩa,15.084514,108.825996,Vietnam,VN,Quảng Ngãi,minor,,
Phù Yên,21.263308,104.644389,Vietnam,VN,Sơn La,minor,,
Quảng Yên,20.942096,106.802698,Vietnam,VN,Quảng Ninh,minor,,
Con Cuông,19.049958,104.881238,Vietnam,VN,Nghệ An,minor,,
Thọ Xuân,19.931333,105.52179,Vietnam,VN,Thanh Hóa,minor,,
Đồng Nai,11.579808,107.365179,Vietnam,VN,Lâm Đồng,minor,,
Sông Mã,21.050913,103.749872,Vietnam,VN,Sơn La,minor,,
Thường Tín,20.868735,105.861248,Vietnam,VN,Hà Nội,minor,,
Kinh Môn,20.989621,106.555097,Vietnam,VN,Hải Dương,minor,,
Tiểu Cần,9.811663,106.190672,Vietnam,VN,Trà Vinh,minor,,
Quận Bảy,10.711804,106.736426,Vietnam,VN,Hồ Chí Minh,minor,,
Vĩnh An,11.089007,107.03516,Vietnam,VN,Đồng Nai,minor,,
Cao Phong,20.704457,105.32063,Vietnam,VN,Hòa Bình,minor,,
Đắk Mil,12.449568,107.622371,Vietnam,VN,Đắk Nông,minor,,
Cẩm Lệ,16.017714,108.203809,Vietnam,VN,Đà Nẵng,minor,,
Phong Châu,21.406797,105.31228,Vietnam,VN,Phú Thọ,minor,,
Lý Sơn,15.371978,109.118912,Vietnam,VN,Quảng Ngãi,minor,,
Thạnh Hóa,10.657445,106.180812,Vietnam,VN,Long An,minor,,
A Yun Pa,13.400252,108.435035,Vietnam,VN,Gia Lai,minor,,
Hương Canh,21.278823,105.646968,Vietnam,VN,Vĩnh Phúc,minor,,
Đồi Ngô,21.306263,106.386734,Vietnam,VN,Bắc Giang,minor,,
Long Khánh,10.926549,107.247827,Vietnam,VN,Đồng Nai,minor,,
Vĩnh Bảo,20.690762,106.480613,Vietnam,VN,Hải Phòng,minor,,
Sa Đéc,10.290852,105.756347,Vietnam,VN,Đồng Tháp,minor,,
Vương,20.701099,106.117515,Vietnam,VN,Hưng Yên,minor,,
Thị Trấn Sìn Hồ,22.366473,103.234381,Vietnam,VN,Lai Châu,minor,,
Hai Riêng,12.979081,108.897321,Vietnam,VN,Phú Yên,minor,,
Đông Hưng,20.556507,106.355323,Vietnam,VN,Thái Bình,minor,,
Mỹ Phước,10.477114,106.19256,Vietnam,VN,Tiền Giang,minor,,
Thắng,21.355054,105.983437,Vietnam,VN,Bắc Giang,minor,,
Trôi,21.069533,105.706464,Vietnam,VN,Hà Nội,minor,,
Mường Lát,20.529153,104.601385,Vietnam,VN,Thanh Hóa,minor,,
Điện Biên Phủ,21.385371,103.016052,Vietnam,VN,Điện Biên,admin,,
Diễn Châu,18.976519,105.600339,Vietnam,VN,Nghệ An,minor,,
Điện Bàn,15.888532,108.254471,Vietnam,VN,Quảng Nam,minor,,
Ngũ Hành Sơn,16.016178,108.253355,Vietnam,VN,Đà Nẵng,minor,,
Thị Trấn Giá Rai,9.237887,105.455237,Vietnam,VN,Bạc Liêu,minor,,
Hương Khê,18.176688,105.70019,Vietnam,VN,Hà Tĩnh,minor,,
Hoàn Kiếm,21.028573,105.850644,Vietnam,VN,Hà Nội,minor,,
Hai BàTrưng,21.013415,105.847723,Vietnam,VN,Hà Nội,minor,,
U Minh,9.412863,104.973532,Vietnam,VN,Cà Mau,minor,,
Thị Trấn Tủa Chùa,21.857713,103.342596,Vietnam,VN,Điện Biên,minor,,
Thị Trấn Tuần Giáo,21.58992,103.421787,Vietnam,VN,Điện Biên,minor,,
Hoàn Lão,17.584359,106.534247,Vietnam,VN,Quảng Bình,minor,,
Lâm Thao,21.3201,105.291555,Vietnam,VN,Phú Thọ,minor,,
Chi Nê,20.490555,105.778005,Vietnam,VN,Hòa Bình,minor,,
Tân Uyên,11.060853,106.798976,Vietnam,VN,Bình Dương,minor,,
Yên Ninh,20.183962,106.061211,Vietnam,VN,Ninh Bình,minor,,
Cái Tàu Hạ,10.259731,105.870438,Vietnam,VN,Đồng Tháp,minor,,
Kỳ Anh,18.062434,106.298319,Vietnam,VN,Hà Tĩnh,minor,,
Bồng Sơn,14.42907,109.015596,Vietnam,VN,Bình Định,minor,,
Đắk Song,12.255176,107.609239,Vietnam,VN,Đắk Nông,minor,,
Ngọc Hiển,8.657243,105.060207,Vietnam,VN,Cà Mau,minor,,
Thị Trấn Cao Lộc,21.8665,106.768327,Vietnam,VN,Lạng Sơn,minor,,
Núi Thành,15.431942,108.659463,Vietnam,VN,Quảng Nam,minor,,
Kon Plông,14.600636,108.290883,Vietnam,VN,Kon Tum,minor,,
Bình Thủy,10.074312,105.739739,Vietnam,VN,Cần Thơ,minor,,
Đoan Hùng,21.622539,105.184621,Vietnam,VN,Phú Thọ,minor,,
Bình Mỹ,20.491213,106.009549,Vietnam,VN,Hà Nam,minor,,
Ngã Sáu,9.923029,105.805421,Vietnam,VN,Hậu Giang,minor,,
Hà Tiên,10.3831,104.487534,Vietnam,VN,Kiến Giang,minor,,
Hòa Bình,19.263933,104.472318,Vietnam,VN,Nghệ An,minor,,
Ninh Hòa,12.491869,109.124955,Vietnam,VN,Khánh Hòa,minor,,
Ninh Giang,20.730831,106.397892,Vietnam,VN,Hải Dương,minor,,
Phố Châu,18.513347,105.424111,Vietnam,VN,Hà Tĩnh,minor,,
Phú Túc,13.196822,108.690425,Vietnam,VN,Gia Lai,minor,,
Củ Chi,10.973333,106.493247,Vietnam,VN,Hồ Chí Minh,minor,,
Nghĩa Hành,15.045684,108.777244,Vietnam,VN,Quảng Ngãi,minor,,
Quận Hai,10.791558,106.749475,Vietnam,VN,Hồ Chí Minh,minor,,
Cành Nàng,20.348033,105.228811,Vietnam,VN,Thanh Hóa,minor,,
Lộc Thắng,11.628362,107.835081,Vietnam,VN,Lâm Đồng,minor,,
Núi Đối,20.750778,106.668935,Vietnam,VN,Hải Phòng,minor,,
Thị Trấn Tân Yên,22.0655,105.034501,Vietnam,VN,Tuyên Quang,minor,,
Lai Châu,22.396437,103.458239,Vietnam,VN,Lai Châu,admin,,
Vĩnh Thuận,9.508016,105.257467,Vietnam,VN,Kiến Giang,minor,,
Vĩnh Tường,21.216497,105.512494,Vietnam,VN,Vĩnh Phúc,minor,,
Chúc Sơn,20.923745,105.701548,Vietnam,VN,Hà Nội,minor,,
Thị Trấn Phố Lu,22.319177,104.187186,Vietnam,VN,Lào Cai,minor,,
Yên Phú,22.732229,105.371455,Vietnam,VN,Hà Giang,minor,,
Thanh Bình,10.561903,105.484114,Vietnam,VN,Đồng Tháp,minor,,
Hóc Môn,10.889101,106.595326,Vietnam,VN,Hồ Chí Minh,minor,,
Phú Mỹ,10.592364,105.355732,Vietnam,VN,An Giang,minor,,
Quan Hóa,20.384813,105.100237,Vietnam,VN,Thanh Hóa,minor,,
Ân Thi,20.818351,106.091181,Vietnam,VN,Hưng Yên,minor,,
Gôi,20.333352,106.078261,Vietnam,VN,Nam Định,minor,,
Thị Trấn Đồng Văn,23.278408,105.362909,Vietnam,VN,Hà Giang,minor,,
Thị Trấn Vinh Quang,22.740846,104.679562,Vietnam,VN,Hà Giang,minor,,
Yên Bình,22.409891,104.579492,Vietnam,VN,Hà Giang,minor,,
Krông Kmar,12.504501,108.332877,Vietnam,VN,Đắk Lắk,minor,,
Quỳ Châu,19.552057,105.093866,Vietnam,VN,Nghệ An,minor,,
Quy Đạt,17.804592,105.970436,Vietnam,VN,Quảng Bình,minor,,
Tây Trà,15.169483,108.359978,Vietnam,VN,Quảng Ngãi,minor,,
Chợ Rã,22.451119,105.719075,Vietnam,VN,Bắc Kạn,minor,,
Bằng Lũng,22.157767,105.595591,Vietnam,VN,Bắc Kạn,minor,,
Phù Mỹ,14.171821,109.048877,Vietnam,VN,Bình Định,minor,,
Chợ Gạo,10.349835,106.463399,Vietnam,VN,Tiền Giang,minor,,
Than Uyên,21.959073,103.880012,Vietnam,VN,Lai Châu,minor,,
