city,lat,lng,country,iso2,admin,capital,population,population_proper
Sanaa,15.354722,44.206667,Yemen,YE,Amānat al ‘Āşimah,primary,2008000,1835853
Aden,12.779444,45.036667,Yemen,YE,‘Adan,admin,1000000,550602
Al Ḩudaydah,14.797812,42.954516,Yemen,YE,Al Ḩudaydah,admin,780000,475221
Ta‘izz,13.579522,44.020908,Yemen,YE,Ta‘izz,admin,751000,615222
Al Mukallā,14.542481,49.124244,Yemen,YE,Ḩaḑramawt,admin,258132,130029
Ibb,13.940771,44.177343,Yemen,YE,Ibb,admin,234837,234837
Ḩajjah,15.694247,43.605821,Yemen,YE,Ḩajjah,admin,208287,43549
Dhamār,14.542742,44.405145,Yemen,YE,Dhamār,admin,191259,191259
Zabīd,14.1951,43.315181,Yemen,YE,Al Ḩudaydah,minor,152504,52590
Say’ūn,15.943333,48.793333,Yemen,YE,Ḩaḑramawt,minor,68747,68747
Laḩij,13.056667,44.881944,Yemen,YE,Laḩij,admin,66288,23375
Ash Shiḩr,14.760258,49.60537,Yemen,YE,Ḩaḑramawt,minor,54274,54274
Radā‘,14.415097,44.837089,Yemen,YE,Al Bayḑā’,minor,45233,45233
Al Bayḑā’,13.985226,45.572719,Yemen,YE,Al Bayḑā’,admin,37821,37821
‘Ataq,14.537665,46.831868,Yemen,YE,Shabwah,admin,37315,37315
Al Ghayz̧ah,16.207869,52.17605,Yemen,YE,Al Mahrah,admin,27404,20000
Ma’rib,15.460977,45.325301,Yemen,YE,Ma’rib,admin,16794,16794
Ḩadībū,12.65008,54.022336,Yemen,YE,Arkhabīl Suquţrá,admin,11396,8545
Sayḩūt,15.210556,51.245556,Yemen,YE,Al Mahrah,minor,189,189
Bājil,15.058984,43.287311,Yemen,YE,Al Ḩudaydah,minor,,
Burūm,14.363611,48.979722,Yemen,YE,Ḩaḑramawt,minor,,
Ḩaydān,16.77899,43.433716,Yemen,YE,Şa‘dah,minor,,
Kirsh,13.364734,44.490462,Yemen,YE,Laḩij,minor,,
Ḑawrān ad Daydah,14.739266,44.206644,Yemen,YE,Dhamār,minor,,
Bayḩān,14.800669,45.718891,Yemen,YE,Shabwah,minor,,
Ḩarīb,14.931563,45.503556,Yemen,YE,Ma’rib,minor,,
Al Ghayl,16.107736,44.680047,Yemen,YE,Al Jawf,minor,,
Bayt al Faqīh,14.516353,43.324459,Yemen,YE,Al Ḩudaydah,minor,,
Jiblah,13.921618,44.146684,Yemen,YE,Ibb,minor,,
Al Tuḩaytā’,14.18356,43.226369,Yemen,YE,Al Ḩudaydah,minor,,
Bayt as Sayyid,15.504503,44.415007,Yemen,YE,Şan‘ā’,minor,,
Al Ḩarjah,15.488692,44.66573,Yemen,YE,Ma’rib,minor,,
Nişāb,14.507426,46.493493,Yemen,YE,Shabwah,minor,,
Al Manşūrah,12.860191,44.981665,Yemen,YE,‘Adan,minor,,
Al Manşūrīyah,14.685597,43.29922,Yemen,YE,Al Ḩudaydah,minor,,
Ḩūth,16.231137,43.968536,Yemen,YE,‘Amrān,minor,,
Al Ḩuşūn,15.4739,45.366911,Yemen,YE,Ma’rib,minor,,
As Suwaydā,13.786936,45.230404,Yemen,YE,Laḩij,minor,,
Al Misrākh,13.460594,44.020432,Yemen,YE,Ta‘izz,minor,,
Ḩabābah,15.544184,43.875632,Yemen,YE,‘Amrān,minor,,
Madīnat Lab‘ūs,13.866667,45.25,Yemen,YE,Laḩij,minor,,
Al ‘Ayn,13.330048,44.092085,Yemen,YE,Ta‘izz,minor,,
Ḩabūr,16.050972,43.706991,Yemen,YE,‘Amrān,minor,,
Al Qaflah,16.318973,43.767922,Yemen,YE,‘Amrān,minor,,
Ḩabīl ar Raydah,13.644401,44.85097,Yemen,YE,Laḩij,minor,,
Ḩadādah,13.175353,44.274613,Yemen,YE,Laḩij,minor,,
Aş Şalw,13.328872,44.217075,Yemen,YE,Ta‘izz,minor,,
Bi’r Ḩāt,17.321967,52.095659,Yemen,YE,Al Mahrah,minor,,
Al Ḩadīyah,14.526377,43.570449,Yemen,YE,Raymah,minor,,
Mocha,13.318954,43.253171,Yemen,YE,Ta‘izz,minor,,
Sharas,15.712331,43.649252,Yemen,YE,Ḩajjah,minor,,
Al Ḩajab,14.851925,45.529041,Yemen,YE,Shabwah,minor,,
Rajūzah,16.700561,44.414536,Yemen,YE,Al Jawf,minor,,
Al Qanāwiş,15.492852,43.1343,Yemen,YE,Al Ḩudaydah,minor,,
Al Jawl,14.456249,48.280663,Yemen,YE,Ḩaḑramawt,minor,,
Mashra‘ah,13.532353,43.995875,Yemen,YE,Ta‘izz,minor,,
Ash Shuqayrah,13.134524,43.786364,Yemen,YE,Ta‘izz,minor,,
Bayt Marrān,15.693119,44.205302,Yemen,YE,Şan‘ā’,minor,,
Kamarān,15.335097,42.609598,Yemen,YE,Al Ḩudaydah,minor,,
As Sukhnah,14.794076,43.436196,Yemen,YE,Al Ḩudaydah,minor,,
‘Ubāl,14.988081,43.544437,Yemen,YE,Al Ḩudaydah,minor,,
Dhī Nā‘im,14.105737,45.448067,Yemen,YE,Al Bayḑā’,minor,,
Al Wuday‘,13.772103,46.017855,Yemen,YE,Abyan,minor,,
Al Madīd,15.644527,44.47337,Yemen,YE,Şan‘ā’,minor,,
Bidbadah,15.425,44.7,Yemen,YE,Ma’rib,minor,,
Māwiyah,13.582945,44.347678,Yemen,YE,Ta‘izz,minor,,
Al Miftāḩ,15.974314,43.46381,Yemen,YE,Ḩajjah,minor,,
Ad Dīs ash Sharqīyah,14.908404,49.948473,Yemen,YE,Ḩaḑramawt,minor,,
Banī Ḩujjāj,15.416834,43.319296,Yemen,YE,Al Maḩwīt,minor,,
Mabyan,15.737726,43.557007,Yemen,YE,Ḩajjah,minor,,
Yarīm,14.298037,44.377947,Yemen,YE,Ibb,minor,,
Al Munīrah,15.322513,42.930049,Yemen,YE,Al Ḩudaydah,minor,,
Ar Raḑmah,14.219726,44.586569,Yemen,YE,Ibb,minor,,
Zarājah,14.866917,44.378678,Yemen,YE,Dhamār,minor,,
Al Bilād,16.138056,49.291667,Yemen,YE,Ḩaḑramawt,minor,,
Aş Şawma‘ah,14.085054,45.801015,Yemen,YE,Al Bayḑā’,minor,,
Raydah,15.814206,44.040852,Yemen,YE,‘Amrān,minor,,
Kuḩlān ‘Affār,15.733087,43.719024,Yemen,YE,Ḩajjah,minor,,
Ma‘bar,14.793954,44.29354,Yemen,YE,Dhamār,minor,,
Washḩah,16.307744,43.410662,Yemen,YE,Ḩajjah,minor,,
Al Malāḩīţ,16.768476,43.275818,Yemen,YE,Şa‘dah,minor,,
Riḩāb,14.227615,44.188145,Yemen,YE,Ibb,minor,,
Z̧almah al ‘Ulyā,14.102296,44.09404,Yemen,YE,Ibb,minor,,
Şīf,15.313889,48.33,Yemen,YE,Ḩaḑramawt,minor,,
Aslam,16.059609,43.327453,Yemen,YE,Ḩajjah,minor,,
Kushar,16.155233,43.421023,Yemen,YE,Ḩajjah,minor,,
Ad Dann,14.351798,43.85275,Yemen,YE,Dhamār,minor,,
Aḑ Ḑāli‘,13.695723,44.73137,Yemen,YE,Aḑ Ḑāli‘,admin,,
Az̧ Z̧alī‘ah,15.016667,48.016667,Yemen,YE,Ḩaḑramawt,minor,,
As Saddah,14.1221,44.42139,Yemen,YE,Ibb,minor,,
Ar Raḑā‘ī,14.017078,44.392986,Yemen,YE,Ibb,minor,,
Madghil,15.598585,45.040132,Yemen,YE,Ma’rib,minor,,
Al Musaymīr,13.443889,44.615278,Yemen,YE,Laḩij,minor,,
Az Zāhir,16.317325,44.495051,Yemen,YE,Al Jawf,minor,,
Qaryat ad Da‘īs,13.987701,44.274895,Yemen,YE,Ibb,minor,,
Al Jum‘ah,14.737786,43.964886,Yemen,YE,Dhamār,minor,,
Tarīm,16.056944,48.998889,Yemen,YE,Ḩaḑramawt,minor,,
Al ‘Aqabah,14.271788,44.786994,Yemen,YE,Al Bayḑā’,minor,,
Markaz al Marīr,13.981777,43.595469,Yemen,YE,Al Ḩudaydah,minor,,
Al Marāwi‘ah,14.830687,43.153909,Yemen,YE,Al Ḩudaydah,minor,,
Al Jurbah,13.791502,45.15894,Yemen,YE,Laḩij,minor,,
Dār an Naşr,13.558214,44.016345,Yemen,YE,Ta‘izz,minor,,
Ḩays,13.931702,43.483099,Yemen,YE,Al Ḩudaydah,minor,,
Al Ḩazm,16.164056,44.776919,Yemen,YE,Al Jawf,admin,,
‘Usaylān,15.032012,45.828321,Yemen,YE,Shabwah,minor,,
Al ‘Awābil,13.837545,44.864307,Yemen,YE,Aḑ Ḑāli‘,minor,,
Ḩabbān,14.354108,47.076486,Yemen,YE,Shabwah,minor,,
Āl Ma‘ūdah,14.210554,45.387324,Yemen,YE,Al Bayḑā’,minor,,
Şuwayr,16.181796,43.609855,Yemen,YE,‘Amrān,minor,,
Ḩişn Banī Sa‘d,16.272932,44.477278,Yemen,YE,Al Jawf,minor,,
Matwaḩ,15.067596,43.642128,Yemen,YE,Şan‘ā’,minor,,
As Sarīr,13.738301,44.683864,Yemen,YE,Aḑ Ḑāli‘,minor,,
Al Ḩazm,14.689193,45.609617,Yemen,YE,Al Bayḑā’,minor,,
Aţ Ţalḩ,15.155998,47.399026,Yemen,YE,Shabwah,minor,,
Sirār,13.637785,45.313712,Yemen,YE,Abyan,minor,,
Jawl al Majma‘,14.932779,47.027631,Yemen,YE,Shabwah,minor,,
Sūq Sibāḩ,13.814355,45.392295,Yemen,YE,Abyan,minor,,
Raşad,13.712155,45.303182,Yemen,YE,Abyan,minor,,
Al Jarrāḩī,14.132537,43.388453,Yemen,YE,Al Ḩudaydah,minor,,
Ḩammām ‘Alī,14.663713,44.147628,Yemen,YE,Dhamār,minor,,
Shahārat al Ghīs,16.184106,43.702278,Yemen,YE,‘Amrān,minor,,
Thamūd,17.3,49.916667,Yemen,YE,Ḩaḑramawt,minor,,
Al Maḩfid,14.058469,46.913285,Yemen,YE,Abyan,minor,,
Sayyān,15.171766,44.324419,Yemen,YE,Şan‘ā’,minor,,
Sāqayn,16.876998,43.524987,Yemen,YE,Şa‘dah,minor,,
Mūdīyah,13.928405,46.082542,Yemen,YE,Abyan,minor,,
Markaz Mudhaykirah,13.889532,43.968804,Yemen,YE,Ibb,minor,,
Dhaybīn,15.977123,44.129167,Yemen,YE,‘Amrān,minor,,
Ḩammām Damt,14.090307,44.67006,Yemen,YE,Aḑ Ḑāli‘,minor,,
Dhī Jalāl,13.623784,44.70754,Yemen,YE,Aḑ Ḑāli‘,minor,,
Al Qurayshīyah,14.512205,44.853581,Yemen,YE,Al Bayḑā’,minor,,
Suḩayl Shibām,15.914479,48.63864,Yemen,YE,Ḩaḑramawt,minor,,
Mīdī,16.321009,42.812992,Yemen,YE,Ḩajjah,minor,,
Ḑawrān,13.774361,44.441959,Yemen,YE,Aḑ Ḑāli‘,minor,,
Majz,17.069392,43.575069,Yemen,YE,Şa‘dah,minor,,
Jayshān,14.252043,46.179055,Yemen,YE,Abyan,minor,,
Ash Shawātī,16.78314,43.812646,Yemen,YE,Şa‘dah,minor,,
Ḩawf,16.633825,53.033682,Yemen,YE,Al Mahrah,minor,,
Ghayl Bā Wazīr,14.776111,49.366111,Yemen,YE,Ḩaḑramawt,minor,,
Ghaymān,15.272549,44.354,Yemen,YE,Şan‘ā’,minor,,
Aḩwar,13.52019,46.713669,Yemen,YE,Abyan,minor,,
Al Ghaylah,14.595833,45.583333,Yemen,YE,Al Bayḑā’,minor,,
Al Aḩad,14.258333,43.641667,Yemen,YE,Dhamār,minor,,
Al Ḩabīlayn,13.520016,44.850763,Yemen,YE,Laḩij,minor,,
‘Amd,15.3,47.983333,Yemen,YE,Ḩaḑramawt,minor,,
Aţ Ţawīlah,15.493889,43.747778,Yemen,YE,Al Maḩwīt,minor,,
Al ‘Ulayb,15.147471,49.073249,Yemen,YE,Ḩaḑramawt,minor,,
Al Shirūj,14.685258,47.769255,Yemen,YE,Ḩaḑramawt,minor,,
Ar Rawnah,13.756382,43.80286,Yemen,YE,Ta‘izz,minor,,
Khayrān,16.021905,43.378592,Yemen,YE,Ḩajjah,minor,,
Al Māfūd,15.342645,47.252172,Yemen,YE,Shabwah,minor,,
Al Mayfa’ah,14.463922,44.548658,Yemen,YE,Dhamār,minor,,
Yufrus,13.455293,43.947039,Yemen,YE,Ta‘izz,minor,,
Al Mirwāḩ,15.472233,43.42939,Yemen,YE,Al Maḩwīt,minor,,
Sūq Shamar,15.885,43.368056,Yemen,YE,Ḩajjah,minor,,
Az Zāhir,13.966667,45.483333,Yemen,YE,Al Bayḑā’,minor,,
Ash Shaykh ‘Uthmān,12.876777,44.993094,Yemen,YE,‘Adan,minor,,
Al Bāţinah,15.483333,48.433333,Yemen,YE,Ḩaḑramawt,minor,,
Ar Rawḑ,16.061449,44.810124,Yemen,YE,Al Jawf,minor,,
Ḩabīl al Jabr,13.604221,44.985777,Yemen,YE,Laḩij,minor,,
Qishn,15.424089,51.678362,Yemen,YE,Al Mahrah,minor,,
Ruḑūm,14.085099,47.743138,Yemen,YE,Shabwah,minor,,
Al Qurḩ,16.733333,51.483333,Yemen,YE,Al Mahrah,minor,,
Al Khamīs,15.185327,43.511216,Yemen,YE,Al Maḩwīt,minor,,
Shibām,15.50943,43.904451,Yemen,YE,Al Maḩwīt,minor,,
Najd al Jumā‘ī,13.91581,44.324144,Yemen,YE,Ibb,minor,,
Al Khawkhah,13.807097,43.249303,Yemen,YE,Al Ḩudaydah,minor,,
Sūq ar Rubū‘,14.511546,44.015106,Yemen,YE,Dhamār,minor,,
Az Zaydīyah,15.330491,43.006326,Yemen,YE,Al Ḩudaydah,minor,,
Al Madān,16.224134,43.64383,Yemen,YE,‘Amrān,minor,,
Ar Rujum,15.457763,43.632256,Yemen,YE,Al Maḩwīt,minor,,
Dhubāb,12.943051,43.410245,Yemen,YE,Ta‘izz,minor,,
Ḩurayḑah,15.598611,48.182778,Yemen,YE,Ḩaḑramawt,minor,,
Ku‘aydinah,15.821042,43.337196,Yemen,YE,Ḩajjah,minor,,
Al Luḩayyah,15.703088,42.690933,Yemen,YE,Al Ḩudaydah,minor,,
Minwakh,16.800351,48.108536,Yemen,YE,Ḩaḑramawt,minor,,
Asdās,15.766014,45.081511,Yemen,YE,Ma’rib,minor,,
As Sūdah,15.958611,43.780833,Yemen,YE,‘Amrān,minor,,
Al Ḩusayn,13.791988,44.768859,Yemen,YE,Aḑ Ḑāli‘,minor,,
Şanā’,15.4,47.766667,Yemen,YE,Ḩaḑramawt,minor,,
Al Hijrah,17.297881,43.38718,Yemen,YE,Şa‘dah,minor,,
Lawdar,13.882824,45.868586,Yemen,YE,Abyan,minor,,
Al Maşlūb,16.182712,44.626134,Yemen,YE,Al Jawf,minor,,
Mustabā’,16.228161,43.24895,Yemen,YE,Ḩajjah,minor,,
An Naz̧īr,16.909159,43.262261,Yemen,YE,Şa‘dah,minor,,
Maqbanah,13.663939,43.687301,Yemen,YE,Ta‘izz,minor,,
Ash Shaghādirah,15.62,43.520556,Yemen,YE,Ḩajjah,minor,,
Ash Shāhil,15.866558,43.404949,Yemen,YE,Ḩajjah,minor,,
Al ‘Abr,16.133333,47.233333,Yemen,YE,Ḩaḑramawt,minor,,
Mawza‘,13.26831,43.509933,Yemen,YE,Ta‘izz,minor,,
Ar Raydah,15.035,50.479167,Yemen,YE,Ḩaḑramawt,minor,,
Ţawr al Bāḩah,13.181789,44.299655,Yemen,YE,Laḩij,minor,,
Al Makhādir,14.122239,44.197965,Yemen,YE,Ibb,minor,,
Al Matūn,16.230632,44.584758,Yemen,YE,Al Jawf,minor,,
An Najd,14.421521,45.295962,Yemen,YE,Al Bayḑā’,minor,,
Aş Şarārah,15.794486,43.869971,Yemen,YE,‘Amrān,minor,,
An Nāşirah,15.772769,43.809021,Yemen,YE,‘Amrān,minor,,
Al Maghrabah,15.877222,43.666667,Yemen,YE,Ḩajjah,minor,,
Kitāf,17.031654,44.109049,Yemen,YE,Şa‘dah,minor,,
Mayfa‘ah,14.27533,47.584144,Yemen,YE,Shabwah,minor,,
Al Ḩayfah,15.734936,44.237879,Yemen,YE,Şan‘ā’,minor,,
Juban,14.011636,44.8746,Yemen,YE,Aḑ Ḑāli‘,minor,,
Ad Durayhimī,14.637019,43.055048,Yemen,YE,Al Ḩudaydah,minor,,
Aş Şafaqayn,15.379221,43.420456,Yemen,YE,Al Maḩwīt,minor,,
Waḑarah,15.710726,43.48321,Yemen,YE,Ḩajjah,minor,,
Al Mashāf,16.858358,43.197811,Yemen,YE,Şa‘dah,minor,,
Maswarah,14.343993,45.726229,Yemen,YE,Al Bayḑā’,minor,,
Raḩabah al Kawlah,14.895735,44.989185,Yemen,YE,Ma’rib,minor,,
Al Qaţan,15.840556,48.455556,Yemen,YE,Ḩaḑramawt,minor,,
Banī an Nahārī,15.639809,43.556326,Yemen,YE,Ḩajjah,minor,,
Al Maḩjal,16.711686,44.847693,Yemen,YE,Al Jawf,minor,,
Al ‘Amūd,14.721028,45.206763,Yemen,YE,Ma’rib,minor,,
Jiḩānah,15.226282,44.482444,Yemen,YE,Şan‘ā’,minor,,
At Tawāhī,12.784706,44.980203,Yemen,YE,‘Adan,minor,,
‘Amrān,15.659398,43.943852,Yemen,YE,‘Amrān,admin,,
Shiḩan as Suflá,17.769994,52.489253,Yemen,YE,Al Mahrah,minor,,
Zinjibār,13.128712,45.380728,Yemen,YE,Abyan,admin,,
Al Aqţa‘,14.662166,45.35123,Yemen,YE,Ma’rib,minor,,
Al ‘Urr,15.246476,43.888362,Yemen,YE,Şan‘ā’,minor,,
Al Maḩwīt,15.470072,43.544812,Yemen,YE,Al Maḩwīt,admin,,
Bayt ‘Adhāqah,15.615764,43.702278,Yemen,YE,‘Amrān,minor,,
As Sūq al Jadīd,15.82496,44.062044,Yemen,YE,‘Amrān,minor,,
Al Kharāb,16.991294,43.338877,Yemen,YE,Şa‘dah,minor,,
Az Zuhrah,15.72377,42.995821,Yemen,YE,Al Ḩudaydah,minor,,
Al ‘Ashshah,16.256525,43.854763,Yemen,YE,‘Amrān,minor,,
As Salāsil,16.47959,48.83153,Yemen,YE,Ḩaḑramawt,minor,,
Dhī as Sufāl,13.834457,44.114686,Yemen,YE,Ibb,minor,,
Al Ḩarf,16.363946,44.094213,Yemen,YE,‘Amrān,minor,,
Sūq al Khamīs,17.181257,43.28811,Yemen,YE,Şa‘dah,minor,,
‘Abs,16.002948,43.197245,Yemen,YE,Ḩajjah,minor,,
Wa‘lān,15.070206,44.276411,Yemen,YE,Şan‘ā’,minor,,
Ad Dimnah,13.453977,44.181678,Yemen,YE,Ta‘izz,minor,,
Al Jamīmah,16.017868,43.596474,Yemen,YE,Ḩajjah,minor,,
Aş Şalīf,15.307554,42.671066,Yemen,YE,Al Ḩudaydah,minor,,
Riqāb,14.885965,43.464912,Yemen,YE,Al Ḩudaydah,minor,,
Marbāţ,14.205672,46.38811,Yemen,YE,Shabwah,minor,,
Al ‘Anān,16.721885,44.312521,Yemen,YE,Al Jawf,minor,,
Qaryat al Qābil,15.45033,44.127685,Yemen,YE,Amānat al ‘Āşimah,minor,,
Ḩaşwayn,15.590488,52.100765,Yemen,YE,Al Mahrah,minor,,
Kusmah,14.581748,43.636763,Yemen,YE,Raymah,minor,,
Al Milāḩ,13.426111,44.825556,Yemen,YE,Laḩij,minor,,
Milāḩ,14.416172,44.786219,Yemen,YE,Al Bayḑā’,minor,,
Manākhah,15.074217,43.741564,Yemen,YE,Şan‘ā’,minor,,
Matnah,15.253333,44.024722,Yemen,YE,Şan‘ā’,minor,,
Ḩajar al Mushā’ikh,16.133333,47.833333,Yemen,YE,Ḩaḑramawt,minor,,
Ash Sharyah,14.356586,45.022441,Yemen,YE,Al Bayḑā’,minor,,
Bāqim as Sūq,17.397132,43.477426,Yemen,YE,Şa‘dah,minor,,
Sāh,15.577222,48.850556,Yemen,YE,Ḩaḑramawt,minor,,
Judaydah,15.07512,45.299622,Yemen,YE,Ma’rib,minor,,
Al ‘Āqir,14.56816,45.911562,Yemen,YE,Shabwah,minor,,
An Nādirah,14.096276,44.475586,Yemen,YE,Ibb,minor,,
Majzar,15.85,44.775,Yemen,YE,Ma’rib,minor,,
Ja‘ār,13.223003,45.305585,Yemen,YE,Abyan,minor,,
Mafḩaq,15.101619,43.903043,Yemen,YE,Şan‘ā’,minor,,
Zakhim,14.294963,44.685041,Yemen,YE,Al Bayḑā’,minor,,
Ar Rubū‘,13.780236,43.869006,Yemen,YE,Ta‘izz,minor,,
Ḩawrah,13.357509,44.145801,Yemen,YE,Ta‘izz,minor,,
As Sayyānī,13.842658,44.173948,Yemen,YE,Ibb,minor,,
Al Mighlāf,15.287724,43.189099,Yemen,YE,Al Ḩudaydah,minor,,
Qa‘ţabah,13.854933,44.705805,Yemen,YE,Aḑ Ḑāli‘,minor,,
Khamir,15.987919,43.953619,Yemen,YE,‘Amrān,minor,,
Al Khirāb,16.554405,44.290476,Yemen,YE,Al Jawf,minor,,
Mukayrās,13.944275,45.670739,Yemen,YE,Al Bayḑā’,minor,,
Rimāh,17.45532,50.577887,Yemen,YE,Ḩaḑramawt,minor,,
Daḩasuways,15.723889,50.729444,Yemen,YE,Al Mahrah,minor,,
Al Ma‘allā’,12.789867,45.002437,Yemen,YE,‘Adan,minor,,
Al ‘Udayn,13.969184,43.996728,Yemen,YE,Ibb,minor,,
Banī Bakr,13.933333,45.266667,Yemen,YE,Laḩij,minor,,
Z̧abah,14.490517,44.131085,Yemen,YE,Dhamār,minor,,
Al Ḩumaydāt,16.484396,44.429345,Yemen,YE,Al Jawf,minor,,
Ar Ramādī,13.956407,43.784574,Yemen,YE,Ibb,minor,,
Saḩḩab,15.602231,44.024203,Yemen,YE,‘Amrān,minor,,
Ḩayfān,13.317781,44.280114,Yemen,YE,Ta‘izz,minor,,
As Sawādīyah,14.301129,45.22148,Yemen,YE,Al Bayḑā’,minor,,
Al Khāniq,15.502534,44.181576,Yemen,YE,Şan‘ā’,minor,,
Crater,12.7775,45.032778,Yemen,YE,‘Adan,minor,,
Al Ḩashwah,16.906408,44.276222,Yemen,YE,Şa‘dah,minor,,
At Turbah,13.212704,44.124148,Yemen,YE,Ta‘izz,minor,,
Al Nashmah,13.390278,43.968333,Yemen,YE,Ta‘izz,minor,,
Aḑ Ḑil‘,14.671989,43.818275,Yemen,YE,Raymah,minor,,
Al Jabīn,14.704007,43.599043,Yemen,YE,Raymah,admin,,
Sūq Şirwāḩ,15.449328,45.018915,Yemen,YE,Ma’rib,minor,,
Ar Rawḑah,14.46725,47.276379,Yemen,YE,Shabwah,minor,,
Ar Rawḑah,15.432512,44.223991,Yemen,YE,Amānat al ‘Āşimah,minor,,
Banī al ‘Awwām,15.581187,43.587271,Yemen,YE,Ḩajjah,minor,,
Ḩazm al ‘Udayn,14.027433,44.005258,Yemen,YE,Ibb,minor,,
Aş Şa‘īd,14.330111,46.87292,Yemen,YE,Shabwah,minor,,
Ḩaraḑ,16.409654,43.058834,Yemen,YE,Ḩajjah,minor,,
Aḑ Ḑaḩī,15.215175,43.070203,Yemen,YE,Al Ḩudaydah,minor,,
Ash Shaţţ,12.893569,44.035706,Yemen,YE,Laḩij,minor,,
Şa‘dah,16.940208,43.763935,Yemen,YE,Şa‘dah,admin,,
Al Burayqah,12.739444,44.884167,Yemen,YE,‘Adan,minor,,
Al Maḩābishah,15.947582,43.435868,Yemen,YE,Ḩajjah,minor,,
Khawr Maksar,12.812273,45.033371,Yemen,YE,‘Adan,minor,,
Khawrah,14.432012,46.154353,Yemen,YE,Shabwah,minor,,
Maţarah,15.525911,47.633388,Yemen,YE,Shabwah,minor,,
Markaz Bilād aţ Ţa‘ām,14.833611,43.536389,Yemen,YE,Raymah,minor,,
Qalansīyah,12.689578,53.487085,Yemen,YE,Arkhabīl Suquţrá,minor,,
